"","X","IDP1","PupaeSum","NumCriaderos","PupaeIndex","LarvaePresence","NumChildren","NumAdults","InterruptFreq","InterruptDurHrs","TrashCollectPerWk","LargeSolidColl","SewerConn","FumigLWs","AbateLWs","BiolarvLWs","CanopyUse","ProtectMesh","BreedingSites","VolCriadero","OutsideLocation","DirtyWater","WaterVol","XCoord","YCoord","week0","week1","week2"
"1",1,2698,1,1,1,1,1.45,3,0,0,3,1,1,0,0,1,0,1,1,150,1,0,51,-79.87751,-2.18153,2.66786558462406,33.8316910836188,23.0579382716282
"2",6,29938,6,1,6,1,2,8,0,0,3,1,0.85,1,0,0.18,0,0.3,0.19,0,0.94,0.170833333333333,1,-79.90846,-2.21084,36.0940795921754,15.7811808371229,22.8961676939234
"3",7,29588,8,1,8,1,0,3,0,0,3,1,0.84,0.86,0.00999999999999999,0.13,0,0.15,0.0299999999999999,0,1,1,92,-79.90846,-2.21084,36.0940795921754,15.7811808371229,22.8961676939234
"4",8,29935,1,1,1,1,3,4,0,0,3,1,0.794,1,0,0.44,0,0.21,0.11,0,1,1,64,-79.90846,-2.21084,36.0940795921754,15.7811808371229,22.8961676939234
"5",9,29811,2,1,2,1,2,5,0,0,3,1,0.784,1,0,0.42,0,0.18,0.0499999999999999,0,1,0,117,-79.90846,-2.21084,36.0940795921754,15.7811808371229,22.8961676939234
"6",10,29790,27,3,9,1,0,2,0,0,3,1,0.82,1,0,0.2,0,0.24,0.0399999999999999,0,1,1,296,-79.90846,-2.21084,36.0940795921754,15.7811808371229,22.8961676939234
"7",11,29921,1,1,1,1,3,5,0,0,3,1,0.824,1,0,0.39,0,0.22,0.0899999999999999,0,1,0,23,-79.90846,-2.21084,36.0940795921754,15.7811808371229,22.8961676939234
"8",12,30107,25,2,12,1,0,2,0,0,3,1,0.79,1,0,0.19,0,0.21,0.0499999999999999,0,1,0,90,-79.90846,-2.21084,36.0940795921754,15.7811808371229,22.8961676939234
"9",13,29573,2,1,2,0.93,4,2,0,0,3,1,0.874,0.66,0.29,0.46,0,0.32,0.22,0,0.95,0.386666666666667,1,-79.90846,-2.21084,36.0940795921754,15.7811808371229,22.8961676939234
"10",14,29854,24,2,12,1,0,1,0,0,3,1,0.83,1,0,0.17,0,0.22,0.0699999999999999,0,1,1,77,-79.90846,-2.21084,36.0940795921754,15.7811808371229,22.8961676939234
"11",15,29515,16,1,16,1,0,1,0,0,3,1,0.85,0.63,0.21,0.38,0,0.37,0.43,216000,1,0,1,-79.90846,-2.21084,36.0940795921754,15.7811808371229,22.8961676939234
"12",16,9169,9,1,9,1,0,4,1,1,7,1,1,0,0,1,1,0,1,323680,1,0,1,-79.91015,-2.21142,0,0,0
"13",17,29561,5,1,5,1,6,3,0,0,3,1,0.87,0.59,0.11,0.36,0,0.38,0.4,80000,1,0,1,-79.90846,-2.21084,36.0940795921754,15.7811808371229,22.8961676939234
"14",18,29846,7,1,7,1,2,5,0,0,3,1,0.84,1,0,0.18,0,0.31,0.21,0,1,0,1,-79.90846,-2.21084,36.0940795921754,15.7811808371229,22.8961676939234
"15",19,30063,30,1,30,1,3,2,0,0,3,1,0.765,1,0,0.19,0,0.15,0.0399999999999999,0,1,1,116,-79.90846,-2.21084,36.0940795921754,15.7811808371229,22.8961676939234
"16",20,29526,21,1,21,1,0,2,0,0,3,1,0.87,0.64,0.15,0.37,0,0.39,0.41,360000,1,0,1,-79.90846,-2.21084,36.0940795921754,15.7811808371229,22.8961676939234
"17",21,29909,7,1,7,1,0,5,0,0,3,1,0.88,1,0,0.17,0,0.33,0.22,0,1,0,1,-79.90846,-2.21084,36.0940795921754,15.7811808371229,22.8961676939234
"18",22,29826,2,1,2,1,1.55333333333333,4.18,0,-3.49498208151999e-15,3,1,0.884,1,0.23,0.47,0,0.32,0.26,0,1,1,1,-79.90846,-2.21084,36.0940795921754,15.7811808371229,22.8961676939234
"19",23,30016,8,2,4,1,0,5,0,0,3,1,0.81,1,0,0.17,0,0.16,0.0299999999999999,0,1,1,71,-79.90846,-2.21084,36.0940795921754,15.7811808371229,22.8961676939234
"20",24,30092,6,2,3,1,1,3,0,0,3,1,0.79,1,0,0.16,0,0.16,0.0199999999999999,0,1,1,28,-79.90846,-2.21084,36.0940795921754,15.7811808371229,22.8961676939234
"21",25,9403,9,1,9,1,0,2,1,3,7,1,1,0,0,0,1,0,1,3168,1,1,1,-79.91048,-2.20872,0,0,0
"22",26,30049,2,1,2,1,3,5,0,0,3,1,0.804,1,0,0.47,0,0.18,0.0999999999999999,0,1,1,64,-79.90846,-2.21084,36.0940795921754,15.7811808371229,22.8961676939234
"23",28,40803,9,1,9,1,1,5,1,3,3,0,1,0,0,0,1,0,1,180000,0,0,1,-79.92935,-2.08195,0,0,0
"24",29,40814,4,1,4,0,3,2,1,0,3,0,1,1,0,1,1,0,1,288000,1,0,1,-79.92919,-2.08161,0,0,0
"25",34,8074,6,1,6,1,2,5,1,12,2,1,1,1,0,1,1,1,0,198476,1,0,1,-79.93344,-2.08096,0,7.79193418176226,0
"26",36,8267,21,1,21,1,7,8,1,12,3,1,1,0,0,1,1,0,1,518940,1,0,1,-79.93551,-2.08866,0,7.79193418176226,0
"27",37,8173,2,1,2,1,3,3,1,12,3,1,1,0,0,1,1,0,1,52920,0,0,1,-79.9343,-2.08532,0,7.79193418176226,0
"28",38,7988,1,1,1,1,0,2,1,4,0,0.75,1,0,0,1,1,0,0.67,300,0,0,1,-79.9322,-2.08005,0,7.79193418176226,0
"29",39,8188,16,1,16,1,0,4,1,12,3,1,1,0,0,1,1,0,1,11700,0,0,1,-79.9344,-2.08569,0,7.79193418176226,0
"30",40,8100,4,1,4,1,3,6,1,6,3,1,1,1,0,1,1,0,1,163072,1,0,1,-79.93398,-2.0842,0,7.79193418176226,0
"31",41,7921,1,1,1,1,1,3,1,3,3,1,1,1,0,1,1,0,1,165888,0,1,1,-79.93573,-2.08559,0,7.79193418176226,0
"32",42,8345,6,2,3,1,0,4,1,12,3,1,1,0,0,1,1,1,1,221500,1,0,2,-79.93505,-2.08558,0,7.79193418176226,0
"33",43,8395,6,2,3,1,1,5,1,12,3,1,1,0,0,1,1,0,1,161646.5,1,0,2,-79.93531,-2.0851,0.100000001490116,0,7.79193418176226
"34",44,39493,5,1,5,1,0,1,1,3,4,1,1,0,0,0,1,0,1,27000,1,1,1,-79.92806,-2.09757,0,0.983307184566876,6.60744392204487
"35",45,17165,6,1,6,1,0,6,1,3,3,1,1,0,0,0,1,0,1,2400,1,0,1,-79.922298,-2.098565,0.804155279995967,0.839095220678833,13.0468917093075
"36",46,39543,18,1,18,1,0,2,1,2,3,1,1,0,0,0,0,1,1,384000,1,0,1,-79.92494,-2.10018,0,0.983307184566876,6.60744392204487
"37",47,39611,7,1,7,1,1,2,1,3,4,1,1,0,0,1,1,0,1,100920,1,0,1,-79.92559,-2.09996,0,0.983307184566876,6.60744392204487
"38",48,39515,2,1,2,1,0,2,1,3,7,1,1,0,0,0,1,0,1,9000,1,0,1,-79.92879,-2.09953,0,0.983307184566876,6.60744392204487
"39",49,16261,1,1,1,1,2,2,0,1.01,3,0,0.9,0,0,1,0,1,0,1500,1,0,1,-79.92688,-2.09034,0.839095220678833,13.0468917093075,0.108176971595827
"40",51,25743,4,1,4,1,2,3,0,0.459999999999998,3,1,0.32,0,0.37,1,1,1,0.54,0,1,0,65,-79.94424,-2.21871,0,0,0
"41",52,25772,1,1,1,1,0,2,0,0.669999999999999,3,1,0.31,0,0.399,1,1,1,0.595,0,0.928571428571429,0.19,28,-79.94424,-2.21871,0,0,0
"42",53,25572,1,1,1,1,0,4,0,0.579999999999999,3,1,0.24,0,0.319,1,1,0,0.515,0,0.88,0.236666666666667,68,-79.94424,-2.21871,0,0,0
"43",54,25607,7,1,7,1,0,5,0,0.289999999999998,3,1,0.263333333333333,0,0.339,1,0,0,0.39,0,0.92,0.266666666666667,28,-79.94424,-2.21871,0,0,0
"44",55,7300,8,1,8,1,2,3,0,0.0799999999999968,3,1,0,0,0,0,0,0,0,0,1,1,64,-79.94175,-2.21201,35.4747684604822,16.8189946025436,23.8958966388102
"45",56,7323,6,1,6,1,4,4,0,0.0799999999999968,3,1,0,0,0,0,0,0,0,5,1,1,116,-79.94175,-2.21201,35.4747684604822,16.8189946025436,23.8958966388102
"46",57,7318,27,1,27,1,0,3,0,0,3,1,1,0,0,0,0,0,0,0,1,1,1,-79.94175,-2.21201,35.4747684604822,16.8189946025436,23.8958966388102
"47",58,7313,4,1,4,1,3,6,0,0,3,1,0,0,0,0,0,0,0,10,1,1,29,-79.94175,-2.21201,35.4747684604822,16.8189946025436,23.8958966388102
"48",59,7297,4,1,4,1,4,8,0,0,3,1,0,0,0,0,0,0,0,0,1,0,29,-79.94175,-2.21201,35.4747684604822,16.8189946025436,23.8958966388102
"49",61,7316,10,2,5,0,1,3,0,-3.08642000845794e-15,3,1,0,0,0,0,0,0,0,3,1,1,184,-79.94175,-2.21201,35.4747684604822,16.8189946025436,23.8958966388102
"50",62,7299,9,1,9,1,1,8,0,0,3,1,0,0,0,0,0,0,0,2400,1,1,65,-79.94175,-2.21201,35.4747684604822,16.8189946025436,23.8958966388102
"51",63,7298,25,2,12,1,4,2,0,0,3,1,0,0,0,0,0,0,0,600,1,0,150,-79.94175,-2.21201,35.4747684604822,16.8189946025436,23.8958966388102
"52",64,7325,56,2,28,1,1,4,0,0,3,1,0,0,0,0,0,0,0,1801.5,1,1,185,-79.94175,-2.21201,35.4747684604822,16.8189946025436,23.8958966388102
"53",65,7335,6,1,6,1,4,5,0,0,3,1,0,0,0,0,0,0,0,1,1,1,23,-79.94175,-2.21201,35.4747684604822,16.8189946025436,23.8958966388102
"54",66,7342,55,2,28,1,2,4,0,0,3,1,0,0,0,0,0,0,0,250.5,1,1,141,-79.94175,-2.21201,35.4747684604822,16.8189946025436,23.8958966388102
"55",77,36857,1,1,1,1,1,4,0,0,3,1,1,0,0,1,1,0,0,350,1,1,1,-79.91303,-2.21067,0,0.100000001490116,0
"56",78,25444,3,1,3,1,0,4,0,0,3,1,0.83,0,0,1,0,1,0.49,0,1,0,1,-79.92467,-2.20544,0,0,0
"57",86,29940,1,1,1,1,0,4,0,0,3,1,0.874,1,1,0.75,0,0.3025,0.326666666666667,0,1,0,23,-79.90892,-2.21728,38.3446997361959,2.29698351450207,37.3341621902266
"58",87,29955,1,1,1,1,2,4,0,0,3,1,0.864,0.65,1,1,0,0.3425,0.276666666666667,0,1,0,29,-79.90892,-2.21728,38.3446997361959,2.29698351450207,37.3341621902266
"59",88,29800,17,1,17,1,0,5,0,0,3,1,0.79,0,1,0.58,0,0.27,0.246666666666667,0,1,1,104,-79.90892,-2.21728,38.3446997361959,2.29698351450207,37.3341621902266
"60",89,30396,9,2,4,1,0,0,0,0,3,1,0.83,0.43,0.4315,0.54,0,0.3,0.24,0,1,1,128,-79.90892,-2.21728,38.3446997361959,2.29698351450207,37.3341621902266
"61",90,30625,131,4,33,1,4,9,0,0,3,1,0.733333333333333,1,0,0.565,0,0.4,0.461666666666667,192000,1,0,84,-79.90892,-2.21728,38.3446997361959,2.29698351450207,37.3341621902266
"62",91,29819,7,1,7,1,0,4,0,0,3,1,0.8,0,0,0.45,0,0.31,0.206666666666667,0,1,0,92,-79.90892,-2.21728,38.3446997361959,2.29698351450207,37.3341621902266
"63",93,30103,2,1,2,1,0,2,0,0,3,1,0.844,0.46,0,0.6675,0,0.2825,0.326666666666667,0,1,1,18,-79.90892,-2.21728,38.3446997361959,2.29698351450207,37.3341621902266
"64",94,30264,21,3,7,1,3,1,0,0,3,1,0.76,0.48,0,0.5,0,0.24,0.19,0,1,1,120,-79.90892,-2.21728,38.3446997361959,2.29698351450207,37.3341621902266
"65",95,29932,12,1,12,1,0,2,0,0,3,1,0.82,1,1,0.66,0,0.24,0.256666666666667,0,1,0,67,-79.90892,-2.21728,38.3446997361959,2.29698351450207,37.3341621902266
"66",96,30012,2,1,2,1,2,10,0,0,3,1,0.864,0,1,0.76,0,0.2825,0.246666666666667,0,1,0,104,-79.90892,-2.21728,38.3446997361959,2.29698351450207,37.3341621902266
"67",97,30082,7,1,7,1,0,2,0,0,3,1,0.87,0,1,0.6095,0,0.35,0.386666666666667,0,0.98,0.57,1,-79.90892,-2.21728,38.3446997361959,2.29698351450207,37.3341621902266
"68",98,30528,7,1,7,1,1,3,0,0,3,1,0.85,0.37,1,0.6,0,0.26,0.236666666666667,0,1,1,92,-79.90892,-2.21728,38.3446997361959,2.29698351450207,37.3341621902266
"69",99,30569,2,1,2,0,1,5,0,0,3,1,0.844,0.61,1,0.77,0,0.2725,0.276666666666667,0,1,0,29,-79.90892,-2.21728,38.3446997361959,2.29698351450207,37.3341621902266
"70",100,30503,5,1,5,1,0,2,0,0,3,1,0.86,0.43,1,0.68,0,0.26,0.306666666666667,0,1,1,64,-79.90892,-2.21728,38.3446997361959,2.29698351450207,37.3341621902266
"71",101,30181,2,1,2,1,0,3,0,0,3,1,0.864,0.54,1,0.79,0,0.2525,0.286666666666667,0,1,1,64,-79.90892,-2.21728,38.3446997361959,2.29698351450207,37.3341621902266
"72",102,42560,9,1,9,1,1.55333333333333,1,1,6,0,0,0,0,0,0,1,0,1,252000,1,0,1,-79.96851,-2.0963,0.050000000745058,0,0
"73",103,43531,24,1,24,1,0,1,1,2,3,0,1,1,0,1,0.74,1,1,450000,1,0,1,999999,999999,0,0,1.61805299200048
"74",104,42071,1,1,1,1,2,3,1,24,3,0,1,0,0,1,1,0,1,252000,1,0,23,-79.95724,-2.09547,0,0,1.61805299200048
"75",105,42072,4,1,4,1,2,3,1,24,3,0,1,0,0,1,1,0,1,108000,0,0,1,-79.95715,-2.0955,0,0,1.61805299200048
"76",106,42070,1,1,1,1,1,3,1,24,0,0,1,0,0,1,1,0,1,144000,0,0,1,-79.95718,-2.09532,0,0,1.61805299200048
"77",107,37288,7,1,7,1,1,5,1,2,3,1,0,0,0,0,1,0,1,8e+05,1,0,1,-79.95107,-2.118165,39.6577286507866,18.0991417865617,12.8008587692668
"78",108,37233,42,1,42,1,0,5,1,3,3,1,0,0,0,0,1,0,1,100920,1,0,1,-79.95156,-2.11758,39.6577286507866,18.0991417865617,12.8008587692668
"79",109,37293,15,1,15,1,1,7,1,2,3,1,0,0,0,0,1,0,1,67280,0,0,1,-79.951,-2.11776,39.6577286507866,18.0991417865617,12.8008587692668
"80",110,37298,24,2,12,1,2,3,1,2,3,1,0,0,0,0,1,0,1,148016,1,0,2,-79.95096,-2.11791,39.6577286507866,18.0991417865617,12.8008587692668
"81",111,37058,35,2,18,1,1,4,1,2,3,1,0,0,0,0,1,0,1,9000,1,0,2,-79.9522,-2.11906,39.6577286507866,18.0991417865617,12.8008587692668
"82",112,36995,8,1,8,1,0,2,1,3,3,1,0,0,0,0,1,0,1,1500,1,0,1,-79.95249,-2.117515,39.6577286507866,18.0991417865617,12.8008587692668
"83",113,37286,5,1,5,1,0,4,1,12,3,1,0,0,0,0,1,0,1,67280,1,0,1,-79.95111,-2.118355,39.6577286507866,18.0991417865617,12.8008587692668
"84",114,37180,15,1,15,1,7,4,0,0,3,1,0,0,0,0,1,0,1,269120,1,0,1,-79.9519,-2.11889,39.6577286507866,18.0991417865617,12.8008587692668
"85",115,37221,30,2,15,1,1,7,0,0,3,1,0,0,0,0,1,0,1,9375,1,0,2,-79.95175,-2.11711,39.6577286507866,18.0991417865617,12.8008587692668
"86",116,37243,17,1,17,1,2,4,0,0,7,1,0,0,0,0,1,0,1,1125,1,0,1,-79.95146,-2.118815,39.6577286507866,18.0991417865617,12.8008587692668
"87",117,37182,6,1,6,1,1,3,0,0,3,1,0,0,0,0,1,0,1,5e+05,1,0,1,-79.95172,-2.1183,39.6577286507866,18.0991417865617,12.8008587692668
"88",118,37032,16,1,16,1,0,3,1,3,3,1,0,0,0,0,1,0,1,67280,1,0,1,-79.95265,-2.11845,39.6577286507866,18.0991417865617,12.8008587692668
"89",119,37025,24,1,24,1,2,4,1,12,3,1,0,0,0,0,1,0,1,400,1,0,1,-79.95227,-2.11899,39.6577286507866,18.0991417865617,12.8008587692668
"90",120,37229,9,1,9,1,1,2,1,2,3,1,0,0,0,0,1,0,1,67280,1,0,1,-79.95139,-2.117536,39.6577286507866,18.0991417865617,12.8008587692668
"91",121,37021,17,1,17,1,1,7,1,12,3,1,0,0,0,0,1,0,1,269120,1,0,1,-79.9522,-2.118825,39.6577286507866,18.0991417865617,12.8008587692668
"92",122,45904,3,1,3,1,2,4,0,0,3,1,1,0,0,1,1,0,1,151250,1,1,1,-79.95702,-2.10762,0,0,0
"93",123,38793,24,2,12,1,0,5,1,2,4,1,0,0,0,0,1,0,1,151380,1,0,2,-79.95315,-2.1092,0.080538297099149,0,0.938923393640136
"94",124,37335,11,1,11,1,0,3,1,2,3,1,0,0,0,0,1,0,1,125000,1,0,1,-79.95066,-2.1172,40.5392356078982,18.3916150567124,13.1224641646427
"95",126,47429,5,1,5,1,1,6,0,0,4,1,0,1,1,1,1,0,1,151250,1,0,1,-79.9528,-2.10544,0.100000001490116,0,0
"96",127,38813,9,1,9,1,2,2,1,2,4,1,0,0,0,1,1,0,1,100920,1,0,1,-79.95246,-2.11025,0.080538297099149,0,0.938923393640136
"97",128,38750,9,1,9,1,0,3,0,0,4,1,1,0,0,0,1,0,1,108000,1,0,1,-79.95279,-2.11096,0.080538297099149,0,0.938923393640136
"98",129,16710,1,1,1,1,0,2,1,8,4,0,0,0,0,1,1,0,1,97470,1,0,1,-79.88164,-2.25697,1.60000002384185,1.56376810969689,5.9856106604461
"99",130,16631,1,1,1,1,2,2,1,8,4,0,0.46,0,0,1,1,0,1,67280,1,0,1,-79.88164,-2.25697,1.60000002384185,1.56376810969689,5.9856106604461
"100",131,38689,6,1,6,1,0,5,1,12,3,1,1,0,0,0,1,0,1,67280,0,0,1,-79.95322,-2.11083,0.080538297099149,0,0.938923393640136
"101",132,47411,5,1,5,1,1,4,0,0,1,1,1,1,0,1,1,0,1,151250,1,0,1,-79.95319,-2.10521,0.100000001490116,0,0
"102",133,38694,14,1,14,1,1,4,1,2,4,1,0,0,0,0,1,0,1,300,1,1,1,-79.95317,-2.11028,0.080538297099149,0,0.938923393640136
"103",134,41075,7,1,7,1,3,4,1,3,3,0,0,0,0,1,1,0,1,144000,1,0,1,-79.95029,-2.11201,0,0,0
"104",135,38785,4,1,4,1,1,4,1,2,4,1,0,0,0,1,1,0,1,269120,1,0,146,-79.95328,-2.10993,0.080538297099149,0,0.938923393640136
"105",136,41057,6,1,6,1,4,4,1,3,3,0,0,0,0,1,1,1,1,180000,1,0,1,-79.95055,-2.11145,0,0,0
"106",137,38944,6,1,6,1,2,2,0,0,4,1,0,0,0,1,1,0,1,180000,1,0,1,-79.94948,-2.11101,0.080538297099149,0,0.938923393640136
"107",138,38898,7,1,7,1,0,2,1,2,3,1,1,0,0,1,1,0,1,32000,1,0,1,-79.95197,-2.10958,0.080538297099149,0,0.938923393640136
"108",139,38870,17,1,17,1,3,2,1,2,3,1,1,0,0,1,1,0,1,144000,1,0,1,-79.9532,-2.10929,0.080538297099149,0,0.938923393640136
"109",140,41103,6,1,6,1,2,4,1,3,3,0,0,0,0,1,1,0,1,108000,1,0,1,-79.94956,-2.11191,0,0,0
"110",141,38965,16,1,16,1,2,2,1,2,4,1,0,0,0,0,1,0,1,2000,1,1,1,-79.94949,-2.1119,0.080538297099149,0,0.938923393640136
"111",142,38911,4,1,4,1,3,2,1,2,3,1,1,0,0,1,1,0,1,3000,1,1,1,-79.95184,-2.10944,0.080538297099149,0,0.938923393640136
"112",143,38869,2,1,2,1,4,2,1,2,3,1,1,0,0,1,1,0,1,108000,1,0,1,-79.95328,-2.10934,0.080538297099149,0,0.938923393640136
"113",144,47465,4,1,4,1,3,4,0,0,3,1,0,1,0,0,1,0,1,151250,1,0,1,-79.95178,-2.10586,0.100000001490116,0,0
"114",145,38933,8,1,8,1,1,3,0,0,4,1,0,0,0,1,1,0,1,180000,1,0,1,-79.94961,-2.11178,0.080538297099149,0,0.938923393640136
"115",146,40954,2,1,2,1,1,4,1,3,3,0,0,0,0,1,1,0,1,144000,1,0,1,-79.95213,-2.11064,0,0,0
"116",162,3583,7,1,7,1,0,2,0,0,3,1,1,1,0,1,1,1,1,297000,1,0,1,-79.90205,-2.19751,0,0,0.453199970434668
"117",163,3504,5,1,5,1,0,2,0,0,3,1,1,0,0,1,1,0,1,396000,1,0,1,-79.8999,-2.19712,0,0,0.453199970434668
"118",164,3534,2,1,2,1,1,9,0,0,3,1,1,0,0,1,1,0,1,141680,1,0,1,-79.90506,-2.19489,0,0,0.453199970434668
"119",165,3597,12,2,6,1,0,4,0,0,3,1,1,0,0,1,1,0,1,30000,1,0,2,-79.90328,-2.1994,0,0,0.453199970434668
"120",166,3561,2,1,2,1,3,2,0,0,3,1,1,0,0,1,1,0,1,192280,0,0,1,-79.90377,-2.19692,0,0,0.453199970434668
"121",167,26767,4,1,4,0,0,6,0,0.859999999999998,3,1,0.749428571428571,0,0.18,1,0,0.6325,0.39,0,1,0,146,-79.90533,-2.19457,0,0,0.167800990664588
"122",168,26735,10,1,10,0,0,5,0,0.859999999999998,3,1,0.749428571428571,0,0.18,1,0,0.61,0.36,0,1,0,146,-79.90533,-2.19457,0,0,0.167800990664588
"123",327,8676,8,1,8,1,0,4,1,4,3,1,1,1,0,0,0,0,1,24857,1,0,1,-79.88585,-2.12175,0,0,0
"124",328,21611,17,1,17,1,0,2,0,0,2,0,1,0,0,1,0,1,0,24300,1,0,1,-79.91423,-2.12539,0,0.100000001490116,0
"125",329,21873,12,1,12,1,3,7,1,3,3,1,1,1,0,1,1,1,0,110450,1,0,1,-79.91628,-2.12456,0,0.100000001490116,0
"126",330,21757,4,1,4,1,1,4,0,0,3,0,0.95,0,0,1,1,0,0,196625,0,0,1,-79.91529,-2.12547,0,0.100000001490116,0
"127",331,21889,2,2,1,1,2,4,1,12,3,1,1,1,0,1,1,0,1,654,0,1,2,-79.91728,-2.12451,0,0.100000001490116,0
"128",332,21714,37,1,37,1,2,2,1,0,3,0,1,0,0,1,0,0,1,68076,1,1,1,-79.91499,-2.12433,0,0.100000001490116,0
"129",333,21767,51,2,26,1,1,4,0,0,4,1,1,0,0,1,1,0,0,173296,1,0,2,-79.91591,-2.12575,0,0.100000001490116,0
"130",334,21877,17,1,17,1,2,2,1,3,2,1,1,0,0,0,0,1,1,78570,1,0,1,-79.91728,-2.12451,0,0.100000001490116,0
"131",335,23567,24,1,24,1,0,2,0,0,2,1,1,1,0,1,1,1,0,100920,1,0,1,-79.91678,-2.12483,0,0.100000001490116,0
"132",336,21916,1,1,1,0,4,5,1,3,3,1,1,1,0,1,0,1,1,891,1,0,1,-79.91565,-2.12226,0,0.100000001490116,0
"133",337,21881,36,2,18,1,2,4,1,12,3,1,1,1,0,1,1,0,1,617,1,1,2,-79.91728,-2.12451,0,0.100000001490116,0
"134",338,21759,5,1,5,1,0,0,1,0,3,0,1,0,0,1,0,1,0,151.25,0,1,1,-79.91531,-2.12551,0,0.100000001490116,0
"135",339,21835,1,1,1,1,1,5,0,0,3,0,1,1,0,1,1,0.32,0,15000,1,0,1,-79.91578,-2.12282,0,0.100000001490116,0
"136",340,21864,18,1,18,1,2,4,1,12,3,1,1,0,1,1,1,1,1,77658,1,0,1,-79.91674,-2.12358,0,0.100000001490116,0
"137",341,21857,8,1,8,1,1,4,1,8,3,1,1,0,0,1,1,0,0,279212,1,0,1,-79.91667,-2.12516,0,0.100000001490116,0
"138",342,28312,6,1,6,1,4,2,0,0,3,1,0.86,0.16,0,0.79,0,0.463333333333333,0.37,0,1,1,23,-79.91557,-2.11558,0,6.86588308101773,0.32696695181535
"139",343,28324,15,1,15,1,1,4,0,0,3,1,0.86,0.22,1,0.68,0,0.47,0.31,0,1,0,23,-79.91557,-2.11558,0,6.86588308101773,0.32696695181535
"140",344,28732,5,1,5,1,1,4,0,0,3,1,0.9,0,0.26,0.87,0,0.64,0.49,0,1,0,1,-79.91557,-2.11558,0,6.86588308101773,0.32696695181535
"141",345,15835,13,1,13,1,1,3,1,24,7,0,1,0,0,0,0,1,0,448,1,0,1,-79.894279,-2.1770305,0,20.8800182987089,0.198481583444688
"142",346,81,6,1,6,1,6,4,0,0,3,1,0,0,0,0,0,0,1,200,1,0,68,-79.9731,-2.08942,0,2.52500009536743,1.04999995231628
"143",347,94,23,3,8,1,3,3,0,0,3,1,0,0,0,1,0,0,1,1133.33333333333,1,1,252,-79.9731,-2.08942,0,2.52500009536743,1.04999995231628
"144",349,130,10,2,5,1,1,2,0,0,3,0,0,0,0,0,0,0,0,1200,1,0,25,-79.9731,-2.08942,0,2.52500009536743,1.04999995231628
"145",350,58,11,1,11,1,1,5,0,0,3,1,0,0,0,0,0,0,0,0,1,0,68,-79.9731,-2.08942,0,2.52500009536743,1.04999995231628
"146",351,63,7,1,7,1,4,1,0,0,3,1,0,0,0,1,0,0,1,200,1,0,68,-79.9731,-2.08942,0,2.52500009536743,1.04999995231628
"147",352,66,2,1,2,1,0,2,0,0,3,1,0,0,0,1,0,0,1,0,1,0,146,-79.9731,-2.08942,0,2.52500009536743,1.04999995231628
"148",353,54,1,1,1,1,4,2,0,0,3,1,0,0,0,1,0,0,1,1800,1,0,28,-79.9731,-2.08942,0,2.52500009536743,1.04999995231628
"149",354,80,1,1,1,1,1,2,0,0,3,1,0,0,0,1,0,0,1,3000,1,1,92,-79.9731,-2.08942,0,2.52500009536743,1.04999995231628
"150",355,182,1,1,1,1,3,2,0,0.0999999999999988,3,0,0,0,0,1,0,0,1,3000,1,0,1,-79.9731,-2.08942,0,2.52500009536743,1.04999995231628
"151",356,195,1,1,1,1,3,2,0,0,3,1,1,0,0,1,0,0,1,1200,1,0,24,-79.9731,-2.08942,0,2.52500009536743,1.04999995231628
"152",357,116,10,1,10,1,2.79070346320346,2,0,0,3,1,0,0,0,1,0,0,1,200,1,1,68,-79.9731,-2.08942,0,2.52500009536743,1.04999995231628
"153",358,91,2,1,2,1,1,1,1,0,3,1,0,0,0,1,0,0,1,200,1,0,68,-79.9731,-2.08942,0,2.52500009536743,1.04999995231628
"154",359,93,2,1,2,1,5,7,0,0,3,1,0,0,0,1,0,0,1,1800,0,0,28,-79.9731,-2.08942,0,2.52500009536743,1.04999995231628
"155",360,134,5,1,5,0,4,2,0,0,3,1,0,0,0,1,0,0,1,1,1,1,1,-79.9731,-2.08942,0,2.52500009536743,1.04999995231628
"156",361,135,2,1,2,1,3,2,0,0,3,1,0,0,0,1,0,0,0,1800,1,0,28,-79.9731,-2.08942,0,2.52500009536743,1.04999995231628
"157",362,143,6,1,6,1,3.1435,3,0,0,3,1,0,1,0,1,0,0,1,200,1,0,68,-79.9731,-2.08942,0,2.52500009536743,1.04999995231628
"158",363,131,23,3,8,1,5,2,0,0,3,1,0,0,0,1,0,0,1,3.33333333333333,1,0,312,-79.9731,-2.08942,0,2.52500009536743,1.04999995231628
"159",364,149,7,1,7,1,2,2,0,0,3,1,0,1,0,1,0,0,1,1200,1,0,24,-79.9731,-2.08942,0,2.52500009536743,1.04999995231628
"160",365,79,18,1,18,1,2,1,0,0,3,1,0,0,0,1,0,0,1,600,1,1,20,-79.9731,-2.08942,0,2.52500009536743,1.04999995231628
"161",366,147,1,1,1,1,2.14190476190476,1,0,0,3,1,0,1,0,1,0,0,1,1200,1,0,24,-79.9731,-2.08942,0,2.52500009536743,1.04999995231628
"162",367,4866,2,1,2,1,3,2,0,0,3,1,0,0,1,1,1,0,0,150,1,0,51,-79.88513,-2.25543,21.4032357865754,0,1.01735645642121
"163",368,36122,90,3,30,1,0,2,1,3,3,1,1,0,0,0,1,0,1,73646.6666666667,1,0,3,-79.88094,-2.25723,7.70869638500125,0,1.49919831025486
"164",369,40229,8,1,8,1,1,5,1,24,3,0,1,1,0,1,1,0,1,7200,1,0,1,-79.88106,-2.2557,0.100000001490116,0,0
"165",370,36397,30,1,30,0.99,0,1,1,3,3,1,1,0,0,1,1,0,1,180000,1,0,1,-79.88189,-2.25356,20.3737097105773,7.70869638500125,0
"166",373,38321,34,1,34,1,0,3,1,4,3,1,1,0,0,0,1,0,1,33640,1,0,1,-79.88956,-2.2496,0.949999988079071,3.32146250339649,36.14939815158
"167",374,4828,1,1,1,1,0,5,0,0,3,1,1,0,1,1,1,0,0,50,1,0,117,-79.88513,-2.25543,21.4032357865754,0,1.01735645642121
"168",375,40456,15,1,15,1,2,2,1,3,3,0,1,1,0,1,1,0,1,500,1,1,1,-79.88369,-2.25251,0.100000001490116,0,0
"169",376,4788,1,1,1,1,0,1,0,0,3,1,0,0,1,1,0,0,0,1,1,0,7,-79.88513,-2.25543,21.4032357865754,0,1.01735645642121
"170",377,36378,13,1,13,1,3,2,1,3,3,1,1,0,0,1,1,0,1,21600,1,0,1,-79.88156,-2.25535,20.3737097105773,7.70869638500125,0
"171",378,36390,24,1,24,1,0,1,1,4,3,1,1,0,0,1,1,0,1,500,1,1,1,-79.88173,-2.25516,20.3737097105773,7.70869638500125,0
"172",379,36123,19,1,19,1,0,2,1,3,3,1,1,0,0,1,1,0,1,3000,1,0,1,-79.88167,-2.25697,7.70869638500125,0,1.49919831025486
"173",380,38276,7,1,7,1,2,5,1,2,7,1,1,0,0,0,0,0,1,24000,1,0,1,-79.8895,-2.25069,0.949999988079071,3.32146250339649,36.14939815158
"174",381,38286,15,2,8,1,0,2,1,2,7,1,1,0,0,0,0,0,1,5250,1,1,2,-79.8894,-2.25029,0.949999988079071,3.32146250339649,36.14939815158
"175",382,35858,1,1,1,1,0,4,1,12,4,0,1,0,0,1,1,0,0,10500,1,1,1,-79.88167,-2.25697,1.49919831025486,1.33963907229663,18.6080532901632
"176",383,36105,16,2,8,1,0,6,1,3,3,1,1,0,0,1,1,0,1,41000,1,0,2,-79.88167,-2.25697,7.70869638500125,0,1.49919831025486
"177",384,4696,12,1,12,1,2,2,0,0,3,1,0,0,1,1,1,0,0,15,1,0,50,-79.88513,-2.25543,21.4032357865754,0,1.01735645642121
"178",385,40197,1,1,1,1,0,12,1,24,3,0,1,1,0,1,1,0,1,216000,0,0,1,-79.88126,-2.25722,0.100000001490116,0,0
"179",386,40505,14,1,14,1,1,2,1,3,3,0,1,1,0,1,1,0,1,144000,1,0,1,999999,999999,0.100000001490116,0,0
"180",387,38388,13,1,13,1,0,3,1,2,7,1,1,0,0,0,1,0,1,96000,1,0,1,-79.88992,-2.24883,0.949999988079071,3.32146250339649,36.14939815158
"181",388,36179,3,1,3,1,1,3,1,3,3,1,1,0,0,1,1,1,1,500,1,0,1,-79.88167,-2.25697,7.70869638500125,0,1.49919831025486
"182",389,36183,15,1,15,1,5,6,1,2,3,1,1,0,0,1,1,0,1,300,1,0,1,-79.88167,-2.25697,7.70869638500125,0,1.49919831025486
"183",390,36041,6,1,6,1,0,4,1,12,3,1,1,0,0,1,1,0,1,324900,1,0,1,-79.88167,-2.25697,7.70869638500125,0,1.49919831025486
"184",391,38503,11,1,11,1,0,4,1,4,3,1,1,0,0,0,1,0,1,336400,1,0,1,-79.88902,-2.24754,0.949999988079071,3.32146250339649,36.14939815158
"185",392,41150,1,1,1,1,2,2,1,3,3,0,1,0,0,1,1,0,1,180000,1,0,1,-79.93795,-2.1297,9.21834456471101,0,0
"186",393,4386,10,2,5,1,2,3,0,0,3,1,1,1,0,1,1,0,0,2625,0,1,2,-79.9462,-2.13019,0.349999994039536,0,0.100000001490116
"187",397,39180,40,1,40,1,0,4,0,0,3,0,1,0,0,1,1,0,1,216000,1,0,1,-79.90477,-2.25413,0,0.371867176861668,0.050029085886506
"188",398,39170,21,1,21,1,1,4,0,0,3,0,1,0,0,1,1,1,1,400,1,1,1,-79.90531,-2.25434,0,0.371867176861668,0.050029085886506
"189",399,39020,1,1,1,1,4,3,0,0,3,0,1,0,0,1,1,1,1,180000,1,0,1,-79.90388,-2.25532,0,0.371867176861668,0.050029085886506
"190",400,39013,29,1,29,1,0,1,0,0,3,0,1,0,0,1,1,0,1,1000,1,1,146,-79.90369,-2.25517,0,0.371867176861668,0.050029085886506
"191",401,38939,12,1,12,1,0,2,0,0,3,0,1,0,0,1,1,0,1,800,1,1,1,-79.90433,-2.25534,0,0.371867176861668,0.050029085886506
"192",402,39134,18,1,18,1,0,5,0,0,3,0,1,0,0,0,1,0,1,180000,1,0,1,-79.90466,-2.25493,0,0.371867176861668,0.050029085886506
"193",404,38865,18,1,18,1,1,6,0,0,3,0,1,0,0,1,1,0,1,125,1,1,1,-79.90442,-2.25619,0,0.371867176861668,0.050029085886506
"194",405,38620,2,1,2,1,3,7,0,0,3,0,1,0,0,1,1,0,1,50,0,0,1,-79.90417,-2.25735,0,0.371867176861668,0.050029085886506
"195",407,31253,4,2,2,1,3,2,0,0.0799999999999969,3,1,0.9,0,0,0.39,0,0.25,0.35,0,1,0,2,-79.90182,-2.25334,0.901035836111508,13.1627349893752,37.7713347509126
"196",408,45816,19,1,19,1,2,3,0,0,3,1,1,1,1,0,0,0,1,121000,1,0,1,-79.90367,-2.25159,0,0,0.195639428245873
"197",409,31206,1,1,1,1,0,4,0,0.0999999999999963,3,1,0.89,0,0,0.41,0,0.3,0.228,0,1,1,64,-79.90182,-2.25334,0.901035836111508,13.1627349893752,37.7713347509126
"198",411,31342,3,1,3,1,7,5,0,0.0799999999999965,3,1,0.91,0,0,0.29,0,0.23,0.19,0,1,0,13,-79.90182,-2.25334,0.901035836111508,13.1627349893752,37.7713347509126
"199",412,31214,5,1,5,1,0,2,0,0.119999999999997,3,1,0.89,0,0,0.37,0,0.24,0.218,0,1,1,64,-79.90182,-2.25334,0.901035836111508,13.1627349893752,37.7713347509126
"200",413,45114,10,1,10,1,2,3,0,0,3,1,1,0,0,0,1,0,1,800,0,1,1,-79.90524,-2.25234,0,0,0
"201",414,31278,2,1,2,1,1,2,0,0.119999999999996,3,1,0.89,0,0,0.4,0,0.24,0.2,0,1,1,23,-79.90182,-2.25334,0.901035836111508,13.1627349893752,37.7713347509126
"202",415,31061,1,1,1,1,1,4,0,0.0999999999999962,3,1,0.9,0,0,0.36,0,0.27,0.2,0,1,1,116,-79.90182,-2.25334,0.901035836111508,13.1627349893752,37.7713347509126
"203",416,45181,11,1,11,1,0,4,0,0,3,1,1,1,1,0,1,0,1,3000,0,0,1,-79.90754,-2.25344,0,0,0
"204",418,31227,4,1,4,1,2,2,0,0.0999999999999965,3,1,0.88,0,0,0.45,0,0.22,0.16,0,1,0,92,-79.90182,-2.25334,0.901035836111508,13.1627349893752,37.7713347509126
"205",438,47915,5,1,5,1,0,2,0,0,7,1,1,0,0,0,0,1,0,272250,0.916666666666667,1,1,-79.90456,-2.23266,0,0,0.349999994039536
"206",439,47935,17,1,17,1,0,5,0,0,7,1,1,0,1,0,1,1,0,2240,1,1,1,-79.9054,-2.23371,0,0,0.349999994039536
"207",440,47786,13,2,6,1,2,6,0,0,7,1,1,0,0,0,0,1,0,49000,1,0,2,-79.8398,-2.23581,0,0.349999994039536,0
"208",441,47813,1,1,1,1,1,3,0,0,7,1,1,0,0,0,0,1,0,1500,1,0,1,-79.89872,-2.23699,0,0.349999994039536,0
"209",442,1527,6,1,6,1,1.59,4,0,0,3,1,1,0,0,1,0,0,0,2,1,1,1,-79.90971,-2.23138,1.24122917220353,13.5736877726124,1.0561458430369
"210",443,8283,3,1,3,1,3,2,1,3,3,1,1,0,0,1,1,0,1,36608,1,1,1,-79.93777,-2.16048,0.100000001490116,0.101416329068849,11.3128338561704
"211",444,8285,39,1,39,1,3,3,1,3,3,1,1,0,0,1,1,0,1,56000,0,0,1,-79.93777,-2.16048,0.100000001490116,0.101416329068849,11.3128338561704
"212",445,30248,2,1,2,1,2,2,0,0.279999999999997,3,1,0.77,0,1,1,0,0.34,0.35,0,1,0,24,-79.93841,-2.1502,16.8902811673698,39.9146939668991,2.09536212110431
"213",446,30095,2,1,2,1,2,6,0,0.279999999999997,3,1,0.76,1,1,1,0,0.34,0.31,0,1,1,18,-79.93841,-2.1502,16.8902811673698,39.9146939668991,2.09536212110431
"214",447,28723,3,1,3,1,2,4,0,0,1,1,0.7725,0,0.47,1,0,0.5325,0.68,96000,0,0,1,-79.92349,-2.15796,0,0,6.95734092337369
"215",448,28857,19,1,19,0.94,2,3,0,0,1,1,0.7725,0,0.58,1,0,0.64,0.46,0,0.64,0.29,1,-79.92349,-2.15796,0,0,6.95734092337369
"216",449,45919,5,1,5,1,1,4,0,0,4,1,1,0,0,0,1,0,1,1000,1,1,1,-79.91653,-2.15031,4.125,40.1999988555908,17.3249998092651
"217",450,1745,3,1,3,1,2,5,0,0,3,1,1,0,0,1,0,0,0,0,1,1,1,-79.92111,-2.14746,11.8249998092651,1.80000001192092,0
"218",451,46705,5,1,5,1,1,2,0,0,3,1,1,1,1,1,1,0,0,1500,1,1,1,999999,999999,17.3249998092651,7.04999995231628,0
"219",452,46680,1,1,1,1,0,1,0,0,2,1,1,1,1,1,1,1,1,15,1,1,1,-79.9176,-2.15016,17.3249998092651,7.04999995231628,0
"220",453,1715,5,1,5,1,3,3,0,0,3,1,1,1,0,1,0,1,1,0,1,0,85,-79.92111,-2.14746,11.8249998092651,1.80000001192092,0
"221",454,46891,38,2,19,1,0,6,0,0,4,1,1,0,1,1,1,0,1,7900,1,1,2,-79.91929,-2.15069,40.1999988555908,17.3249998092651,7.04999995231628
"222",455,46897,8,2,4,1,0,2,0,0,4,1,1,1,1,1,1,0,1,5250,1,0,2,-79.91915,-2.15074,40.1999988555908,17.3249998092651,7.04999995231628
"223",456,46698,3,2,2,1,0,2,0,0,3,1,1,0,0,0,0,1,1,53000,1,0,2,-79.91718,-2.15058,17.3249998092651,7.04999995231628,0
"224",457,46955,1,1,1,1,1,3,0,0,4,1,1,0,0,0,1,0,1,18000,1,0,1,-79.92998,-2.45005,40.1999988555908,17.3249998092651,7.04999995231628
"225",458,45978,1,1,1,1,3,2,0,0,3,0.64,1,0,1,1,1,0,1,36000,0,1,1,-79.91661,-2.1508,4.125,40.1999988555908,17.3249998092651
"226",471,13727,1,1,1,1,0,1,0,0,3,1,1,0,0,0,0,0,1,12005,1,1,1,-79.91547,-2.08649,0,0,0
"227",472,31279,5,1,5,0.99,0,2,0,0,3,1,0,0,1,0.916333333333333,0,0.265,0.47,0,1,0,105,-79.95578,-2.13239,0,0,1.45000004768371
"228",473,31390,8,2,4,1,5,2,0,0,3,1,0,0,1,0.796333333333333,0,0.25,0.62,0,1,0,2,-79.95578,-2.13239,0,0,1.45000004768371
"229",474,31322,67,2,34,1,2,2,0,0,3,1,0,0,0.83,1,0,0.3,0.54,0,1,0,93,-79.95578,-2.13239,0,0,1.45000004768371
"230",475,31332,1,1,1,1,3,2,0,0,3,1,0,0,0.73,1,0,0.2625,0.52,0,1,0,13,-79.95578,-2.13239,0,0,1.45000004768371
"231",476,31156,6,1,6,1,0,1,0,0,3,1,0,0,0.66,1,0,0.315,0.59,0,1,0,1,-79.95578,-2.13239,0,0,1.45000004768371
"232",477,42848,19,1,19,1,1.36916666666667,5,1,24,0,0,0,0,0,1,1,0,1,180000,1,0,1,-79.94933,-2.13163,0,0,0.050000000745058
"233",478,31163,2,1,2,1,3,4,0,0,3,1,0,0.07,0,0,0,0.2625,0.59,0,1,0,1,-79.95578,-2.13239,0,0,1.45000004768371
"234",479,42871,13,1,13,1,1.46416666666667,2,1,24,0,0,0,0,0,1,1,0,1,252000,1,0,1,-79.95026,-2.13233,0,0,0.050000000745058
"235",480,31210,5,1,5,1,3,4,0,0,3,0,0,0,0.64,0.866333333333333,0,0.29,0.48,0,1,1,102,-79.95578,-2.13239,0,0,1.45000004768371
"236",481,31312,30,1,30,1,0,4,0,0,3,1,0,0,0.68,1,0,0.325,0.46,0,1,0,92,-79.95578,-2.13239,0,0,1.45000004768371
"237",482,30984,10,1,10,0,2,2,0,0,3,1,0,0,0.72,1,0,0.29,0.63,0,0,0,1,-79.95578,-2.13239,0,0,1.45000004768371
"238",483,30925,20,2,10,1,0,3,0,0,3,1,0,0,0.66,1,0,0.265,0.45,0,1,0,25,-79.95578,-2.13239,0,0,1.45000004768371
"239",484,42849,21,1,21,1,1,2,1,24,0,0,0,0,0,1,1,0,1,343,0,0,1,-79.94958,-2.13034,0,0,0.050000000745058
"240",485,42884,13,1,13,0,1,3,1,24,0,0,0,0,0,1,1,0,1,216000,1,0,1,-79.95042,-2.13187,0,0,0.050000000745058
"241",486,31009,7,1,7,1,3,2,0,0,3,1,0,0,0.72,1,0,0.3,0.53,0,1,0.07,64,-79.95578,-2.13239,0,0,1.45000004768371
"242",489,41576,16,1,16,1,1,4,1,2,3,0,1,0,0,1,1,1,0,1125,1,0,1,-79.13525,-2.1352,0,7.73339762408311,0
"243",497,29422,13,2,6,1,0,5,0,0.0799999999999965,2.92,0.99,0.77,0,0,0.12,0,0.19,0.108,0,1,0,135,-79.89714,-2.08552,8.4204299128185,22.8230906300463,50.2173133912283
"244",498,29403,24,1,24,1,3,1,0,0.159999999999997,3,1,0.74,1,0,0.13,0,0.24,0.17,0,1,0,92,-79.89714,-2.08552,8.4204299128185,22.8230906300463,50.2173133912283
"245",499,29410,39,1,39,1,2,5,0,0.109999999999997,2.92,1,0.72,0,0,0.14,0,0.14,0.18,0,1,0,68,-79.89714,-2.08552,8.4204299128185,22.8230906300463,50.2173133912283
"246",500,29413,7,1,7,1,1,2,0,0.0799999999999966,2.93,0.99,0.73,0,0,0.12,0,0.19,0.0999999999999999,0,1,0,95,-79.89714,-2.08552,8.4204299128185,22.8230906300463,50.2173133912283
"247",501,29551,20,1,20,1,3,5,0,-3.60600438398251e-15,3,1,0.75,0.476666666666667,0.19,0.1,0,0.16,0.14,0,1,0,23,-79.89714,-2.08552,8.4204299128185,22.8230906300463,50.2173133912283
"248",502,29510,17,1,17,1,1,5,0,0,3,1,0.77,1,0,0,0,0.21,0.15,0,1,1,23,-79.89714,-2.08552,8.4204299128185,22.8230906300463,50.2173133912283
"249",503,30147,38,1,38,1,0,1,0,0,3,1,0.79,1,0,0,0,0.24,0.198,0,1,1,23,-79.89714,-2.08552,8.4204299128185,22.8230906300463,50.2173133912283
"250",504,29774,38,2,19,1,0,1,0,0,3,1,0.75,0.633809523809524,0,0.13,0,0.23,0.158,0,1,0,220,-79.89714,-2.08552,8.4204299128185,22.8230906300463,50.2173133912283
"251",505,29792,30,1,30,1,1,3,0,0.0699999999999969,3,1,0.75,1,1,0.4,0,0.24,0.16,0,1,0,92,-79.89714,-2.08552,8.4204299128185,22.8230906300463,50.2173133912283
"252",506,29648,6,1,6,1,3,6,0,-3.5704772471945e-15,3,1,0.72,0,0,0.12,0,0.12,0.12,0,1,0,137,-79.89714,-2.08552,8.4204299128185,22.8230906300463,50.2173133912283
"253",507,29425,28,1,28,1,1,4,0,0.0699999999999969,3,1,0.71,1,0,0.17,0,0.26,0.17,0,1,0,83,-79.89714,-2.08552,8.4204299128185,22.8230906300463,50.2173133912283
"254",508,29629,6,1,6,1,3,2,0,-3.45501405263349e-15,3,1,0.8,0.227857142857143,1,0.34,0,0.21,0.13,0,1,0,64,-79.89714,-2.08552,8.4204299128185,22.8230906300463,50.2173133912283
"255",509,29518,6,1,6,1,2,3,0,0,3,1,0.77,0,0,0,0,0,0,0,1,0,23,-79.89714,-2.08552,8.4204299128185,22.8230906300463,50.2173133912283
"256",510,29765,16,1,16,1,3,1,0,-3.43725048423948e-15,3,1,0.8,0,1,0.33,0,0.25,0.17,0,1,0,64,-79.89714,-2.08552,8.4204299128185,22.8230906300463,50.2173133912283
"257",511,29626,5,1,5,1,1,2,0,-2.29594121492482e-15,3,0,0.8,0,1,0.42,0,0.25,0.15,0,0,0,12,-79.89714,-2.08552,8.4204299128185,22.8230906300463,50.2173133912283
"258",512,29621,3,1,3,1,3,5,0,0.0799999999999967,2.9,0.99,0.79,0,0,0.18,0,0.25,0.13,0,1,1,12,-79.89714,-2.08552,8.4204299128185,22.8230906300463,50.2173133912283
"259",513,29414,23,1,23,1,2,4,0,0.0699999999999966,1,0.93,0.7625,0,0.27,0.25,0,0.17,0.17,0,1,0,104,-79.89714,-2.08552,8.4204299128185,22.8230906300463,50.2173133912283
"260",515,30208,34,1,34,1,0,4,0,0,3,0.94,0.81,0,1,1,0,0.29,0.27,0,1,1,92,-79.89714,-2.08552,8.4204299128185,22.8230906300463,50.2173133912283
"261",516,29824,5,1,5,1,3,2,0,0,3,1,0.81,1,1,0.35,0,0.24,0.14,0,1,0,29,-79.89714,-2.08552,8.4204299128185,22.8230906300463,50.2173133912283
"262",517,29769,41,1,41,1,0,5,0,0.0299999999999969,3,1,0.74,1,0,0.18,0,0.25,0.188,0,1,0,68,-79.89714,-2.08552,8.4204299128185,22.8230906300463,50.2173133912283
"263",518,30598,9,1,9,1,3,2,0,-3.5349501104065e-15,3,1,0.83,0,1,0.31,0,0.23,0.12,0,1,1,12,-79.89714,-2.08552,8.4204299128185,22.8230906300463,50.2173133912283
"264",519,29753,81,2,40,1,0,2,0,0.239999999999998,3,1,0.75,1,1,0.4,0,0.23,0.158,0,1,0,254,-79.89714,-2.08552,8.4204299128185,22.8230906300463,50.2173133912283
"265",520,29745,23,1,23,1,3,5,0,0.0599999999999966,3,1,0.71,1,0,0.12,0,0.18,0.15,0,1,0,117,-79.89714,-2.08552,8.4204299128185,22.8230906300463,50.2173133912283
"266",521,29464,19,1,19,1,3,4,0,-3.539391002505e-15,3,0.93,0.85,0,1,0.37,0,0.28,0.17,0,1,0,7,-79.89714,-2.08552,8.4204299128185,22.8230906300463,50.2173133912283
"267",522,29849,12,1,12,0.98,3,2,0,0,3,1,0.78,0,0,0,0,0.2,0.13,0,0.91,0.4775,12,-79.89714,-2.08552,8.4204299128185,22.8230906300463,50.2173133912283
"268",523,30162,2,1,2,0.99,2,3,0,0,3,1,0.83,0,1,1,0,0.29,0.27,0,0,0,67,-79.89714,-2.08552,8.4204299128185,22.8230906300463,50.2173133912283
"269",524,29451,36,2,18,1,2,2,0,0.0799999999999965,3,1,0.75,0,0,0.11,0,0.16,0.15,0,1,1,35,-79.89714,-2.08552,8.4204299128185,22.8230906300463,50.2173133912283
"270",525,29480,42,2,21,1,1,2,0,-3.43725048423948e-15,3,1,0.76,0.31,0,0.08,0,0.19,0.15,0,1,1,35,-79.89714,-2.08552,8.4204299128185,22.8230906300463,50.2173133912283
"271",526,2,4,1,4,1,3,4,0,0,3,1,1,0,0,0,0,0,1,200,1,0,1,-79.95993,-2.10341,1.60000002384185,0.699999988079071,5.73010326115053
"272",527,6,22,2,11,1,0,4,0,0,3,1,1,0,0,1,0,0,1,200,1,0,2,-79.95993,-2.10341,1.60000002384185,0.699999988079071,5.73010326115053
"273",528,13,6,2,3,1,2,4,0,0,3,1,1,0,0,1,0,0,1,175,1,0,52,-79.95993,-2.10341,1.60000002384185,0.699999988079071,5.73010326115053
"274",529,23,54,2,27,1,3,2,0,0,3,1,1,0,0,0,0,0,1,175,1,0,69,-79.95993,-2.10341,1.60000002384185,0.699999988079071,5.73010326115053
"275",530,41,2,1,2,1,0,1,0,0,3,1,1,0,0,1,0,0,1,100,1,0,30,-79.95993,-2.10341,1.60000002384185,0.699999988079071,5.73010326115053
"276",531,48095,4,2,2,1,0,2,0,0,3,1,0,1,1,0,1,0,0,288,1,1,2,-79.95038,-2.10139,0.152180616640319,0,0.25
"277",532,48107,4,2,2,1,2,3,0,0,4,1,0,1,1,0,1,0,1,13375,1,0,2,-79.95106,-2.1163,0.152180616640319,0,0.25
"278",533,48125,14,1,14,1,1,4,0,0,3,1,1,1,0,0,1,1,0,62500,0,0,1,-79.95175,-2.10228,0,0.152180616640319,0
"279",534,48139,2,1,2,1,2,2,0,0,3,1,1,0,1,0,0,0,1,121000,1,0,1,-79.9521,-2.10117,0,0.152180616640319,0
"280",535,27220,3,1,3,1,3,2,0,0,1,1,0.53,0,1,1,0,0.3325,0.73,24000,1,0,1,-79.9532,-2.1011,0,0,1.51989664397478
"281",536,48188,4,1,4,1,5,10,0,0,4,1,1,0,1,0,1,0,0,25000,0,0,1,-79.95288,-2.10158,0,0.152180616640319,0
"282",537,28244,14,1,14,1,1,4,0,0,1,1,0.23,0,0.65,1,0,0.27,0.41,0,1,1,29,-79.9532,-2.1011,0,0,1.51989664397478
"283",538,28004,4,1,4,1,2,4,0,0,1,1,0.28,0,0.72,1,0,0.2925,0.46,0,1,0,68,-79.9532,-2.1011,0,0,1.51989664397478
"284",539,28206,8,1,8,1,3,3,0,0,1,1,0.516666666666667,0,0.636666666666667,1,0,0.31,0.79,96000,0,0,1,-79.9532,-2.1011,0,0,1.51989664397478
"285",540,48175,6,1,6,1,2,8,1,10,4,0,0,0,1,0,1,0,1,2000,0,1,1,-79.95248,-2.10181,0,0.152180616640319,0
"286",562,7122,25,2,12,1,3,2,0,0,3,0,0,0,0,0,0,0,0,5400,1,0,2,-79.92929,-2.0708,26.0500001907348,11.5749998092651,15.625
"287",563,7149,11,1,11,1,0,2,0,0,3,0,0,1,0,0,0,0,0,3600,1,0,1,-79.92929,-2.0708,26.0500001907348,11.5749998092651,15.625
"288",564,7110,7,1,7,1,1,1,0,0,3,0,0,0,0,0,0,0,0,3600,1,1,1,-79.92929,-2.0708,26.0500001907348,11.5749998092651,15.625
"289",565,7266,10,1,10,1,2.09733333333333,2,0,0,3,1,0,0,0,0,0,0,0,700,1,0,130,-79.92929,-2.0708,26.0500001907348,11.5749998092651,15.625
"290",567,7137,11,1,11,1,3,3,0,0,3,0,1,0,1,0,0,0,0,3000,1,0,1,-79.92929,-2.0708,26.0500001907348,11.5749998092651,15.625
"291",568,7238,12,3,4,1,2.28216666666667,4,0,0,3,1,0,0,0,0,0,0,0,2783.33333333333,1,0,156,-79.92929,-2.0708,26.0500001907348,11.5749998092651,15.625
"292",569,7223,7,1,7,1,2.94583333333333,2,0,0,3,1,0,0,0,0,0,0,0,8064000,1,0,146,-79.92929,-2.0708,26.0500001907348,11.5749998092651,15.625
"293",570,7139,6,1,6,1,4,2,0,0,3,0,0,1,0,0,0,0,0,0,0,0,146,-79.92929,-2.0708,26.0500001907348,11.5749998092651,15.625
"294",571,7128,13,1,13,1,0,1,0,0,3,1,1,1,0,0,0,0,0,300,1,1,146,-79.92929,-2.0708,26.0500001907348,11.5749998092651,15.625
"295",572,7155,12,1,12,0,2,3,0,0,3,1,1,0,0,0,0,0,0,0,0,0,146,-79.92929,-2.0708,26.0500001907348,11.5749998092651,15.625
"296",573,7136,3,1,3,1,1.87,3,0,0,3,0,1,0,0,0,0,0,0,300,1,0,14,-79.92929,-2.0708,26.0500001907348,11.5749998092651,15.625
"297",574,7194,67,8,8,1,1,4,0,0,3,0,0,0,0,0,0,0,0,975,1,0,675,-79.92929,-2.0708,26.0500001907348,11.5749998092651,15.625
"298",575,7264,7,1,7,1,2,2,0,0,3,1,0,0,0,0,0,0,0,300,1,0,14,-79.92929,-2.0708,26.0500001907348,11.5749998092651,15.625
"299",576,7094,23,1,23,1,2,2,0,0,3,1,0,0,0,0,0,0,0,2000,1,0,64,-79.92929,-2.0708,26.0500001907348,11.5749998092651,15.625
"300",577,7147,5,2,2,1,2.06452380952381,4,0,0,3,0,0,1,0,0,0,0,0,100,1,0,14,-79.92929,-2.0708,26.0500001907348,11.5749998092651,15.625
"301",578,7246,3,1,3,1,4,4,0,0,3,1,0,0,0,0,0,0,0,600,1,0,146,-79.92929,-2.0708,26.0500001907348,11.5749998092651,15.625
"302",579,7261,14,1,14,1,2,2,0,0,3,1,0,0,0,0,0,0,0,7800,1,0,1,-79.92929,-2.0708,26.0500001907348,11.5749998092651,15.625
"303",581,7172,14,2,7,1,6,9,0,0,3,1,0,0,0,0,0,0,0,350,1,0,130,-79.92929,-2.0708,26.0500001907348,11.5749998092651,15.625
"304",582,7275,64,2,32,1,2.05444444444444,4,0,0,3,1,0,0,0,0,0,0,0,2600,1,0,128,-79.92929,-2.0708,26.0500001907348,11.5749998092651,15.625
"305",583,7097,1,1,1,1,1,2,0,0,3,0,0,0,0,0,0,0,0,6000,1,0,1,-79.92929,-2.0708,26.0500001907348,11.5749998092651,15.625
"306",584,7189,15,1,15,1,1,4,0,0,3,0,0,1,0,1,0,0,0,2000,1,0,64,-79.92929,-2.0708,26.0500001907348,11.5749998092651,15.625
"307",585,7291,28,1,28,1,5,4,0,0,3,1,0,0,0,0,0,0,0,6000,1,1,124,-79.92929,-2.0708,26.0500001907348,11.5749998092651,15.625
"308",587,7087,9,1,9,1,1,7,0,0,3,1,0,1,0,0,0,0,0,0,0,0,146,-79.92929,-2.0708,26.0500001907348,11.5749998092651,15.625
"309",588,7082,36,1,36,1,0,4,0,0,3,0,0,0,1,0,0,0,0,3600,1,0,1,-79.92929,-2.0708,26.0500001907348,11.5749998092651,15.625
"310",589,7158,5,1,5,1,8,12,0,0,3,1,0,0,0,0,0,0,0,500,1,0,118,-79.92929,-2.0708,26.0500001907348,11.5749998092651,15.625
"311",590,7160,13,1,13,1,0,3,0,0,3,1,1,0,0,0,0,0,0,5000,1,0,119,-79.92929,-2.0708,26.0500001907348,11.5749998092651,15.625
"312",591,7050,2,1,2,1,1.7375,5,0,0,3,1,1,0,0,1,0,0,0,0,1,0,96,-79.92929,-2.0708,26.0500001907348,11.5749998092651,15.625
"313",592,4550,7,1,7,1,3,10,0,0,3,1,0,0,1,1,1,0,0,200,1,0,68,-79.93576,-2.20431,2.1365596929419,0,0
"314",593,41456,4,1,4,1,2,3,0,0,3,0,1,0,0,1,1,0,1,125,0,0,1,-79.93022,-2.19625,0.684661373147987,7.66762650944216,0
"315",594,264,5,2,2,1,1.71045238095238,6,0,0,3,1,1,0,0,0,0,0,0,3.5,1,1,93,-79.91406,-2.19817,16.5271577741583,0.296036264482842,1.4366146130431
"316",596,30471,31,2,16,1,1,2,0,4.36,0,1,0.84,0.31,0.25,0.7,0,0.49,0.73,36000,1,0,2,-79.91934,-2.19131,9.06192692289411,0,0.200000002980232
"317",597,30419,26,3,9,1,3,7,0,0,3,1,0.79,0.41,0.42,0.77,0,0.53,0.35,0,0.92,0.556,3,-79.91934,-2.19131,9.06192692289411,0,0.200000002980232
"318",598,30702,2,1,2,1,1,4,0,0,3,1,0.769428571428571,0.45,0.43,0.84,0,0.5925,0.38,0,1,1,104,-79.91934,-2.19131,9.06192692289411,0,0.200000002980232
"319",599,30650,22,1,22,1,0,4,0,0,3,1,0.769428571428571,0.45,0.44,0.9,0,0.53,0.41,0,1,0,30,-79.91934,-2.19131,9.06192692289411,0,0.200000002980232
"320",600,30377,2,1,2,1,3,2,0,0,3,1,0.759428571428571,0.44,0.48,0.89,0,0.6025,0.51,0,1,0,30,-79.91934,-2.19131,9.06192692289411,0,0.200000002980232
"321",601,30415,4,1,4,0,5,2,0,0,3,1,0.759428571428571,0.44,0.45,0.85,0,0.6325,0.52,0,1,0,30,-79.91934,-2.19131,9.06192692289411,0,0.200000002980232
"322",602,30554,9,3,3,1,1,3,0,0,3,1,0.771428571428571,0.45,0.41,0.83,0,0.56,0.43,0,1,0,26,-79.91934,-2.19131,9.06192692289411,0,0.200000002980232
"323",603,30743,26,1,26,1,0,3,0,0,3,1,0.729428571428571,0.42,0.5,0.89,0,0.51,0.42,0,0,0,68,-79.91934,-2.19131,9.06192692289411,0,0.200000002980232
"324",604,30703,82,4,20,1,3,3,0,0,3,1,0.729428571428571,0.445,0.4,0.79,0,0.47,0.36,0,1,1,143,-79.91934,-2.19131,9.06192692289411,0,0.200000002980232
"325",605,30367,16,1,16,1,0,3,0,0,3,1,0.83,0.38,0.46,0.9,0,0.67,0.49,0,1,0,1,-79.91934,-2.19131,9.06192692289411,0,0.200000002980232
"326",606,30303,4,1,4,1,2,6,0,0,3,1,0.82,0.44,0.44,0.78,0,0.6125,0.43,0,1,1,7,-79.91934,-2.19131,9.06192692289411,0,0.200000002980232
"327",607,30243,9,2,4,1,3,4,0,0,3,1,0.8,0.405,0.41,0.83,0,0.58,0.43,0,1,1,13,-79.91934,-2.19131,9.06192692289411,0,0.200000002980232
"328",608,30295,2,1,2,1,4,12,0,0,3,1,0.769428571428571,0.5,0.44,0.85,0,0.5825,0.4,0,1,0,108,-79.91934,-2.19131,9.06192692289411,0,0.200000002980232
"329",609,30502,11,1,11,1,5,11,0,0,3,1,0.729428571428571,0.39,0.41,0.81,0,0.55,0.37,0,1,1,92,-79.91934,-2.19131,9.06192692289411,0,0.200000002980232
"330",610,30173,44,2,22,1,4,2,0,0,3,1,0.729428571428571,0.455,0.41,0.82,0,0.45,0.36,0,1,1,128,-79.91934,-2.19131,9.06192692289411,0,0.200000002980232
"331",611,30298,30,1,30,1,0,2,0,0,3,1,0.769428571428571,0.491666666666667,0.49,0.92,0,0.51,0.43,0,1,1,96,-79.91934,-2.19131,9.06192692289411,0,0.200000002980232
"332",612,30261,10,1,10,1,2,4,0,0,3,1,0.8,0.39,0.44,0.9,0,0.58,0.46,0,1,0,7,-79.91934,-2.19131,9.06192692289411,0,0.200000002980232
"333",613,30783,13,1,13,1,1.037,3.67,0,0,2.91,0.99,0.83,0.395,0.41,0.82,0,0.62,0.48,0,0.91,0.09,1,-79.91934,-2.19131,9.06192692289411,0,0.200000002980232
"334",614,30537,12,3,4,1,1,2,0,0,3,1,0.749428571428571,0.491666666666667,0.37,0.79,0,0.54,0.38,0,1,1,36,-79.91934,-2.19131,9.06192692289411,0,0.200000002980232
"335",615,30547,2,1,2,0.92,0,4,0,0,3,1,0.82,0.37,0.48,0.83,0,0.7025,0.578,0,0.95,0.23,1,-79.91934,-2.19131,9.06192692289411,0,0.200000002980232
"336",616,30812,3,1,3,1,2,3,0,0,3,1,0.779428571428571,0.42,0.42,0.83,0,0.6125,0.4,0,1,1,116,-79.91934,-2.19131,9.06192692289411,0,0.200000002980232
"337",617,2134,2,1,2,1,0,4,0,0,3,1,1,0,0,0,0,0,1,200,1,0,68,-79.91182,-2.12645,20.7028108886981,0.575034102670684,10.7423152365361
"338",618,2008,5,1,5,1,1,3,0,0,3,1,1,0,0,1,0,1,0,250,1,1,1,-79.91182,-2.12645,20.7028108886981,0.575034102670684,10.7423152365361
"339",619,2183,25,1,25,1,2,2,0,0,3,1,1,0,0,1,0,0,1,2,1,1,64,-79.91182,-2.12645,20.7028108886981,0.575034102670684,10.7423152365361
"340",620,2061,1,1,1,1,0,1,0,0,3,1,1,0,0,0,0,0,1,0,1,1,1,-79.91182,-2.12645,20.7028108886981,0.575034102670684,10.7423152365361
"341",622,2096,12,1,12,1,1,3,0,0,3,0,0,0,0,1,0,0,0,4,1,0,104,-79.91182,-2.12645,20.7028108886981,0.575034102670684,10.7423152365361
"342",623,2177,5,1,5,1,0,2,0,0,3,1,1,0,0,1,0,1,1,3,1,0,92,-79.91182,-2.12645,20.7028108886981,0.575034102670684,10.7423152365361
"343",624,2036,12,2,6,1,0,1,0,0,3,1,1,0,0,1,0,0,1,3,1,1,65,-79.91182,-2.12645,20.7028108886981,0.575034102670684,10.7423152365361
"344",625,2024,3,1,3,1,0,4,0,0,3,1,1,0,0,1,0,0,1,2,1,0,64,-79.91182,-2.12645,20.7028108886981,0.575034102670684,10.7423152365361
"345",626,2007,3,1,3,1,0,2,0,0,3,1,1,0,0,1,0,0,1,2,1,1,64,-79.91182,-2.12645,20.7028108886981,0.575034102670684,10.7423152365361
"346",627,47039,11,1,11,1,2,4,1,8,3,1,1,0,0,1,1,1,1,2700,1,1,1,-79.9113,-2.117,0.213390913005411,0.989106345578593,4.21437099487583
"347",628,24947,1,1,1,1,2,5,0,0.119999999999997,3,1,0.9,0,0,1,0,1,0.46,0,1,1,20,-79.91096,-2.11659,3.01619484576651,0.200000002980232,0
"348",629,45678,3,1,3,0,5,7,0,0,4,1,1,0,1,1,1,0,1,75000,1,0,1,-79.91093,-2.11886,41.710346111591,16.6142881508271,6.68081352656136
"349",630,47399,3,1,3,1,1,4,0,0,4,1,1,0,0,0,0,1,1,272250,1,0,1,-79.91151,-2.12007,0.633647172416335,0.213390913005411,0.989106345578593
"350",631,25026,1,1,1,0.91,0,1,0,0.119999999999998,3,1,0.8575,0,0,1,0,1,0.53,0,0.95,0.435,1,-79.91096,-2.11659,3.01619484576651,0.200000002980232,0
"351",632,45040,29,1,29,1,0,2,1,7,4,1,1,0,1,0,1,0,0,675,1,1,1,-79.91103,-2.11617,0.989106345578593,4.21437099487583,41.710346111591
"352",633,24940,15,1,15,0.95,4,4,0,0.119999999999998,3,1,0.86,0,0,1,0,1,0.48,0,1,0,1,-79.91096,-2.11659,3.01619484576651,0.200000002980232,0
"353",634,45783,25,1,25,1,0,5,0,0,4,1,1,0,1,1,1,0,1,45000,1,0,1,-79.908192,-2.11685,0.989106345578593,4.21437099487583,41.710346111591
"354",635,25069,9,2,4,0.91,1,7,0,0.119999999999998,3,1,0.78,0,0,1,0,1,0.4,0,0.92,0.335,117,-79.91096,-2.11659,3.01619484576651,0.200000002980232,0
"355",636,45861,3,1,3,1,2,9,0,0,3,1,1,1,0,1,1,1,1,72000,1,0,1,-79.91067,-2.11679,0.989106345578593,4.21437099487583,41.710346111591
"356",637,45029,1,1,1,1,0,3,1,24,0,0,1,1,1,1,1,0,0,240,1,1,1,-79.91042,-2.11592,0.989106345578593,4.21437099487583,41.710346111591
"357",638,3209,2,1,2,1,1,2,0,0,3,1,1,0,0,1,1,0,1,181202,1,0,1,-79.8764,-2.25464,0,0.194617777077279,0
"358",639,3216,5,1,5,1,1.56061904761905,1,0,0,3,1,1,0,0,1,1,0,1,58560,1,0,1,-79.87502,-2.2549,0,0.194617777077279,0
"359",640,3186,1,1,1,1,1.25595238095238,1,0,0,3,1,1,0,0,1,1,0,1,2160,1,1,1,-79.8753,-2.25325,0,0.194617777077279,0
"360",641,3179,1,1,1,1,1,3,0,0,3,1,0,0,0,1,0,0,1,147490,1,0,1,-79.8753,-2.25325,0,0.194617777077279,0
"361",642,3312,10,1,10,1,5,2,0,0,3,1,1,0,0,1,1,1,1,3500,1,1,1,-79.87052,-2.25582,0,0.194617777077279,0
"362",643,3166,4,1,4,1,1,6,0,0,3,1,1,0,0,1,1,1,1,13500,1,0,1,-79.8776,-2.2536,0,0.194617777077279,0
"363",644,3362,2,1,2,1,8,4,0,0,3,1,1,0,0,1,1,0,1,323204,1,0,1,-79.87215,-2.25498,0,0.194617777077279,0
"364",645,3234,32,1,32,1,4,6,0,0,3,1,1,0,0,1,1,0,1,10800,1,0,1,-79.87451,-2.25599,0,0.194617777077279,0
"365",646,3165,14,2,7,1,6,8,0,0,3,1,1,0,0,1,1,0,1,70938,1,0,2,-79.8775,-2.2535,0,0.194617777077279,0
"366",647,3240,2,1,2,1,1,6,0,0,3,1,1,0,0,1,1,0,1,24882,1,0,1,-79.87359,-2.25567,0,0.194617777077279,0
"367",648,3325,11,2,6,1,6,7,0,0,3,1,1,0,0,1,1,0,1,157440,0,0,2,-79.87103,-2.25486,0,0.194617777077279,0
"368",649,35453,3,1,3,1,1,3,0,0.139999999999997,3,1,1,1,0,0,0,0,0,0,1,1,5,-79.88656,-2.24671,36.1074097469928,8.91748831283121,8.5797966205817
"369",650,35481,1,1,1,0.85,4,2,0,0.0199999999999967,3,1,1,0,0,1,0,0,0,0,1,1,120,-79.88656,-2.24671,36.1074097469928,8.91748831283121,8.5797966205817
"370",651,35509,21,1,21,1,0,4,0,0.0199999999999966,3,1,1,0.603333333333333,0,0,0,0,0,0,1,1,141,-79.88656,-2.24671,36.1074097469928,8.91748831283121,8.5797966205817
"371",652,35353,6,1,6,1,3,5,0,0.0199999999999966,3,1,1,1,0,0,0,0,0,0,1,0,16,-79.88656,-2.24671,36.1074097469928,8.91748831283121,8.5797966205817
"372",653,35516,10,2,5,0,1,6,0,0.0799999999999969,3,1,1,1,1,0,0,0,0,0,1,0,52,-79.88656,-2.24671,36.1074097469928,8.91748831283121,8.5797966205817
"373",654,35304,8,1,8,1,1,2,0,0.0199999999999968,3,1,1,1,0.13,0,0,0,0,0,1,0,18,-79.88656,-2.24671,36.1074097469928,8.91748831283121,8.5797966205817
"374",655,35355,1,1,1,1,3,5,0,0.0199999999999966,3,1,1,1,0,0,0,0,0,0,1,0.56,117,-79.88656,-2.24671,36.1074097469928,8.91748831283121,8.5797966205817
"375",656,35314,1,1,1,1,2,2,0,0.139999999999997,2.94,0.96,0.94,0,0,0,0,0,0,0,1,1,18,-79.88656,-2.24671,36.1074097469928,8.91748831283121,8.5797966205817
"376",657,27905,40,3,13,1,2,6,0,0,3,1,0.49,0.23,0.54,0.8,0,0.47,0.4,0,1,0,3,-79.94164,-2.2319,0,0,0
"377",658,27963,6,1,6,1,4,3,0,0,3,1,0.45,0.03,1,0.87,0,0.47,0.39,0,0.9,0.24,23,-79.94164,-2.2319,0,0,0
"378",659,27609,1,1,1,1,1,4,0,0,3,1,0.53,0,1,0.87,0,0.51,0.45,0,0.86,0.26,1,-79.94164,-2.2319,0,0,0
"379",660,8846,12,1,12,1,0,4,1,24,3,1,1,0,0,1,0,0,1,99405,0,0,1,-79.93333,-2.22308,0,0,0
"380",661,8791,23,1,23,1,2,1,0,6,3,1,0,0,0,1,0,0,1,181656,0,0,1,-79.93314,-2.22913,0,0,0
"381",662,8961,5,1,5,1,2,2,1,12,3,1,1,0,0,0,1,0,1,243670,0,0,1,-79.93425,-2.22782,0,0,0
"382",663,8890,10,1,10,1,2,3,1,24,3,1,1,1,0,1,1,0,1,117740,1,0,1,-79.93365,-2.22814,0,0,0
"383",664,8997,2,1,2,1,2,3,1,8,3,1,1,1,0,0,0,1,1,980,0,0,1,-79.93264,-2.22829,0,0,0
"384",665,9019,9,1,9,1,0,4,1,8,3,1,1,0,0,0,0,0,1,64980,0,0,1,-79.93264,-2.22826,0,0,0
"385",666,9570,30,1,30,1,2,4,1,12,3,1,1,1,0,1,1,0,1,427128,1,1,1,-79.93612,-2.22749,0,0,0
"386",667,9503,10,1,10,1,0,5,1,12,3,1,1,1,0,1,1,0,1,297000,1,0,1,-79.93516,-2.22851,0,0,0
"387",668,9235,1,1,1,1,0,5,1,12,3,1,1,0,0,1,1,0,1,99225,1,0,1,-79.93763,-2.22461,0,0,0
"388",669,9436,2,2,1,1,1,2,1,8,3,1,0,0.3,0,0,0,0,1,50022.5,0,0,2,-79.93468,-2.22916,0,0,0
"389",670,9448,2,1,2,1,1,4,1,24,3,0,1,0,0,1,1,0,0,243670,0,0,146,-79.93256,-2.22713,0,0,0
"390",679,43153,8,1,8,1,2.08833333333333,4,0,0,3,0,1,1,0,0,0,1,0.82,175000,1,0,1,-79.921121,-2.242155,12.7555554707845,0.399999999337726,9.58888880411783
"391",680,43425,1,1,1,1,2.62,3,0,0,2,0,1,0,0,0,1,0,1,84000,1,1,1,-79.92164,-2.245738,7.32777780956692,0.594444440470801,0
"392",681,43430,21,1,21,1,2,5,0,0,3,0,1,1,0,0,1,0,0,4500,0.79,1,1,-79.921811,-2.245566,7.32777780956692,0.594444440470801,0
"393",682,43431,7,1,7,1,1.92,3,0,0,3,0.27,1,1,1,1,1,0,0,168000,0,0,1,-79.92057,-2.245402,7.32777780956692,0.594444440470801,0
"394",683,43013,2,1,2,1,1,2,0,0,3,0,1,0,0,1,0.916666666666667,0,1,196,1,0.68125,1,-79.922039,-2.241767,12.7555554707845,0.399999999337726,9.58888880411783
"395",684,42992,6,1,6,1,2,2,0,0,3,0,1,0,0,0,0,0,1,96000,0,0,1,-79.921958,-2.242274,12.7555554707845,0.399999999337726,9.58888880411783
"396",685,43152,12,1,12,1,4,3,1,24,3,0,1,1,1,1,1,0.19,1,1250,0,1,1,-79.921337,-2.242101,12.7555554707845,0.399999999337726,9.58888880411783
"397",686,43144,18,1,18,1,2,3,0,0,3,0,1,0,0,1,1,0,1,31500,1,0,1,-79.921905,-2.240826,0,12.7555554707845,0.399999999337726
"398",687,43429,4,1,4,1,2.18583333333333,3,0,0,2,0,0,0,0,0,1,0,1,84000,1,1,1,-79.92164,-2.245738,7.32777780956692,0.594444440470801,0
"399",688,43009,30,1,30,1,2.4,3,0,0,3,0,1,1,0,1,1,0,1,600,1,0,1,-79.920258,-2.242462,12.7555554707845,0.399999999337726,9.58888880411783
"400",689,43418,2,1,2,1,1.6675,2,0,0,3,0,0,0,0,0,1,0,1,12000,0,1,1,-79.920795,-2.246271,7.32777780956692,0.594444440470801,0
"401",690,43125,12,1,12,1,1,5,0,0,3,1,0,0,0,1,1,0,1,1e+05,1,0,1,-79.920484,-2.241151,0.594444440470801,0,12.7555554707845
"402",691,43003,7,1,7,1,2,3,0,0,3,0,1,0,0,1,1,0,1,176000,0,1,1,-79.921292,-2.242517,12.7555554707845,0.399999999337726,9.58888880411783
"403",692,42989,7,1,7,1,1,4,0,0,3,0,1,0,0,0,1,0,1,100,0,1,1,-79.922281,-2.242563,12.7555554707845,0.399999999337726,9.58888880411783
"404",693,42994,7,1,7,1,4,2,0,0,3,0,1,0,0,1,1,0,1,2250,1,1,1,-79.921535,-2.242762,12.7555554707845,0.399999999337726,9.58888880411783
"405",694,43094,2,1,2,1,1,2,0,0,3,0,1,1,1,1,1,1,1,0,1,0,1,-79.917683,-2.246612,7.32777780956692,0.594444440470801,0
"406",695,43016,8,1,8,1,2,5,0,0,3,0,1,0,0,1,1,1,1,202500,1,0,1,-79.9223,-2.241849,12.7555554707845,0.399999999337726,9.58888880411783
"407",697,43081,7,1,7,1,2,5,0,0,3,0,1,0,0,1,1,0,1,150000,0.727777777777778,0,1,-79.917683,-2.246612,7.32777780956692,0.594444440470801,0
"408",698,43077,14,1,14,1,1,4,0,0,3,1,1,1,1,1,1,0,1,17500,1,1,1,-79.917539,-2.246594,7.32777780956692,0.594444440470801,0
"409",699,28547,8,1,8,0,0,2,0,0.239999999999998,3,1,0.96,1,0.2,0.8,0,0.56,0.448,0,1,0,65,-79.92443,-2.24438,7.70000004768371,0.325000002980232,0
"410",700,43686,4,1,4,1,2,3,0,0,3,0,1,0,1,0,1,0,1,2e+05,0.78,0,1,-79.924761,-2.244745,6.40915324336181,0.562754873202878,0
"411",701,43649,17,2,8,1,4,2,0,0,3,0,1,0,1,0,1,0,1,600,1,1,2,-79.925462,-2.245216,6.40915324336181,0.562754873202878,0
"412",702,28866,3,1,3,0.79,0,3,0,0.119999999999997,3,1,0.97,1,0.15,0.82,0,0.56,0.408,0,0.95,0.08,146,-79.92443,-2.24438,7.70000004768371,0.325000002980232,0
"413",703,28836,21,2,10,1,1,4,0,0.119999999999997,3,1,0.97,0,0.09,0.76,0,0.45,0.34,0,1,0,93,-79.92443,-2.24438,7.70000004768371,0.325000002980232,0
"414",704,28981,2,1,2,1,1,2,0,0.149999999999997,3,1,0.96,1,0.18,0.81,0,0.54,0.43,0,1,0,92,-79.92443,-2.24438,7.70000004768371,0.325000002980232,0
"415",705,43443,15,1,15,1,1.23,1,0,0,3,0.29,0.95,0.306666666666667,0.74,0.28,1,1,0.82,20,0,0,1,-79.924904,-2.246473,6.40915324336181,0.562754873202878,0
"416",706,29134,18,1,18,1,1,4,0,0.119999999999997,3,1,0.98,0,0,0.8,0,0.48,0.37,0,1,0,93,-79.92443,-2.24438,7.70000004768371,0.325000002980232,0
"417",707,43642,1,1,1,1,5,6,0,0,3,0,1,0,1,0,1,0,1,1e+05,1,0,1,-79.925183,-2.245361,6.40915324336181,0.562754873202878,0
"418",708,43640,41,1,41,1,3,2,1,24,7,1,1,0,1,0,1,0,1,2400,1,1,1,-79.924526,-2.46753,6.40915324336181,0.562754873202878,0
"419",709,29088,2,1,2,1,4,3,0,0.359999999999997,3,1,0.93,0,0,0.76,0,0.56,0.56,0,1,0,1,-79.92443,-2.24438,7.70000004768371,0.325000002980232,0
"420",710,43644,21,2,10,1,2,5,0,0,3,0,1,1,1,0,1,0,1,3600,1,1,2,-79.925264,-2.245342,6.40915324336181,0.562754873202878,0
"421",711,28575,2,1,2,1,4,4,0,0.119999999999997,3,1,0.96,1,0.13,0.81,0,0.55,0.49,0,1,0,28,-79.92443,-2.24438,7.70000004768371,0.325000002980232,0
"422",713,43441,33,1,33,1,2,4,0,0,3,0,1,0,1,0,1,0,1,0,0,0,1,-79.925147,-2.246527,6.40915324336181,0.562754873202878,0
"423",714,28984,8,1,8,1,7,6,0,0.159999999999997,3,1,0.96,1,0.16,0.705,0,0.46,0.39,0,1,0,65,-79.92443,-2.24438,7.70000004768371,0.325000002980232,0
"424",715,43638,1,1,1,1,1,3,1,24,7,1,1,0,1,0,0,1,0,3025,1,0,1,-79.925066,-2.245912,6.40915324336181,0.562754873202878,0
"425",716,43448,13,1,13,1,1,2,0,0,3,1,1,0,1,0,1,0,1,5400,1,1,1,-79.924732,-2.247359,6.40915324336181,0.562754873202878,0
"426",717,43440,14,1,14,1,1,3,0,0,3,0,1,0,1,0,1,0,1,175000,1,0,1,-79.92521,-2.246518,6.40915324336181,0.562754873202878,0
"427",718,43832,7,1,7,1,0,3,0,0,3,0,1,0,1,1,1,0,0,2100,1,1,1,-79.928522,-2.241718,1.49809512307475,13.9712642345489,1.32140338174686
"428",719,43781,4,1,4,1,8,9,0,0,3,0,1,1,1,1,1,1,1,360000,1,0,1,-79.934345,-2.234096,1.49809512307475,13.9712642345489,1.32140338174686
"429",720,43786,27,3,9,1,2,1,0,0,3,0,0.9,1,1,1,1,0,0,5200,1,0,3,-79.934642,-2.233916,1.49809512307475,13.9712642345489,1.32140338174686
"430",721,43777,39,1,39,1,0,1,0,0,3,0,1,0,1,1,1,0,1,24000,1,1,1,-79.93413,-2.233508,1.49809512307475,13.9712642345489,1.32140338174686
"431",726,6836,1,1,1,1,1,3,0,0.799999999999998,2.42,0,1,0,0,0,0,0,0,216000,0,0,146,-79.8789,-2.26599,0,1.39999997615814,0
"432",727,6835,18,1,18,1,1,2,0,0,2,1,1,0,1,0,0,0,0,0,1,0,116,-79.8789,-2.26599,0,1.39999997615814,0
"433",728,6800,9,2,4,1,1,2,0,0,2,1,1,0,0,0,0,0,0,0,0,1,292,-79.8789,-2.26599,0,1.39999997615814,0
"434",729,6966,5,1,5,1,4,5,0,0,3,1,1,0,0,0,0,0,0,300,1,0,1,-79.8789,-2.26599,0,1.39999997615814,0
"435",730,6841,7,1,7,1,5,6,0,0.269999999999998,2,1,1,0,0,0,0,0,0,108000,1,0,146,-79.8789,-2.26599,0,1.39999997615814,0
"436",731,6843,6,1,6,1,3,2,0,-2.29150032282632e-15,2,1,1,0,0,0,0,0,0,0,1,0,7,-79.8789,-2.26599,0,1.39999997615814,0
"437",732,46749,14,1,14,1,1,3,0,0,3,1,1,1,0,0,1,0,1,3000,1,1,1,-79.8808,-2.26766,2.51184126729227,0.938179418578818,2.28072195316653
"438",733,46763,3,1,3,1,4,5,0,0,3,1,1,0,1,0,1,0,0,4900,1,1,1,-79.88084,-2.26766,2.51184126729227,0.938179418578818,2.28072195316653
"439",734,6838,28,2,14,1,4,4,0,0,2,1,1,1,0,0,0,0,0,72000,1,0,292,-79.8789,-2.26599,0,1.39999997615814,0
"440",735,7009,2,1,2,1,0,3,0,0.579999999999998,2,1,0,0,0,0,0,0,0,6750,1,0,146,-79.8789,-2.26599,0,1.39999997615814,0
"441",736,46352,21,1,21,1,3,5,0,0,3,0,0,0,0,0,0,0,1,450,1,1,1,-79.88473,-2.26739,0,2.51184126729227,0.938179418578818
"442",737,14142,4,1,4,1,0,2,1,12,4,1,1,0,0,1,1,0,1,97470,0,0,1,-79.88697,-2.26935,0,0,0
"443",738,46547,12,1,12,1,0,2,0,0,3,1,1,1,1,1,1,0,1,1250,1,1,1,-79.87805,-2.26794,10.8406878644379,0,2.51184126729227
"444",739,6822,3,1,3,1,4,3,0,0,2,1,1,0,0,0,0,0,0,0,0,0,146,-79.87363,-2.266583,0,1.39999997615814,0
"445",740,6847,6,1,6,1,1,3,0,0.539999999999998,2,1,1,0,1,0,0,0,0,216000,1,0,146,-79.8789,-2.26599,0,1.39999997615814,0
"446",741,6894,3,1,3,1,3,5,0,0.349999999999998,2,1,1,0,0,0,0,0,0,288000,1,0,146,-79.8789,-2.26599,0,1.39999997615814,0
"447",742,6845,26,2,13,1,3,4,0,0.269999999999998,2,1,1,0,0,0,0,0,0,55125,1,0,147,-79.8789,-2.26599,0,1.39999997615814,0
"448",743,46350,2,1,2,1,2,12,0,0,3,1,0.97,0,1,1,0,1,1,80000,1,0,1,-79.88475,-2.26762,0,2.51184126729227,0.938179418578818
"449",744,6883,8,1,8,1,3,3,0,0.609999999999998,2,1,0,0,0,0,0,0,0,216000,1,0,146,-79.8789,-2.26599,0,1.39999997615814,0
"450",745,6994,2,1,2,1,9,10,0,0.439999999999998,2,1,1,0,0,0,0,0,0,324000,1,1,146,-79.8789,-2.26599,0,1.39999997615814,0
"451",746,6905,3,1,3,1,0,1,0,0.659999999999998,2,1,1,0,0,0,0,0,0,216000,1,0,146,-79.8789,-2.26599,0,1.39999997615814,0
"452",747,46767,26,1,26,1,3,4,0,0,4,1,1,0,1,1,1,0,1,3000,1,1,1,-79.88004,-2.26774,2.51184126729227,0.938179418578818,2.28072195316653
"453",748,46980,28,1,28,1,2,4,0,0,4,1,1,1,1,1,1,1,0,3000,1,1,1,-79.88483,-2.26838,2.51184126729227,0.938179418578818,2.28072195316653
"454",749,6807,28,1,28,1,1,4,0,0,2,1,1,1,1,0,0,0,0,0,1,0,146,-79.87437,-2.26397,0,1.39999997615814,0
"455",750,46470,2,1,2,1,1,4,0,0,3,0.823333333333333,1,0,1,1,0,0,1,75,1,1,1,-79.88044,-2.26676,0,2.51184126729227,0.938179418578818
"456",751,46363,3,1,3,1,1,3,0,0,3,0,1,1,1,1,1,0,1,75000,0,1,1,-79.88441,-2.26745,0,2.51184126729227,0.938179418578818
"457",752,6846,14,1,14,1,1,4,0,-2.25597318603832e-15,2,1,1,0,0,0,0,0,0,0,1,0,130,-79.8789,-2.26599,0,1.39999997615814,0
"458",753,46498,15,1,15,1,3,2,0,0,4,0,1,1,1,0,1,0,1,10,1,1,1,-79.88569,-2.26761,0,2.51184126729227,0.938179418578818
"459",754,46523,26,1,26,1,0,3,0,0,4,0,1,1,1,1,1,1,1,9000,0.92,0,1,-79.8772,-2.26792,0,2.51184126729227,0.938179418578818
"460",755,46526,3,1,3,1,7,13,0,0,7,1,1,1,0,0,0,0,1,200,1,1,1,-79.87778,-2.26775,0,2.51184126729227,0.938179418578818
"461",756,6849,19,1,19,1,3,4,0,-2.32702745961433e-15,2,1,1,0,0,0,0,0,0,0,1,0,146,-79.8789,-2.26599,0,1.39999997615814,0
"462",757,46541,28,1,28,1,0,3,0,0,7,1,1,0,0,0,1,0,0.866666666666667,320,1,1,1,-79.87748,-2.26871,10.8406878644379,0,2.51184126729227
"463",758,46554,23,1,23,1,5,7,0,0,7,1,0.97,0,1,1,1,0,1,2500,1,1,1,-79.87788,-2.26878,10.8406878644379,0,2.51184126729227
"464",759,6799,65,3,22,1,0,6,0,0,2,0,1,1,0,1,0,0,0,0,1,0,293,-79.8789,-2.26599,0,1.39999997615814,0
"465",760,6945,5,1,5,1,1,6,0,0.0199999999999977,2,1,1,0,0,0,0,0,0,0,1,1,64,-79.8789,-2.26599,0,1.39999997615814,0
"466",761,46380,41,1,41,1,2,12,0,0,3,0,1,0,0,0,1,1,1,2400,1,1,1,-79.88333,-2.26722,0,2.51184126729227,0.938179418578818
"467",762,46393,4,1,4,1,1,3,0,0,4,0.596666666666667,1,1,1,1,0,0,1,10000,1,1,1,-79.88303,-2.26746,0,2.51184126729227,0.938179418578818
"468",763,46397,8,1,8,1,1,3,0,0,4,0.505,1,0,1,1,1,1,1,800,1,1,1,-79.88284,-2.26721,0,2.51184126729227,0.938179418578818
"469",764,46560,19,1,19,1,0,5,0,0,3,1,1,1,1,0,1,0,1,18000,1,1,1,-79.87784,-2.26727,2.51184126729227,0.938179418578818,2.28072195316653
"470",765,46494,1,1,1,1,2,2,0,0,4,1,1,0,1,1,1,1,1,101250,1,0,1,-79.8795,-2.26675,0,2.51184126729227,0.938179418578818
"471",766,6819,4,1,4,1,1,2,0,0,2,1,1,0,0,0,0,0,0,0,1,1,92,-79.8789,-2.26599,0,1.39999997615814,0
"472",768,6826,23,2,12,1,0,2,0,0,2,0,1,0,0,0,0,0,0,0,0,0,151,-79.8789,-2.26599,0,1.39999997615814,0
"473",769,6827,10,2,5,1,2,2,0,0,2,1,1,0,0,0,0,0,0,0,1,0,104,-79.874467,-2.2665,0,1.39999997615814,0
"474",770,6828,70,4,18,1,2,4,0,0,2,1,0,0,0,0,0,0,0,0,1,0,396,-79.8789,-2.26599,0,1.39999997615814,0
"475",771,46772,13,1,13,1,3,6,0,0,4,1,1,1,1,1,0,0,1,6000,1,0,1,-79.88032,-2.26778,2.51184126729227,0.938179418578818,2.28072195316653
"476",772,14014,27,1,27,1,2,2,1,12,4,1,1,0,0,1,1,0,1,48735,0,0,1,-79.88647,-2.26806,0,0,0
"477",773,47014,7,1,7,1,1,4,0,0,4,1,1,1,1,1,1,0,1,375,1,1,1,-79.88645,-2.26582,2.51184126729227,0.938179418578818,2.28072195316653
"478",774,6801,7,1,7,1,0,3,0,0,2,1,1,0,0,0,0,0,0,0,1,1,146,-79.87485,-2.263,0,1.39999997615814,0
"479",775,6805,17,1,17,1,1,3,0,0,2,1,0,0,1,0,0,0,0,40,1,0,146,-79.8789,-2.26599,0,1.39999997615814,0
"480",777,6848,38,1,38,1,2,8,0,0.239999999999998,2,1,1,0,0,0,0,0,0,36000,1,1,146,-79.8789,-2.26599,0,1.39999997615814,0
"481",778,46402,17,2,8,1,0,4,0,0,4,0.6,1,1,1,1,1,0,1,100125,0.88,0,2,-79.88112,-2.26751,0,2.51184126729227,0.938179418578818
"482",779,47200,13,1,13,1,1,3,0,0,3,1,1,1,1,0,0,1,1,1200,1,1,1,-79.8898,-2.26811,2.51184126729227,0.938179418578818,2.28072195316653
"483",781,46902,20,1,20,1,0,3,0,0,3,1,1,0,0,0,0,1,1,1875,1,1,1,-79.88354,-2.26809,2.51184126729227,0.938179418578818,2.28072195316653
"484",782,46451,23,1,23,1,3,5,0,0,3,1,1,0,0,0,0,0,0,1012.5,1,1,1,-79.8889,-2.26823,0,2.51184126729227,0.938179418578818
"485",783,46942,26,2,13,1,1,6,0,0,3,1,1,1,0,0,1,0,1,29,1,1,2,-79.88422,-2.26809,2.51184126729227,0.938179418578818,2.28072195316653
"486",784,13954,7,1,7,1,1,3,1,12,3,1,1,0,0,1,1,0,1,30375,1,0,1,-79.8879,-2.26861,0,0,0
"487",785,46465,26,1,26,1,0,5,0,0,4,0.59,1,1,1,1,1,0,0,1500,1,1,1,-79.88716,-2.26776,0,2.51184126729227,0.938179418578818
"488",786,13980,11,1,11,1,0,4,1,12,4,1,1,1,0,1,1,0,1,204687,1,0,1,-79.88726,-2.26845,0,0,0
"489",787,46864,2,1,2,1,2,7,0,0,4,1,1,1,1,1,0,0,1,6000,1,0,1,-79.88132,-2.26745,2.51184126729227,0.938179418578818,2.28072195316653
"490",789,46885,10,1,10,1,0,5,0,0,4,0.98,1,1,1,1,1,0,1,8000,1,1,1,-79.8836,-2.26827,2.51184126729227,0.938179418578818,2.28072195316653
"491",792,6817,15,2,8,1,0,5,0,0,0,1,1,0,1,0,0,0,0,0,0,0,292,-79.8789,-2.26599,0,1.39999997615814,0
"492",794,13999,34,1,34,1,2,2,1,12,4,1,1,0,0,1,1,0,1,50460,1,0,1,-79.8867,-2.26799,0,0,0
"493",795,46573,12,1,12,1,2,5,0,0,4,1,1,1,1,1,1,1,1,12000,1,0,1,-79.87865,-2.26743,2.51184126729227,0.938179418578818,2.28072195316653
"494",796,13756,4,1,4,1,0,1,1,6,4,1,1,1,0,1,1,1,1,255664,1,0,1,-79.88506,-2.26695,0,0,0
"495",797,14186,13,1,13,1,1,4,1,12,3,1,1,0,0,1,1,0,1,134560,1,0,1,-79.88567,-2.26922,0,0,0
"496",798,46565,1,1,1,1,2,2,0,0,3,1,1,0,0,0,0.72,0,0,125000,1,0,1,-79.87836,-2.26751,2.51184126729227,0.938179418578818,2.28072195316653
"497",799,47046,2,1,2,1,0,3,0,0,4,1,1,1,1,0,1,0,1,6,1,1,1,-79.8872,-2.26864,2.51184126729227,0.938179418578818,2.28072195316653
"498",800,13597,1,1,1,1,0,4,1,7,4,0,1,0,0,1,0,0,1,124800,0,0,1,-79.87976,-2.26622,0,0,0
"499",802,46492,5,1,5,1,1,4,0,0,4,0,1,0,0,0,1,1,1,2500,1,1,1,-79.87993,-2.26678,0,2.51184126729227,0.938179418578818
"500",803,46592,24,2,12,1,0,3,0,0,3,1,1,1,1,0,1,0,1,1462.5,1,1,2,-79.87929,-2.26746,2.51184126729227,0.938179418578818,2.28072195316653
"501",804,46479,38,2,19,1,4,9,0,0,4,1,1,1,1,1,0.806666666666667,1,1,36506.25,1,0,2,-79.88005,-2.26681,0,2.51184126729227,0.938179418578818
"502",805,47112,13,1,13,1,3,3,0,0,2,1,1,0,0,1,1,0,1,900,1,1,1,-79.88881,-2.26903,2.51184126729227,0.938179418578818,2.28072195316653
"503",806,46568,1,1,1,1,2,5,0,0,3,1,1,0,1,0,1,0,1,14850,1,0,1,-79.87861,-2.26724,2.51184126729227,0.938179418578818,2.28072195316653
"504",807,46475,9,1,9,1,0,1,0,0,4,0.55,1,1,1,1,1,0,1,50000,1,0,1,-79.88721,-2.26822,0,2.51184126729227,0.938179418578818
"505",828,42319,1,1,1,1,1.88166666666667,2,1,0,3,0,0,1,0,1,1,0,1,180000,1,0,1,-79.87332,-2.26422,0.050000000745058,0.050000000745058,10.749593708806
"506",829,29502,1,1,1,1,0,6,0,0,3,1,0.95,1,0,0.7925,0,0.6125,0.568,24000,1,0,1,-79.90744,-2.20293,0,0.304361233280638,0.200000002980232
"507",830,29397,1,1,1,1,2,1,0,0,1,1,0.91,0,0,0.78,0,0.5725,0.38,0,1,1,68,-79.90744,-2.20293,0,0.304361233280638,0.200000002980232
