"","IDP1","LarvSum","NumCriaderos","PupaeIndex","Date","CEpiWeek","SEStatus","LarvaePresence","NumChildren","NumAdults","InterruptFreq","InterruptDurHrs","TrashCollectPerWk","LargeSolidColl","SewerConn","FumigLWs","AbateLWs","BiolarvLWs","CanopyUse","ProtectMesh","BreedingSites","VolCriadero","OutsideLocation","DirtyWater","WaterVol","XCoord","YCoord","week0","week1","week2"
"1",7433,11,1,11,"2014-09-08",89,"Alta",1,2,3,0,0,3,1,1,1,0,0,0,1,NA,900,1,1,1,-79.90086,-2.13278,0,0,1.32441350335757
"2",7653,21,1,21,"2014-09-11",89,"Alta",1,1,1,0,0,4,0,1,0,0,1,0,1,0,750,0,1,1,-79.90555,-2.13106,0,0,1.32441350335757
"3",7599,9,2,4.5,"2014-09-10",89,"Alta",1,0,3,1,3,4,1,1,1,0,1,0,0,0,51637.5,NA,NA,2,-79.90359,-2.12994,0,0,1.32441350335757
"4",7673,21,1,21,"2014-09-11",89,"Alta",1,2,3,1,24,3,1,1,0,0,0,0,1,1,2160,0,0,1,-79.90632,-2.13118,0,0,1.32441350335757
"5",7378,40,1,40,"2014-09-08",89,"Alta",1,0,12,0,0,3,0,1,0,0,0,0,0,0,13125,1,0,1,-79.90648,-2.13634,0,0,1.32441350335757
"6",9403,183,1,183,"2014-12-17",103,"Media",1,0,2,1,3,7,1,1,0,0,0,1,0,1,3168,1,1,1,-79.91048,-2.20872,0,0,0
"7",9169,32,1,32,"2014-12-15",103,"Media",1,0,4,1,1,7,1,1,0,0,1,1,0,1,323680,1,0,1,-79.91015,-2.21142,0,0,0
"8",40814,4,1,4,"2015-07-08",132,"Media",0,3,2,1,0,3,0,1,1,0,1,1,0,1,288000,1,0,1,-79.92919,-2.08161,0,0,0
"9",8074,49,1,49,"2014-10-15",94,"Media",1,2,5,1,12,2,1,1,1,0,1,1,1,0,198476,1,0,1,-79.93344,-2.08096,0,7.79193418176226,0
"10",8059,25,1,25,"2014-10-14",94,"Media",1,0,2,1,6,3,1,1,0,0,1,1,0,1,114376,1,NA,1,-79.93275,-2.0813,0,7.79193418176226,0
"11",8126,7,1,7,"2014-10-16",94,"Media",1,1,5,1,12,3,1,1,1,0,1,1,0,1,147,1,0,1,-79.9339,-2.08481,0,7.79193418176226,0
"12",8239,55,1,55,"2014-10-17",94,"Media",1,0,3,1,12,3,1,1,0,0,1,1,0,1,88360,0,0,1,-79.93587,-2.08792,0,7.79193418176226,0
"13",8106,16,1,16,"2014-10-15",94,"Media",1,1,3,0,0,3,1,1,0,0,1,1,1,1,24300,1,1,1,-79.93367,-2.08327,0,7.79193418176226,0
"14",8267,136,1,136,"2014-10-17",94,"Media",1,7,8,1,12,3,1,1,0,0,1,1,0,1,518940,1,0,1,-79.93551,-2.08866,0,7.79193418176226,0
"15",8054,12,1,12,"2014-10-14",94,"Media",1,1,3,1,6,3,1,1,0,0,1,1,0,1,192,0,0,1,-79.93284,-2.081805,0,7.79193418176226,0
"16",7988,66,1,66,"2014-10-14",94,"Media",1,0,2,1,4,0,NA,1,0,0,1,1,0,NA,300,0,0,1,-79.9322,-2.08005,0,7.79193418176226,0
"17",7921,4,1,4,"2014-10-13",94,"Media",1,1,3,1,3,3,1,1,1,0,1,1,0,1,165888,0,1,1,-79.93573,-2.08559,0,7.79193418176226,0
"18",8168,9,1,9,"2014-10-16",94,"Media",1,3,2,1,12,3,1,1,0,0,1,1,1,1,259920,1,0,1,-79.93418,-2.08517,0,7.79193418176226,0
"19",8052,81,1,81,"2014-10-14",94,"Media",1,1,4,1,12,3,1,1,0,0,1,1,0,1,87025,1,1,1,-79.93275,-2.08168,0,7.79193418176226,0
"20",8139,38,2,19,"2014-10-16",94,"Media",1,2,3,1,12,3,1,1,1,0,1,1,0,1,42420,0,0,2,-79.93391,-2.08486,0,7.79193418176226,0
"21",8395,59,2,29.5,"2014-10-20",95,"Media",1,1,5,1,12,3,1,1,0,0,1,1,0,1,111818,NA,NA,147,-79.93531,-2.0851,0.100000001490116,0,7.79193418176226
"22",8188,62,1,62,"2014-10-16",94,"Media",1,0,4,1,12,3,1,1,0,0,1,1,0,1,11700,0,0,1,-79.9344,-2.08569,0,7.79193418176226,0
"23",8100,311,2,155.5,"2014-10-15",94,"Media",1,3,6,1,6,3,1,1,1,0,1,1,0,1,219520,1,0,147,-79.93398,-2.0842,0,7.79193418176226,0
"24",8345,31,2,15.5,"2014-10-17",94,"Media",1,0,4,1,12,3,1,1,0,0,1,1,1,1,221500,1,0,2,-79.93505,-2.08558,0,7.79193418176226,0
"25",7940,22,1,22,"2014-10-13",94,"Media",1,0,5,1,12,3,0,1,1,0,1,0,0,1,216482,1,0,1,-79.9355,-2.08382,0,7.79193418176226,0
"26",8173,6,1,6,"2014-10-16",94,"Media",1,3,3,1,12,3,1,1,0,0,1,1,0,1,52920,0,0,1,-79.9343,-2.08532,0,7.79193418176226,0
"27",16488,77,1,77,"2015-04-01",118,"Media",NA,5,2,1,12,7,0,1,0,0,0,1,0,1,448000,1,0,1,-79.92388,-2.09607,0.839095220678833,13.0468917093075,0.108176971595827
"28",16218,65,1,65,"2015-03-30",118,"Media",1,NA,NA,0,NA,NA,NA,NA,NA,NA,NA,0,NA,NA,2500,1,1,146,-79.92586,-2.08947,0.839095220678833,13.0468917093075,0.108176971595827
"29",16464,51,1,51,"2015-04-01",118,"Media",1,3,2,1,12,7,0,1,0,0,0,1,1,1,8000,0,0,1,-79.9246,-2.096,0.839095220678833,13.0468917093075,0.108176971595827
"30",17245,69,1,69,"2015-04-09",119,"Media",1,1,5,1,24,3,0,1,0,0,0,1,0,1,7200,1,0,1,-79.92308,-2.09899,0.804155279995967,0.839095220678833,13.0468917093075
"31",16443,5,1,5,"2015-04-01",118,"Media",1,1,5,1,12,7,0,1,0,0,1,1,0,1,256000,0,0,1,-79.9251,-2.09526,0.839095220678833,13.0468917093075,0.108176971595827
"32",16274,3,1,3,"2015-03-30",118,"Media",1,4,2,0,NA,3,0,1,0,0,1,1,0,0,4800,1,0,1,-79.92491,-2.09113,0.839095220678833,13.0468917093075,0.108176971595827
"33",16261,18,1,18,"2015-03-30",118,"Media",1,2,2,0,NA,3,0,NA,0,0,1,0,1,0,1500,1,0,1,-79.92688,-2.09034,0.839095220678833,13.0468917093075,0.108176971595827
"34",17204,33,1,33,"2015-04-08",119,"Media",1,2,4,1,12,3,1,1,0,0,0,1,0,1,500,1,1,1,-79.92506,-2.09823,0.804155279995967,0.839095220678833,13.0468917093075
"35",16319,89,1,89,"2015-03-31",118,"Media",1,2,6,1,12,7,0,1,0,0,1,1,0,0,4500,0,NA,1,-79.92579,-2.09434,0.839095220678833,13.0468917093075,0.108176971595827
"36",16364,143,1,143,"2015-03-31",118,"Media",1,1,2,1,12,7,0,1,0,0,1,1,0,0,10500,1,1,1,-79.92278,-2.09471,0.839095220678833,13.0468917093075,0.108176971595827
"37",16844,1205,1,1205,"2015-04-07",119,"Media",1,1,5,1,24,3,0,1,0,0,1,1,0,0,12500,1,0,1,-79.92554,-2.0964,0.804155279995967,0.839095220678833,13.0468917093075
"38",17185,30,1,30,"2015-04-08",119,"Media",1,1,4,1,12,7,1,1,0,0,1,1,0,1,18000,1,0,1,-79.92401,-2.09785,0.804155279995967,0.839095220678833,13.0468917093075
"39",16408,73,1,73,"2015-03-31",118,"Media",1,2,4,1,12,7,0,1,0,0,0,1,1,1,320000,0,0,1,-79.92407,-2.09523,0.839095220678833,13.0468917093075,0.108176971595827
"40",16413,3,1,3,"2015-03-31",118,"Media",NA,NA,NA,0,NA,NA,NA,NA,NA,NA,NA,0,NA,NA,2000,0,0,1,-79.92405,-2.09514,0.839095220678833,13.0468917093075,0.108176971595827
"41",17165,372,1,372,"2015-04-08",119,"Media",1,0,6,1,3,3,1,1,0,0,0,1,0,1,2400,1,0,1,-79.922298,-2.098565,0.804155279995967,0.839095220678833,13.0468917093075
"42",16300,7,1,7,"2015-03-30",118,"Media",1,1,2,0,NA,3,0,1,0,0,1,0,0,0,4800,1,1,1,-79.92483,-2.09109,0.839095220678833,13.0468917093075,0.108176971595827
"43",17163,42,1,42,"2015-04-08",119,"Media",1,0,3,1,3,7,1,1,1,0,0,1,0,1,2250,1,1,1,-79.9222,-2.09877,0.804155279995967,0.839095220678833,13.0468917093075
"44",16975,38,1,38,"2015-04-07",119,"Media",1,1,2,1,24,3,0,1,0,0,1,1,0,1,6000,1,1,1,-79.92501,-2.09678,0.804155279995967,0.839095220678833,13.0468917093075
"45",10588,2,1,2,"2014-10-28",96,"Alta",1,2,2,1,3,7,1,1,0,0,1,0,0,1,96768,1,0,1,-79.89389,-2.21652,0,0.050000000745058,0.527621533177827
"46",9754,121,2,60.5,"2014-10-30",96,"Alta",1,1,4,0,0,7,1,0,1,0,1,1,0,1,162003.5,1,1,2,-79.887,-2.221163,0,0.050000000745058,0.527621533177827
"47",9723,69,1,69,"2014-10-30",96,"Alta",1,0,3,0,0,7,1,0,1,0,1,0,0,1,57660,0,0,1,-79.88684,-2.22157,0,0.050000000745058,0.527621533177827
"48",9568,861,2,430.5,"2014-10-29",96,"Alta",1,0,1,1,3,7,1,1,0,0,1,0,1,1,60064,0,0,2,-79.8954,-2.21691,0,0.050000000745058,0.527621533177827
"49",9522,18,1,18,"2014-10-29",96,"Alta",1,2,3,1,3,7,1,1,1,0,1,0,1,0,8820,1,1,1,-79.89667,-2.21641,0,0.050000000745058,0.527621533177827
"50",9667,38,1,38,"2014-10-30",96,"Alta",1,0,1,0,0,7,1,0,1,0,1,1,0,1,18000,1,0,1,-79.88657,-2.22181,0,0.050000000745058,0.527621533177827
"51",9651,3,1,3,"2014-10-30",96,"Alta",1,0,4,0,0,7,1,0,1,0,1,1,0,1,268037,0,0,1,-79.88643,-2.2218,0,0.050000000745058,0.527621533177827
"52",9732,40,1,40,"2014-10-30",96,"Alta",1,3,2,0,0,7,1,0,1,0,1,1,0,1,312852,0,0,1,-79.88683,-2.22163,0,0.050000000745058,0.527621533177827
"53",9678,16,1,16,"2014-10-30",96,"Alta",1,2,2,0,0,7,1,0,1,0,1,0,0,1,115200,0,0,1,-79.88661,-2.2217,0,0.050000000745058,0.527621533177827
"54",10590,3,1,3,"2014-10-28",96,"Alta",1,1,5,1,3,7,1,1,1,0,1,0,0,1,4000,0,0,1,-79.89258,-2.21825,0,0.050000000745058,0.527621533177827
"55",9787,88,1,88,"2014-10-30",96,"Alta",1,2,3,0,0,7,1,0,1,0,1,1,0,1,108000,0,0,1,-79.88698,-2.22172,0,0.050000000745058,0.527621533177827
"56",15868,20,1,20,"2015-01-13",107,"Baja",1,0,1,1,2,4,1,1,0,0,1,1,1,1,485980,0,0,1,-79.9087,-2.2078,0.169591813471279,6.9920856139479,0
"57",15697,15,1,15,"2015-01-13",107,"Baja",1,0,3,1,3,4,0,1,0,0,1,1,1,1,1200,0,NA,1,-79.9113,-2.21945,0.169591813471279,6.9920856139479,0
"58",16114,55,1,55,"2015-01-15",107,"Baja",1,0,3,1,3,4,1,1,0,0,1,0,0,1,371200,1,NA,1,-79.90877,-2.22129,0.169591813471279,6.9920856139479,0
"59",15676,16,1,16,"2015-01-13",107,"Baja",1,0,3,1,3,4,0,1,0,0,1,1,1,1,18000,1,1,1,-79.91134,-2.21081,0.169591813471279,6.9920856139479,0
"60",15513,20,1,20,"2015-01-12",107,"Baja",1,0,6,1,12,4,1,1,0,0,1,1,0,1,41070,1,1,1,-79.91221,-2.21974,0.169591813471279,6.9920856139479,0
"61",15435,77,1,77,"2015-01-12",107,"Baja",1,0,2,1,12,4,0,1,0,0,1,0,1,1,2560,0,0,1,-79.91332,-2.21943,0.169591813471279,6.9920856139479,0
"62",15778,11,1,11,"2015-01-13",107,"Baja",1,0,2,1,2,4,0,1,0,0,1,1,1,1,201840,1,0,1,-79.91007,-2.2199,0.169591813471279,6.9920856139479,0
"63",16152,58,1,58,"2015-01-15",107,"Baja",1,0,4,0,NA,NA,NA,NA,NA,NA,NA,0,NA,NA,1728,0,1,1,-79.90823,-2.2212,0.169591813471279,6.9920856139479,0
"64",15417,56,1,56,"2015-01-12",107,"Baja",1,0,7,1,1,4,0,1,0,0,1,1,0,1,32856,1,0,1,-79.21341,-2.21908,0.169591813471279,6.9920856139479,0
"65",16061,8,1,8,"2015-01-15",107,"Baja",1,0,2,1,3,4,1,1,0,0,1,0,0,1,108,1,1,1,-79.9099,-2.22064,0.169591813471279,6.9920856139479,0
"66",37233,4,1,4,"2015-05-06",123,"Media",1,0,5,1,3,3,1,0,0,0,0,1,0,1,100920,1,0,1,-79.95156,-2.11758,39.6577286507866,18.0991417865617,12.8008587692668
"67",37221,21,2,10.5,"2015-05-06",123,"Media",1,1,7,0,0,3,1,0,0,0,0,1,0,1,9375,1,0,2,-79.95175,-2.11711,39.6577286507866,18.0991417865617,12.8008587692668
"68",37243,2,1,2,"2015-05-06",123,"Media",1,2,4,0,0,7,1,0,0,0,0,1,0,1,1125,1,0,1,-79.95146,-2.118815,39.6577286507866,18.0991417865617,12.8008587692668
"69",37286,1,1,1,"2015-05-07",123,"Media",1,0,4,1,12,3,1,0,0,0,0,1,0,1,67280,1,0,1,-79.95111,-2.118355,39.6577286507866,18.0991417865617,12.8008587692668
"70",37288,6,1,6,"2015-05-07",123,"Media",1,1,5,1,2,3,1,0,0,0,0,1,0,1,8e+05,1,0,1,-79.95107,-2.118165,39.6577286507866,18.0991417865617,12.8008587692668
"71",37180,1,1,1,"2015-05-05",123,"Media",1,7,4,0,0,3,1,0,0,0,0,1,0,1,269120,1,0,1,-79.9519,-2.11889,39.6577286507866,18.0991417865617,12.8008587692668
"72",37229,11,1,11,"2015-05-06",123,"Media",1,1,2,1,2,3,1,0,0,0,0,1,0,1,67280,1,0,1,-79.95139,-2.117536,39.6577286507866,18.0991417865617,12.8008587692668
"73",37182,4,1,4,"2015-05-05",123,"Media",1,1,3,0,0,3,1,0,0,0,0,1,0,1,5e+05,1,0,1,-79.95172,-2.1183,39.6577286507866,18.0991417865617,12.8008587692668
"74",36995,2,1,2,"2015-05-04",123,"Media",1,0,2,1,3,3,1,0,0,0,0,1,0,1,1500,1,0,1,-79.95249,-2.117515,39.6577286507866,18.0991417865617,12.8008587692668
"75",37032,9,1,9,"2015-05-04",123,"Media",1,0,3,1,3,3,1,0,0,0,0,1,0,1,67280,1,0,1,-79.95265,-2.11845,39.6577286507866,18.0991417865617,12.8008587692668
"76",37298,2,1,2,"2015-05-07",123,"Media",1,2,3,1,2,3,1,0,0,0,0,1,0,1,269120,1,0,1,-79.95096,-2.11791,39.6577286507866,18.0991417865617,12.8008587692668
"77",37293,4,1,4,"2015-05-07",123,"Media",1,1,7,1,2,3,1,0,0,0,0,1,0,1,67280,0,0,1,-79.951,-2.11776,39.6577286507866,18.0991417865617,12.8008587692668
"78",37058,15,2,7.5,"2015-05-04",123,"Media",1,1,4,1,2,3,1,0,0,0,0,1,0,1,9000,1,0,2,-79.9522,-2.11906,39.6577286507866,18.0991417865617,12.8008587692668
"79",37021,11,1,11,"2015-05-04",123,"Media",1,1,7,1,12,3,1,0,0,0,0,1,0,1,269120,1,0,1,-79.9522,-2.118825,39.6577286507866,18.0991417865617,12.8008587692668
"80",16591,76,1,76,"2015-03-09",115,"Media",1,1,3,1,8,4,1,0,0,0,1,1,0,1,6728,1,0,1,-79.88164,-2.25697,1.60000002384185,1.56376810969689,5.9856106604461
"81",16670,55,1,55,"2015-03-13",115,"Media",1,3,4,1,4,3,1,0,0,0,1,1,0,1,149454,1,0,1,-79.95486,-2.09782,1.60000002384185,1.56376810969689,5.9856106604461
"82",38689,2,1,2,"2015-06-01",127,"Media",1,0,5,1,12,3,1,1,0,0,0,1,0,1,67280,0,0,1,-79.95322,-2.11083,0.080538297099149,0,0.938923393640136
"83",38694,4,1,4,"2015-06-01",127,"Media",1,1,4,1,2,4,1,0,0,0,0,1,0,1,300,1,1,1,-79.95317,-2.11028,0.080538297099149,0,0.938923393640136
"84",47429,36,1,36,"2016-07-13",185,"Media",1,1,6,0,0,4,1,0,1,1,1,1,0,1,151250,1,0,1,-79.9528,-2.10544,0.100000001490116,0,0
"85",16434,6,1,6,"2015-03-12",115,"Media",1,2,4,1,6,3,1,0,0,0,1,1,0,1,168200,1,0,1,-79.88164,-2.25697,1.60000002384185,1.56376810969689,5.9856106604461
"86",47516,16,1,16,"2016-07-15",185,"Media",1,2,5,0,0,3,1,0,1,1,1,1,0,1,2000,0,1,1,-79.9501,-2.10484,0.100000001490116,0,0
"87",38765,6,1,6,"2015-06-02",127,"Media",1,1,5,0,0,4,1,1,0,0,1,0,0,1,144000,1,0,1,-79.95255,-2.11049,0.080538297099149,0,0.938923393640136
"88",16725,18,1,18,"2015-03-13",115,"Media",0,1,6,1,2,3,1,0,0,0,1,1,0,1,0,1,0,1,-79.95252,-2.09792,1.60000002384185,1.56376810969689,5.9856106604461
"89",38869,6,1,6,"2015-06-04",127,"Media",1,4,2,1,2,3,1,1,0,0,1,1,0,1,108000,1,0,1,-79.95328,-2.10934,0.080538297099149,0,0.938923393640136
"90",38750,3,1,3,"2015-06-02",127,"Media",1,0,3,0,0,4,1,1,0,0,0,1,0,1,108000,1,0,1,-79.95279,-2.11096,0.080538297099149,0,0.938923393640136
"91",37335,4,1,4,"2015-05-08",123,"Media",1,0,3,1,2,3,1,0,0,0,0,1,0,1,125000,1,0,1,-79.95066,-2.1172,40.5392356078982,18.3916150567124,13.1224641646427
"92",38944,12,1,12,"2015-06-04",127,"Media",1,2,2,0,0,4,1,0,0,0,1,1,0,1,180000,1,0,1,-79.94948,-2.11101,0.080538297099149,0,0.938923393640136
"93",16710,102,1,102,"2015-03-09",115,"Media",1,0,2,1,8,4,0,0,0,0,1,1,0,1,97470,1,0,1,-79.88164,-2.25697,1.60000002384185,1.56376810969689,5.9856106604461
"94",37323,2,1,2,"2015-05-08",123,"Media",1,3,5,1,2,3,1,0,0,0,0,1,0,1,168200,1,0,1,-79.9511,-2.11785,40.5392356078982,18.3916150567124,13.1224641646427
"95",16804,137,2,68.5,"2015-03-11",115,"Media",1,3,3,1,8,4,1,0,0,0,1,1,0,1,121600,1,0,2,-79.88164,-2.25697,1.60000002384185,1.56376810969689,5.9856106604461
"96",47485,146,1,146,"2016-07-14",185,"Media",1,0,1,0,0,3,1,0,1,1,1,1,0,1,121000,1,0,1,-79.9549,-2.10508,0.100000001490116,0,0
"97",38793,69,2,34.5,"2015-06-03",127,"Media",1,0,5,1,2,4,1,0,0,0,0,1,0,1,151380,1,0,2,-79.95315,-2.1092,0.080538297099149,0,0.938923393640136
"98",16794,2,1,2,"2015-03-11",115,"Media",1,1,2,1,8,4,1,0,0,0,1,1,0,1,336400,1,0,1,-79.88164,-2.25697,1.60000002384185,1.56376810969689,5.9856106604461
"99",38870,5,1,5,"2015-06-04",127,"Media",1,3,2,1,2,3,1,1,0,0,1,1,0,1,144000,1,0,1,-79.9532,-2.10929,0.080538297099149,0,0.938923393640136
"100",16651,70,1,70,"2015-03-13",115,"Media",1,0,5,1,4,3,1,0,0,0,1,1,0,1,33640,1,0,1,-79.9554,-2.098045,1.60000002384185,1.56376810969689,5.9856106604461
"101",37341,14,1,14,"2015-05-08",123,"Media",1,0,5,1,2,3,1,0,0,0,0,1,0,1,360000,1,0,1,-79.95069,-2.11708,40.5392356078982,18.3916150567124,13.1224641646427
"102",16631,105,1,105,"2015-03-09",115,"Media",1,2,2,1,8,4,0,NA,0,0,1,1,0,1,67280,1,0,1,-79.88164,-2.25697,1.60000002384185,1.56376810969689,5.9856106604461
"103",47465,9,1,9,"2016-07-14",185,"Media",1,3,4,0,0,3,1,0,1,0,0,1,0,1,151250,1,0,1,-79.95178,-2.10586,0.100000001490116,0,0
"104",16693,2,1,2,"2015-03-11",115,"Media",1,3,2,1,8,4,1,0,0,0,1,1,0,1,67280,1,0,1,-79.88164,-2.25697,1.60000002384185,1.56376810969689,5.9856106604461
"105",16704,67,1,67,"2015-03-13",115,"Media",1,1,1,1,2,3,1,0,0,0,1,1,0,1,67280,1,0,1,-79.95409,-2.098115,1.60000002384185,1.56376810969689,5.9856106604461
"106",47411,8,1,8,"2016-07-13",185,"Media",1,1,4,0,0,1,1,1,1,0,1,1,0,1,151250,1,0,1,-79.95319,-2.10521,0.100000001490116,0,0
"107",5160,14,2,7,"2014-01-30",57,"Baja",1,NA,3,0,0,3,1,0,0,1,0,1,1,0,100,1,0,60,-79.96073,-2.11048,0,16.5339615696005,0.255685408704451
"108",3005,12,1,12,"2014-05-21",73,"Baja",1,NA,3,0,0,3,1,0,0,0,1,1,0,1,20,1,0,67,-79.96209,-2.11592,1.02834147170985,4.24428434036148,41.6873311692169
"109",3008,2,1,2,"2014-05-21",73,"Baja",1,1,2,0,0,3,1,0,1,0,1,0,1,1,200,1,0,68,-79.96209,-2.11592,1.02834147170985,4.24428434036148,41.6873311692169
"110",3019,1,1,1,"2014-05-21",73,"Baja",1,3,2,0,0,3,1,0,0,0,1,1,0,1,200,1,0,68,-79.96209,-2.11592,1.02834147170985,4.24428434036148,41.6873311692169
"111",2968,3,1,3,"2014-05-21",73,"Baja",0,1,4,0,0,3,1,0,1,0,1,1,0,1,200,1,0,68,-79.96209,-2.11592,1.02834147170985,4.24428434036148,41.6873311692169
"112",2972,3,1,3,"2014-05-21",73,"Baja",1,1,5,0,0,3,1,0,1,0,1,1,0,1,150,1,1,51,-79.96209,-2.11592,1.02834147170985,4.24428434036148,41.6873311692169
"113",2958,2,1,2,"2014-05-21",73,"Baja",1,2,4,0,0,3,1,0,1,0,1,1,0,1,200,0,0,68,-79.96209,-2.11592,1.02834147170985,4.24428434036148,41.6873311692169
"114",2940,1,1,1,"2014-05-19",73,"Baja",1,1,3,0,0,3,1,0,1,0,1,1,0,1,200,1,0,68,-79.96209,-2.11592,1.02834147170985,4.24428434036148,41.6873311692169
"115",2939,2,1,2,"2014-05-19",73,"Baja",1,NA,5,0,0,3,1,0,1,0,1,1,0,1,200,1,0,68,-79.96209,-2.11592,1.02834147170985,4.24428434036148,41.6873311692169
"116",2963,2,1,2,"2014-05-21",73,"Baja",1,3,2,0,0,3,1,0,0,0,1,1,0,1,4,1,1,1,-79.96209,-2.11592,1.02834147170985,4.24428434036148,41.6873311692169
"117",2955,2,1,2,"2014-05-19",73,"Baja",1,1,4,0,0,3,1,0,0,0,1,1,0,1,500,1,0,118,-79.96209,-2.11592,1.02834147170985,4.24428434036148,41.6873311692169
"118",2953,1,1,1,"2014-05-19",73,"Baja",1,3,5,0,0,3,1,0,1,0,1,1,0,1,1800,1,0,28,-79.96209,-2.11592,1.02834147170985,4.24428434036148,41.6873311692169
"119",2932,2,1,2,"2014-05-19",73,"Baja",1,1,2,0,0,3,1,0,1,0,1,1,0,0,2,1,1,64,-79.96209,-2.11592,1.02834147170985,4.24428434036148,41.6873311692169
"120",2943,1,1,1,"2014-05-19",73,"Baja",1,3,2,0,0,3,1,0,1,0,1,1,0,1,200,1,0,68,-79.96209,-2.11592,1.02834147170985,4.24428434036148,41.6873311692169
"121",3596,4,1,4,"2014-06-19",77,"Media",1,0,3,0,0,3,1,1,0,0,1,1,1,1,48000,1,0,1,-79.90328,-2.19952,0,0,0.453199970434668
"122",3597,2,1,2,"2014-06-19",77,"Media",1,0,4,0,0,3,1,1,0,0,1,1,0,1,24000,1,0,1,-79.90328,-2.1994,0,0,0.453199970434668
"123",3592,1,1,1,"2014-06-19",77,"Media",1,0,2,0,0,3,1,1,0,0,1,1,0,1,106260,1,0,1,-79.90411,-2.19928,0,0,0.453199970434668
"124",3504,2,1,2,"2014-06-17",77,"Media",1,0,2,0,0,3,1,1,0,0,1,1,0,1,396000,1,0,1,-79.8999,-2.19712,0,0,0.453199970434668
"125",3583,2,1,2,"2014-06-19",77,"Media",1,0,2,0,0,3,1,1,1,0,1,1,1,1,297000,1,0,1,-79.90205,-2.19751,0,0,0.453199970434668
"126",3561,5,1,5,"2014-06-19",77,"Media",1,3,2,0,0,3,1,1,0,0,1,1,0,1,192280,0,0,1,-79.90377,-2.19692,0,0,0.453199970434668
"127",892,6,1,6,"2014-04-03",66,"Baja",1,1,4,0,0,3,1,1,0,0,1,0,0,1,4,1,1,1,-79.87638,-2.2805,2.56415737613084,10.8406878644379,0
"128",41504,3,1,3,"2015-10-26",148,"Baja",1,1,3,1,2,3,0,1,0,0,1,1,0,1,180000,1,0,1,-79.8822,-2.27997,0,0.100000001490116,0.057484839951752
"129",46448,13,1,13,"2016-03-04",166,"Baja",1,4,4,0,0,3,1,1,1,1,1,1,1,1,12000,1,1,146,-79.88654,-2.27419,0.949999988079071,2.375,2.77499997615814
"130",16197,49,1,49,"2015-03-18",116,"Baja",NA,4,6,1,12,3,1,1,0,0,1,1,0,1,9000,1,0,1,-79.88709,-2.28435,0.614884358667575,1.29433587615642,4.57342516780253
"131",46425,21,3,7,"2016-03-04",166,"Baja",1,4,4,0,0,3,1,1,1,1,1,1,0,1,83366.6666666667,1,0,3,-79.88645,-2.27408,0.949999988079071,2.375,2.77499997615814
"132",16258,72,1,72,"2015-03-18",116,"Baja",1,0,1,1,12,3,1,1,0,0,1,1,0,1,0,1,0,1,-79.8868,-2.2843,0.614884358667575,1.29433587615642,4.57342516780253
"133",46460,271,3,90.3333333333333,"2016-03-04",166,"Baja",1,0,6,0,0,3,1,1,1,1,0,1,0,1,43,1,1,3,-79.88766,-2.27327,0.949999988079071,2.375,2.77499997615814
"134",41495,172,1,172,"2015-10-26",148,"Baja",1,NA,1,1,2,3,0,1,0,0,1,1,0,1,384000,1,0,1,-79.88481,-2.28006,0,0.100000001490116,0.057484839951752
"135",15408,21,1,21,"2015-03-19",116,"Baja",0,4,3,1,12,3,1,1,0,0,1,1,0,1,100920,1,0,1,-79.88851,-2.28395,0.614884358667575,1.29433587615642,4.57342516780253
"136",37628,4,1,4,"2015-05-12",124,"Baja",1,0,4,1,3,7,1,1,0,0,1,1,0,1,288000,0,0,1,-79.88191,-2.25368,3.401069011122,36.1650256475139,20.0215768682467
"137",37654,4,1,4,"2015-05-12",124,"Baja",1,1,2,1,2,0,NA,1,0,0,0,1,0,1,9000,1,0,1,-79.88216,-2.25543,3.401069011122,36.1650256475139,20.0215768682467
"138",16194,132,1,132,"2015-03-18",116,"Baja",1,3,2,1,12,3,1,1,0,0,1,1,0,1,13500,1,0,1,-79.88729,-2.2224235,0.614884358667575,1.29433587615642,4.57342516780253
"139",42655,27,1,27,"2015-10-27",148,"Baja",1,2,3,1,3,3,0,1,1,0,1,1,0,1,288000,1,0,1,-79.88776,-2.27926,0,0.100000001490116,0.057484839951752
"140",42622,60,1,60,"2015-10-27",148,"Baja",1,NA,1,1,3,3,0,1,1,0,1,1,0,1,36000,0,0,1,-79.88811,-2.28301,0,0.100000001490116,0.057484839951752
"141",42664,95,1,95,"2015-10-28",148,"Baja",1,NA,2,1,3,3,0,1,1,0,1,1,0,1,539000,1,0,1,-79.88525,-2.27831,0,0.100000001490116,0.057484839951752
"142",16500,22,1,22,"2015-03-27",117,"Baja",1,2,3,1,12,4,1,1,0,0,1,1,0,1,67280,1,0,1,-79.88777,-2.28216,19.0959609821184,0.614884358667575,1.29433587615642
"143",42668,45,1,45,"2015-10-28",148,"Baja",1,1,7,1,3,3,0,1,1,0,1,1,0,1,294000,1,0,1,-79.88539,-2.27741,0,0.100000001490116,0.057484839951752
"144",37627,3,1,3,"2015-05-12",124,"Baja",1,2,5,1,3,7,1,1,0,0,1,1,0,1,36000,1,0,1,-79.88187,-2.25378,3.401069011122,36.1650256475139,20.0215768682467
"145",41487,29,1,29,"2015-10-26",148,"Baja",1,NA,1,1,2,3,0,1,0,0,1,1,0,1,144000,0,0,1,-79.88481,-2.28006,0,0.100000001490116,0.057484839951752
"146",41489,10,1,10,"2015-10-26",148,"Baja",0,2,3,1,2,3,0,1,0,0,1,1,0,1,0,1,0,1,-79.88471,-2.27968,0,0.100000001490116,0.057484839951752
"147",16341,23,1,23,"2015-03-26",117,"Baja",1,4,6,1,12,4,1,1,0,0,1,1,0,1,900,1,0,1,-79.88835,-2.5282875,19.0959609821184,0.614884358667575,1.29433587615642
"148",15869,3,1,3,"2015-03-25",117,"Baja",1,3,5,1,12,4,1,1,0,0,0,1,0,1,33640,1,0,1,-79.88848,-2.28342,19.0959609821184,0.614884358667575,1.29433587615642
"149",16597,15,1,15,"2015-03-27",117,"Baja",0,0,3,1,12,4,1,1,0,0,1,1,0,1,2e+05,1,0,1,-79.88777,-2.28216,19.0959609821184,0.614884358667575,1.29433587615642
"150",42632,34,1,34,"2015-10-27",148,"Baja",1,3,1,1,3,3,0,1,1,0,1,1,0,1,360000,1,0,1,-79.88839,-2.28194,0,0.100000001490116,0.057484839951752
"151",42667,103,1,103,"2015-10-28",148,"Baja",1,NA,2,1,3,3,0,1,1,0,1,1,0,1,18000,1,0,1,-79.88764,-2.27788,0,0.100000001490116,0.057484839951752
"152",37802,16,1,16,"2015-05-14",124,"Baja",1,3,2,1,2,3,1,1,0,0,1,1,0,1,9000,1,1,1,-79.88332,-2.25669,3.401069011122,36.1650256475139,20.0215768682467
"153",16392,9,1,9,"2015-03-26",117,"Baja",1,1,5,1,12,4,1,1,0,0,1,1,0,1,5e+05,1,0,1,-79.8869,-2.282305,19.0959609821184,0.614884358667575,1.29433587615642
"154",15547,8,1,8,"2015-03-19",116,"Baja",1,3,7,1,12,3,1,1,0,0,1,1,0,1,100920,1,0,1,-79.88739,-2.28404,0.614884358667575,1.29433587615642,4.57342516780253
"155",37742,19,1,19,"2015-05-13",124,"Baja",1,1,7,1,2,3,1,1,0,0,1,1,0,1,201840,1,0,1,-79.88319,-2.25635,3.401069011122,36.1650256475139,20.0215768682467
"156",15567,9,2,4.5,"2015-03-19",116,"Baja",1,1,6,1,12,3,1,1,0,0,1,1,0,1,25867.5,1,0,2,-79.88709,-2.28404,0.614884358667575,1.29433587615642,4.57342516780253
"157",37610,7,1,7,"2015-05-12",124,"Baja",1,0,1,1,3,7,1,1,1,0,0,NA,0,1,67280,1,0,1,-79.88179,-2.25329,3.401069011122,36.1650256475139,20.0215768682467
"158",42641,21,1,21,"2015-10-27",148,"Baja",1,NA,3,1,3,3,0,1,1,0,1,1,0,1,288000,1,0,1,-79.88839,-2.28201,0,0.100000001490116,0.057484839951752
"159",15504,16,1,16,"2015-03-19",116,"Baja",1,1,4,1,12,3,1,1,0,0,1,1,0,1,100920,1,1,1,-79.8875,-2.28407,0.614884358667575,1.29433587615642,4.57342516780253
"160",37797,25,1,25,"2015-05-14",124,"Baja",1,1,6,1,2,3,1,1,0,0,1,0,1,1,72000,1,0,1,-79.88318,-2.25716,3.401069011122,36.1650256475139,20.0215768682467
"161",41498,130,1,130,"2015-10-26",148,"Baja",1,1,2,1,2,3,0,1,0,0,1,1,0,1,343,1,1,1,-79.8839,-2.27927,0,0.100000001490116,0.057484839951752
"162",16145,32,1,32,"2015-03-18",116,"Baja",1,0,4,1,12,3,1,1,0,0,1,1,0,1,100920,1,0,1,-79.88805,-2.128438,0.614884358667575,1.29433587615642,4.57342516780253
"163",37800,21,2,10.5,"2015-05-14",124,"Baja",1,2,5,1,2,4,1,1,0,0,1,1,0,1,5e+05,1,0,2,-79.88354,-2.25708,3.401069011122,36.1650256475139,20.0215768682467
"164",42663,79,1,79,"2015-10-28",148,"Baja",1,NA,2,1,3,3,0,1,1,0,1,1,0,1,49000,1,0,1,-79.88643,-2.27904,0,0.100000001490116,0.057484839951752
"165",15442,1,1,1,"2015-03-19",116,"Baja",1,0,3,1,12,3,1,1,0,0,1,1,0,1,400,0,0,1,-79.8884,-2.28394,0.614884358667575,1.29433587615642,4.57342516780253
"166",37670,28,2,14,"2015-05-12",124,"Baja",1,1,2,1,4,3,1,1,0,0,0,NA,0,1,86350,1,0,2,-79.88138,-2.25848,3.401069011122,36.1650256475139,20.0215768682467
"167",37839,11,1,11,"2015-05-15",124,"Baja",1,1,3,1,3,3,1,1,0,0,1,1,0,1,360000,1,0,1,-79.88343,-2.25745,3.401069011122,36.1650256475139,20.0215768682467
"168",15883,16,1,16,"2015-03-25",117,"Baja",1,2,7,1,12,4,1,1,0,0,1,1,0,1,63916,1,0,1,-79.88839,-2.283505,19.0959609821184,0.614884358667575,1.29433587615642
"169",16154,78,1,78,"2015-03-18",116,"Baja",0,1,7,1,12,3,1,1,0,0,1,1,0,1,2e+05,1,0,1,-79.88812,-2.28464,0.614884358667575,1.29433587615642,4.57342516780253
"170",45859,2,1,2,"2016-03-01",166,"Baja",1,1,3,0,0,3,1,1,1,0,1,0,0,1,900,1,1,1,-79.883005,-2.276463,0.949999988079071,2.375,2.77499997615814
"171",16130,121,1,121,"2015-03-18",116,"Baja",1,0,6,1,12,3,1,1,1,0,1,1,0,1,75000,1,0,1,-79.88842,-2.284695,0.614884358667575,1.29433587615642,4.57342516780253
"172",15993,227,2,113.5,"2015-03-25",117,"Baja",1,1,2,1,12,4,1,1,0,0,1,1,0,1,118920,1,0,2,-79.88727,-2.28335,19.0959609821184,0.614884358667575,1.29433587615642
"173",37866,6,1,6,"2015-05-15",124,"Baja",1,2,3,1,3,3,1,1,0,0,1,1,0,1,216000,1,0,1,-79.88286,-2.25716,3.401069011122,36.1650256475139,20.0215768682467
"174",37853,13,1,13,"2015-05-15",124,"Baja",1,0,3,1,2,3,1,1,0,0,1,1,0,1,288000,1,0,1,-79.88303,-2.25752,3.401069011122,36.1650256475139,20.0215768682467
"175",37735,6,1,6,"2015-05-13",124,"Baja",1,1,7,1,2,3,1,1,0,0,1,NA,NA,NA,500,1,0,1,-79.88308,-2.25635,3.401069011122,36.1650256475139,20.0215768682467
"176",34044,2,1,2,"2013-02-28",9,"Baja",1,0,5,0,0,3,1,NA,0,0,NA,0,NA,NA,0,1,0,64,-79.89243,-2.27359,12.2249999046325,22.0499992370605,2.39999997615814
"177",31151,8,1,8,"2013-02-25",9,"Baja",1,2,3,0,0,3,1,1,0,0,0,0,NA,NA,0,1,0,1,-79.89243,-2.27359,12.2249999046325,22.0499992370605,2.39999997615814
"178",31653,2,1,2,"2013-02-26",9,"Baja",1,0,1,0,0,3,1,1,0,0,0,0,NA,NA,0,1,1,1,-79.89243,-2.27359,12.2249999046325,22.0499992370605,2.39999997615814
"179",33206,2,1,2,"2013-02-27",9,"Baja",1,2,2,0,0,3,1,NA,0,0,NA,0,NA,NA,0,1,0,64,-79.89243,-2.27359,12.2249999046325,22.0499992370605,2.39999997615814
"180",31610,5,1,5,"2013-02-26",9,"Baja",1,0,6,0,0,3,1,1,0,0,0,0,NA,NA,0,1,0,23,-79.89243,-2.27359,12.2249999046325,22.0499992370605,2.39999997615814
"181",8693,50,1,50,"2014-11-13",98,"Media",1,1,4,1,3,3,1,1,1,0,0,0,1,1,384,0,0,1,-79.8883,-2.11892,0,0,0
"182",8676,54,1,54,"2014-11-12",98,"Media",1,0,4,1,4,3,1,1,1,0,0,0,0,1,24857,1,0,1,-79.88585,-2.12175,0,0,0
"183",8554,16,1,16,"2014-11-10",98,"Media",1,1,3,1,5,7,1,1,0,0,0,0,1,1,24948,NA,NA,1,-79.8838,-2.11859,0,0,0
"184",8646,158,1,158,"2014-11-12",98,"Media",1,0,3,1,6,3,1,1,0,0,0,0,1,1,2048,0,1,1,-79.8862,-2.11995,0,0,0
"185",21611,72,1,72,"2014-08-18",86,"Media",1,0,2,0,0,2,0,1,0,0,1,0,1,0,24300,1,0,1,-79.91423,-2.12539,0,0.100000001490116,0
"186",21864,265,1,265,"2014-08-21",86,"Media",1,2,4,1,12,3,1,1,0,1,1,1,1,1,77658,1,0,1,-79.91674,-2.12358,0,0.100000001490116,0
"187",21911,1,1,1,"2014-08-22",86,"Media",1,1,3,1,3,3,1,1,1,0,1,1,1,1,637,1,0,1,-79.91565,-2.12226,0,0.100000001490116,0
"188",21881,36,1,36,"2014-08-22",86,"Media",1,2,4,1,12,3,1,1,1,0,1,1,0,1,722,1,1,1,-79.91728,-2.12451,0,0.100000001490116,0
"189",23567,74,1,74,"2014-08-21",86,"Media",1,0,2,0,0,2,1,1,1,0,1,1,1,0,100920,1,0,1,-79.91678,-2.12483,0,0.100000001490116,0
"190",21714,4,1,4,"2014-08-18",86,"Media",1,2,2,1,0,3,0,1,0,0,1,0,0,1,68076,1,1,1,-79.91499,-2.12433,0,0.100000001490116,0
"191",21767,47,1,47,"2014-08-19",86,"Media",1,1,4,0,0,4,1,1,0,0,1,1,0,0,255600,1,0,1,-79.91591,-2.12575,0,0.100000001490116,0
"192",21699,11,1,11,"2014-08-18",86,"Media",1,3,4,1,0,3,0,1,0,0,1,0,1,0,7200,1,1,1,-79.91492,-2.122231,0,0.100000001490116,0
"193",21877,127,1,127,"2014-08-22",86,"Media",1,2,2,1,3,2,1,1,0,0,0,0,1,1,78570,1,0,1,-79.91728,-2.12451,0,0.100000001490116,0
"194",21857,12,1,12,"2014-08-21",86,"Media",1,1,4,1,8,3,1,1,0,0,1,1,0,0,279212,1,0,1,-79.91667,-2.12516,0,0.100000001490116,0
"195",21873,5,1,5,"2014-08-21",86,"Media",1,3,7,1,3,3,1,1,1,0,1,1,1,0,110450,1,0,1,-79.91628,-2.12456,0,0.100000001490116,0
"196",15835,5,1,5,"2015-01-26",109,"Media",1,1,3,1,24,7,0,1,0,0,0,0,1,0,448,1,0,1,-79.894279,-2.1770305,0,20.8800182987089,0.198481583444688
"197",94,10,2,5,"2014-03-19",64,"Media",1,3,3,0,0,3,1,0,0,0,1,0,0,1,1600,1,1,184,-79.9731,-2.08942,0,2.52500009536743,1.04999995231628
"198",116,3,1,3,"2014-03-19",64,"Media",1,NA,2,0,0,3,1,0,0,0,1,0,0,1,200,1,1,68,-79.9731,-2.08942,0,2.52500009536743,1.04999995231628
"199",131,2,2,1,"2014-03-19",64,"Media",1,5,2,0,0,3,1,0,0,0,1,0,0,1,3,1,1,208,-79.9731,-2.08942,0,2.52500009536743,1.04999995231628
"200",134,5,1,5,"2014-03-19",64,"Media",0,4,2,0,0,3,1,0,0,0,1,0,0,1,1,1,1,1,-79.9731,-2.08942,0,2.52500009536743,1.04999995231628
"201",63,1,1,1,"2014-03-18",64,"Media",1,4,1,0,0,3,1,0,0,0,1,0,0,1,200,1,0,68,-79.9731,-2.08942,0,2.52500009536743,1.04999995231628
"202",79,12,2,6,"2014-03-18",64,"Media",1,2,1,0,0,3,1,0,0,0,1,0,0,1,1200,1,1,48,-79.9731,-2.08942,0,2.52500009536743,1.04999995231628
"203",53,11,2,5.5,"2014-03-18",64,"Media",1,3,2,0,0,0,1,0,0,0,1,0,0,1,2100,1,1,113,-79.9731,-2.08942,0,2.52500009536743,1.04999995231628
"204",58,4,1,4,"2014-03-18",64,"Media",1,1,5,0,0,3,1,0,0,0,0,0,0,0,0,1,0,68,-79.9731,-2.08942,0,2.52500009536743,1.04999995231628
"205",93,4,1,4,"2014-03-19",64,"Media",1,5,7,0,0,3,1,0,0,0,1,0,0,1,1800,0,0,28,-79.9731,-2.08942,0,2.52500009536743,1.04999995231628
"206",80,2,1,2,"2014-03-18",64,"Media",1,1,2,0,0,3,1,0,0,0,1,0,0,1,3000,1,1,92,-79.9731,-2.08942,0,2.52500009536743,1.04999995231628
"207",82,2,1,2,"2014-03-18",64,"Media",1,2,4,0,0,3,1,0,0,0,0,0,0,1,100,1,0,30,-79.9731,-2.08942,0,2.52500009536743,1.04999995231628
"208",38503,21,1,21,"2015-05-20",125,"Media",1,0,4,1,4,3,1,1,0,0,0,1,0,1,336400,1,0,1,-79.88902,-2.24754,0.949999988079071,3.32146250339649,36.14939815158
"209",4823,2,1,2,"2014-01-22",56,"Media",1,0,3,0,0,3,1,0,0,1,1,0,0,0,3,1,1,92,-79.88513,-2.25543,21.4032357865754,0,1.01735645642121
"210",38308,4,1,4,"2015-05-18",125,"Media",1,0,5,1,2,7,1,1,0,0,0,0,0,1,45000,1,0,1,-79.88959,-2.25005,0.949999988079071,3.32146250339649,36.14939815158
"211",38286,46,2,23,"2015-05-18",125,"Media",1,0,2,1,2,7,1,1,0,0,0,0,0,1,5250,1,1,2,-79.8894,-2.25029,0.949999988079071,3.32146250339649,36.14939815158
"212",35853,11,1,11,"2015-04-10",119,"Media",1,3,5,1,12,4,1,1,0,0,1,1,0,1,129960,1,0,1,-79.88167,-2.25697,1.49919831025486,1.33963907229663,18.6080532901632
"213",36041,10,1,10,"2015-04-22",121,"Media",1,0,4,1,12,3,1,1,0,0,1,1,0,1,324900,1,0,1,-79.88167,-2.25697,7.70869638500125,0,1.49919831025486
"214",4788,1,1,1,"2014-01-21",56,"Media",1,0,1,0,0,3,1,0,0,1,1,0,0,0,1,1,0,7,-79.88513,-2.25543,21.4032357865754,0,1.01735645642121
"215",36123,5,1,5,"2015-04-22",121,"Media",1,0,2,1,3,3,1,1,0,0,1,1,0,1,3000,1,0,1,-79.88167,-2.25697,7.70869638500125,0,1.49919831025486
"216",36390,18,1,18,"2015-04-28",122,"Media",1,0,1,1,4,3,1,1,0,0,1,1,0,1,500,1,1,1,-79.88173,-2.25516,20.3737097105773,7.70869638500125,0
"217",35858,56,1,56,"2015-04-10",119,"Media",1,0,4,1,12,4,0,1,0,0,1,1,0,0,10500,1,1,1,-79.88167,-2.25697,1.49919831025486,1.33963907229663,18.6080532901632
"218",36122,10,2,5,"2015-04-23",121,"Media",1,0,2,1,3,3,1,1,0,0,0,1,0,1,13000,1,0,2,-79.88094,-2.25723,7.70869638500125,0,1.49919831025486
"219",38276,2,1,2,"2015-05-18",125,"Media",1,2,5,1,2,7,1,1,0,0,0,0,0,1,24000,1,0,1,-79.8895,-2.25069,0.949999988079071,3.32146250339649,36.14939815158
"220",40229,3,1,3,"2015-07-13",133,"Media",1,1,5,1,24,3,0,1,1,0,1,1,0,1,7200,1,0,1,-79.88106,-2.2557,0.100000001490116,0,0
"221",36179,1,1,1,"2015-04-22",121,"Media",1,1,3,1,3,3,1,1,0,0,1,1,1,1,500,1,0,1,-79.88167,-2.25697,7.70869638500125,0,1.49919831025486
"222",36183,45,2,22.5,"2015-04-22",121,"Media",1,5,6,1,2,3,1,1,0,0,1,1,0,1,300,1,0,2,-79.88167,-2.25697,7.70869638500125,0,1.49919831025486
"223",36105,13,2,6.5,"2015-04-22",121,"Media",1,0,6,1,3,3,1,1,0,0,1,1,0,1,41000,1,0,2,-79.88167,-2.25697,7.70869638500125,0,1.49919831025486
"224",35820,5,1,5,"2015-04-10",119,"Media",1,0,2,1,12,4,1,1,0,0,1,1,0,1,0,1,1,1,-79.88167,-2.25697,1.49919831025486,1.33963907229663,18.6080532901632
"225",35829,7,1,7,"2015-04-10",119,"Media",1,3,2,1,12,2,1,1,0,0,1,0,0,1,168200,1,0,1,-79.8799,-2.254835,1.49919831025486,1.33963907229663,18.6080532901632
"226",42312,161,1,161,"2015-10-23",147,"Media",1,1,3,1,24,4,0,1,0,0,1,0,0,1,147,1,1,1,-79.88687,-2.25717,0.100000001490116,0.050000000745058,11.1047064911646
"227",40197,1,1,1,"2015-07-13",133,"Media",1,0,12,1,24,3,0,1,1,0,1,1,0,1,216000,0,0,1,-79.88126,-2.25722,0.100000001490116,0,0
"228",36397,3,1,3,"2015-04-28",122,"Media",NA,0,1,1,3,3,1,1,0,0,1,1,0,1,180000,1,0,1,-79.88189,-2.25356,20.3737097105773,7.70869638500125,0
"229",36378,39,1,39,"2015-04-28",122,"Media",1,3,2,1,3,3,1,1,0,0,1,1,0,1,21600,1,0,1,-79.88156,-2.25535,20.3737097105773,7.70869638500125,0
"230",4386,2,1,2,"2014-07-30",83,"Media",1,2,3,0,0,3,1,1,1,0,1,1,0,0,4500,0,1,1,-79.9462,-2.13019,0.349999994039536,0,0.100000001490116
"231",46057,2,1,2,"2016-06-16",181,"Media",1,0,4,0,0,3,1,1,0,0,0,0,0,1,3e+05,1,1,1,-79.90147,-2.25214,0,0,0.195639428245873
"232",46109,5,2,2.5,"2016-06-17",181,"Media",1,1,4,0,0,3,1,1,0,1,1,0,0,1,76375,1,0,2,-79.90452,-2.25211,0,0,0.195639428245873
"233",45816,4,1,4,"2016-06-14",181,"Media",1,2,3,0,0,3,1,1,1,1,0,0,0,1,121000,1,0,1,-79.90367,-2.25159,0,0,0.195639428245873
"234",45792,4,1,4,"2016-06-14",181,"Media",1,1,5,0,0,3,1,1,0,1,0,0,0,1,121000,1,0,1,999999,999999,0,0,0.195639428245873
"235",46007,2,1,2,"2016-06-16",181,"Media",1,1,3,0,0,3,1,1,0,1,1,0,0,1,400,0,0,1,-79.90005,-2.25214,0,0,0.195639428245873
"236",45251,10,1,10,"2016-06-24",182,"Media",1,2,7,0,0,3,1,1,0,1,1,1,0,1,4200,1,1,1,-79.89902,-2.25446,0,0,0
"237",3818,5,1,5,"2014-07-17",81,"Baja",1,NA,1,0,0,3,1,1,0,0,1,1,0,1,127512,1,0,1,-79.91024,-2.24978,0.100000001490116,0,0
"238",3864,4,1,4,"2014-07-18",81,"Baja",1,3,6,0,0,3,1,1,1,0,1,1,0,0,414540,1,0,1,-79.9065,-2.25133,0.100000001490116,0,0
"239",3808,2,1,2,"2014-07-17",81,"Baja",1,2,3,0,0,3,1,1,1,0,1,1,1,0,14880,1,0,1,-79.91011,-2.24912,0.100000001490116,0,0
"240",15013,97,1,97,"2014-09-23",91,"Baja",0,0,1,1,6,3,1,1,0,0,1,1,0,1,201840,NA,1,1,-79.912835,-2.22835,0.5,7.87899591386623,0
"241",14922,75,1,75,"2014-09-22",91,"Baja",1,0,2,1,6,3,1,1,0,0,1,1,0,1,254100,1,0,1,-79.91306,-2.22958,0.5,7.87899591386623,0
"242",14950,9,1,9,"2014-09-23",91,"Baja",1,0,2,1,6,3,1,1,0,0,1,1,1,1,66550,1,0,1,-79.91306,-2.22939,0.5,7.87899591386623,0
"243",15035,28,1,28,"2014-09-24",91,"Baja",1,2,3,1,12,3,1,1,0,0,1,1,0,1,60500,0,0,1,-79.91264,-2.22798,0.5,7.87899591386623,0
"244",16846,8,1,8,"2014-09-26",91,"Baja",1,0,2,1,6,4,1,1,0,0,1,0,0,1,0,0,0,1,-79.91148,-2.22847,0.5,7.87899591386623,0
"245",15271,109,1,109,"2014-09-25",91,"Baja",1,2,4,1,12,7,1,1,0,0,0,0,0,1,156645,1,0,1,-79.91142,-2.22913,0.5,7.87899591386623,0
"246",15052,1,1,1,"2014-09-24",91,"Baja",0,0,2,1,12,3,1,1,0,0,1,0,1,0,980,1,0,1,-79.91357,-2.22805,0.5,7.87899591386623,0
"247",15290,1,1,1,"2014-09-25",91,"Baja",1,2,3,1,12,3,1,1,0,0,1,1,0,1,256608,1,0,1,-79.91148,-2.22884,0.5,7.87899591386623,0
"248",15232,196,2,98,"2014-09-25",91,"Baja",1,2,4,1,6,7,1,1,0,0,1,1,0,1,11386.5,1,0,2,-79.91167,-2.22949,0.5,7.87899591386623,0
"249",14943,18,1,18,"2014-09-22",91,"Baja",1,3,4,1,6,3,1,1,0,0,1,1,0,1,275968,1,0,1,-79.91309,-2.2293,0.5,7.87899591386623,0
"250",17027,5,1,5,"2014-09-29",92,"Baja",0,0,3,1,12,4,1,1,0,0,1,1,0,1,421648,1,0,1,-79.91019,-2.2278,0,0.5,7.87899591386623
"251",15118,110,2,55,"2014-09-24",91,"Baja",1,0,5,1,12,3,1,1,0,0,1,0,0,1,104520,1,NA,2,-79.91244,-2.2276,0.5,7.87899591386623,0
"252",15301,191,2,95.5,"2014-09-25",91,"Baja",1,1,6,1,12,3,1,1,0,0,1,1,0,1,128440,1,1,2,-79.91142,-2.22862,0.5,7.87899591386623,0
"253",14890,1,1,1,"2014-09-22",91,"Baja",1,1,3,1,9,3,1,1,0,0,1,1,0,1,4608,0,1,1,-79.91308,-2.22992,0.5,7.87899591386623,0
"254",16853,3,1,3,"2014-09-26",91,"Baja",1,0,2,1,12,3,1,1,0,0,1,1,0,1,399748,1,0,1,-79.91172,-2.22847,0.5,7.87899591386623,0
"255",15215,274,1,274,"2014-09-25",91,"Baja",0,1,4,1,12,7,1,1,0,0,1,1,0,1,900,1,0,1,-79.91178,-2.22989,0.5,7.87899591386623,0
"256",15138,3,1,3,"2014-09-24",91,"Baja",0,2,3,1,12,3,1,1,0,0,1,1,0,1,226265,0,1,1,-79.91231,-2.22777,0.5,7.87899591386623,0
"257",16862,5,1,5,"2014-09-26",91,"Baja",1,3,3,1,12,3,1,1,0,0,1,1,0,1,211185,1,1,1,-79.91146,-2.22793,0.5,7.87899591386623,0
"258",15244,29,2,14.5,"2014-09-25",91,"Baja",1,0,7,1,12,4,1,1,0,0,1,1,0,1,60250,0,NA,2,-79.91142,-2.22962,0.5,7.87899591386623,0
"259",15186,202,1,202,"2014-09-24",91,"Baja",1,0,4,1,6,3,1,1,0,0,1,1,1,0,108241,0,1,1,-79.91216,-2.22804,0.5,7.87899591386623,0
"260",15098,8,1,8,"2014-09-24",91,"Baja",0,1,4,1,12,3,1,1,0,0,1,0,0,1,316216,1,0,1,-79.9127,-2.22782,0.5,7.87899591386623,0
"261",15218,12,1,12,"2014-09-25",91,"Baja",0,3,2,1,12,7,1,1,0,0,1,1,0,1,259920,0,0,1,-79.91178,-2.22961,0.5,7.87899591386623,0
"262",15165,7,1,7,"2014-09-24",91,"Baja",1,1,5,1,6,3,1,1,0,0,1,1,0,1,126405,1,1,1,-79.91238,-2.22795,0.5,7.87899591386623,0
"263",17041,3,1,3,"2014-09-29",92,"Baja",1,0,4,1,12,4,1,1,0,0,1,0,0,1,52215,0,NA,1,-79.91009,-2.22827,0,0.5,7.87899591386623
"264",16962,17,1,17,"2014-09-29",92,"Baja",1,0,2,1,12,4,1,1,0,0,1,1,0,1,113715,1,0,1,-79.91055,-2.22884,0,0.5,7.87899591386623
"265",14858,2,1,2,"2014-09-22",91,"Baja",1,2,4,1,6,7,1,1,0,0,1,0,0,1,64827,0,1,1,-79.91292,-2.23036,0.5,7.87899591386623,0
"266",16899,29,2,14.5,"2014-09-26",91,"Baja",1,2,2,1,12,3,1,1,0,0,0,1,0,1,167740,1,1,2,-79.91111,-2.22791,0.5,7.87899591386623,0
"267",16973,39,1,39,"2014-09-29",92,"Baja",1,1,2,1,6,3,1,1,0,0,0,0,0,1,225792,1,0,1,-79.91095,-2.22887,0,0.5,7.87899591386623
"268",14843,31,2,15.5,"2014-09-22",91,"Baja",1,1,6,1,4,7,1,1,0,0,1,0,0,1,197668.5,1,0,2,-79.91297,-2.23046,0.5,7.87899591386623,0
"269",14869,101,1,101,"2014-09-22",91,"Baja",1,0,2,1,4,7,1,1,1,0,1,1,0,1,4046,1,1,1,-79.91273,-2.23009,0.5,7.87899591386623,0
"270",47935,30,1,30,"2016-08-25",191,"Media",1,0,5,0,0,7,1,1,0,1,0,1,1,0,2240,1,1,1,-79.9054,-2.23371,0,0,0.349999994039536
"271",47786,54,1,54,"2016-08-18",190,"Media",1,2,6,0,0,7,1,1,0,0,0,0,1,0,2000,1,1,1,-79.8398,-2.23581,0,0.349999994039536,0
"272",47915,1,1,1,"2016-08-25",191,"Media",1,0,2,0,0,7,1,1,0,0,0,0,1,0,272250,NA,1,1,-79.90456,-2.23266,0,0,0.349999994039536
"273",1577,3,1,3,"2014-02-19",60,"Media",1,NA,4,0,0,3,1,1,0,0,1,1,0,1,1200,1,0,24,-79.90971,-2.23138,1.24122917220353,13.5736877726124,1.0561458430369
"274",1527,1,1,1,"2014-02-18",60,"Media",1,NA,4,0,0,3,1,1,0,0,1,0,0,0,2,1,1,1,-79.90971,-2.23138,1.24122917220353,13.5736877726124,1.0561458430369
"275",8283,25,1,25,"2014-10-24",95,"Media",1,3,2,1,3,3,1,1,0,0,1,1,0,1,36608,1,1,1,-79.93777,-2.16048,0.100000001490116,0.101416329068849,11.3128338561704
"276",8273,25,1,25,"2014-10-24",95,"Media",1,0,3,1,3,3,1,1,0,0,1,0,0,1,151250,0,0,1,-79.93796,-2.16021,0.100000001490116,0.101416329068849,11.3128338561704
"277",8285,39,2,19.5,"2014-10-24",95,"Media",1,3,3,1,3,3,1,1,0,0,1,1,0,1,164125,0,0,2,-79.93777,-2.16048,0.100000001490116,0.101416329068849,11.3128338561704
"278",8177,5,1,5,"2014-10-23",95,"Media",1,0,5,1,12,3,1,1,0,0,1,1,0,1,25200,1,0,1,-79.93636,-2.158835,0.100000001490116,0.101416329068849,11.3128338561704
"279",46012,1,1,1,"2016-05-12",176,"Media",1,2,2,1,24,3,1,1,0,0,0,0,0,1,175000,1,0,1,-79.91712,-2.15135,4.125,40.1999988555908,17.3249998092651
"280",46716,35,1,35,"2016-05-02",175,"Media",1,0,3,0,0,4,1,1,1,1,1,1,0,1,900,1,1,1,-79.91827,-2.15072,40.1999988555908,17.3249998092651,7.04999995231628
"281",46682,30,2,15,"2016-04-28",174,"Media",1,4,2,0,0,3,1,1,0,1,0,1,0,1,6000,1,1,2,-79.91785,-2.15045,17.3249998092651,7.04999995231628,0
"282",1745,1,1,1,"2014-02-10",59,"Media",1,2,5,0,0,3,1,1,0,0,1,0,0,0,0,1,1,1,-79.92111,-2.14746,11.8249998092651,1.80000001192092,0
"283",46705,91,1,91,"2016-04-29",174,"Media",1,1,2,0,0,3,1,1,1,1,1,1,0,0,1500,1,1,1,999999,999999,17.3249998092651,7.04999995231628,0
"284",46680,4,1,4,"2016-04-28",174,"Media",1,0,1,0,0,2,1,1,1,1,1,1,1,1,15,1,1,1,-79.9176,-2.15016,17.3249998092651,7.04999995231628,0
"285",1715,1,1,1,"2014-02-10",59,"Media",1,3,3,0,0,3,1,1,1,0,1,0,1,1,0,1,0,85,-79.92111,-2.14746,11.8249998092651,1.80000001192092,0
"286",46694,1,1,1,"2016-04-29",174,"Media",1,0,3,0,0,3,1,1,1,1,1,1,0,1,84,NA,1,1,-79.91752,-2.15066,17.3249998092651,7.04999995231628,0
"287",46922,52,1,52,"2016-05-05",175,"Media",1,3,5,0,0,4,1,1,1,1,1,1,0,1,18000,0,0,1,-79.91915,-2.15066,40.1999988555908,17.3249998092651,7.04999995231628
"288",46955,1,1,1,"2016-05-06",175,"Media",1,1,3,0,0,4,1,1,0,0,0,1,0,1,18000,1,0,1,-79.92998,-2.45005,40.1999988555908,17.3249998092651,7.04999995231628
"289",46891,8,1,8,"2016-05-04",175,"Media",1,0,6,0,0,4,1,1,0,1,1,1,0,1,15000,1,1,1,-79.91929,-2.15069,40.1999988555908,17.3249998092651,7.04999995231628
"290",46693,11,1,11,"2016-04-29",174,"Media",1,1,4,0,0,3,1,1,1,1,1,0,0,1,45000,1,0,1,-79.91738,-2.105059,17.3249998092651,7.04999995231628,0
"291",46692,1,1,1,"2016-04-29",174,"Media",1,1,6,0,0,2,1,1,1,1,1,1,0,1,125000,0,0,1,-79.91759,-2.15017,17.3249998092651,7.04999995231628,0
"292",46712,66,1,66,"2016-05-02",175,"Media",1,1,7,0,0,4,1,1,0,1,1,1,0,1,32000,1,0,1,-79.91822,-2.15094,40.1999988555908,17.3249998092651,7.04999995231628
"293",45978,4,1,4,"2016-05-11",176,"Media",1,3,2,0,0,3,NA,1,0,1,1,1,0,1,36000,0,1,1,-79.91661,-2.1508,4.125,40.1999988555908,17.3249998092651
"294",45919,7,1,7,"2016-05-10",176,"Media",1,1,4,0,0,4,1,1,0,0,0,1,0,1,1000,1,1,1,-79.91653,-2.15031,4.125,40.1999988555908,17.3249998092651
"295",46698,136,3,45.3333333333333,"2016-04-29",174,"Media",0,0,2,0,0,3,1,1,0,0,0,0,1,1,36666.6666666667,1,0,3,-79.91718,-2.15058,17.3249998092651,7.04999995231628,0
"296",3972,1,1,1,"2014-06-24",78,"Baja",1,NA,2,0,0,3,1,0,0,0,1,1,0,1,52510,1,0,1,-79.99625,-2.11709,0,0,0
"297",3902,6,1,6,"2014-06-23",78,"Baja",1,NA,3,0,NA,3,1,0,0,0,1,1,0,1,26255,1,0,1,-79.99318,-2.12367,0,0,0
"298",4086,4,1,4,"2014-06-26",78,"Baja",1,NA,2,0,0,3,1,0,0,0,1,1,0,1,124362,1,0,1,-79.99768,-2.11876,0,0,0
"299",4143,4,1,4,"2014-06-27",78,"Baja",1,NA,3,0,0,3,1,0,0,0,1,1,0,1,312000,1,0,1,-79.9987,-2.11904,0,0,0
"300",4078,3,1,3,"2014-06-26",78,"Baja",1,2,2,0,0,3,1,0,0,0,1,1,0,1,354816,1,0,1,-79.99786,-2.1191,0,0,0
"301",3901,2,1,2,"2014-06-23",78,"Baja",1,NA,4,0,NA,3,1,0,0,0,1,1,0,1,17710,1,1,1,-79.99352,-2.12393,0,0,0
"302",15464,10,1,10,"2015-01-19",108,"Media",1,1,1,1,12,4,1,1,0,0,1,1,0,1,73600,1,0,1,-79.94061,-2.08476,15.5099998474121,0.629999995231628,9.70999984741211
"303",13727,4,1,4,"2014-12-03",101,"Media",1,0,1,0,0,3,1,1,0,0,0,0,0,1,12005,1,1,1,-79.91547,-2.08649,0,0,0
"304",47131,6,1,6,"2016-06-03",179,"Baja",1,0,3,0,0,3,1,0,1,1,0,1,0,1,90750,1,NA,1,-79.967382,-2.124495,0.583013382269444,0.233270604050988,0.952318774351694
"305",47185,6,1,6,"2016-06-08",180,"Baja",1,2,4,0,0,3,0,0,0,0,0,1,0,1,300,1,1,146,-79.96637,-2.12365,0,0.583013382269444,0.233270604050988
"306",47199,59,1,59,"2016-06-03",179,"Baja",1,0,6,0,0,3,1,0,0,0,0,1,0,1,9000,1,0,1,-79.967667,-2.126442,0.583013382269444,0.233270604050988,0.952318774351694
"307",47111,47,2,23.5,"2016-06-03",179,"Baja",1,0,3,0,0,3,1,0,0,0,0,1,0,1,162500,NA,0,2,-79.9679,-2.125,0.583013382269444,0.233270604050988,0.952318774351694
"308",46911,50,1,50,"2016-05-31",179,"Baja",1,0,5,0,0,3,NA,0,1,0,0,1,0,NA,211750,1,0,1,-79.96852,-2.12098,0.583013382269444,0.233270604050988,0.952318774351694
"309",47028,15,1,15,"2016-06-02",179,"Baja",1,1,2,0,0,3,1,0,0,1,0,1,1,1,10000,1,1,1,-79.9671,-2.12268,0.583013382269444,0.233270604050988,0.952318774351694
"310",47045,94,1,94,"2016-06-07",180,"Baja",1,7,4,0,0,3,1,0,0,0,0,1,0,1,181500,1,0,1,-79.966957,-2.126447,0,0.583013382269444,0.233270604050988
"311",47224,219,1,219,"2016-06-08",180,"Baja",1,1,4,0,0,3,1,0,0,0,1,1,1,NA,27000,1,1,1,-79.96677,-2.12349,0,0.583013382269444,0.233270604050988
"312",47225,3,1,3,"2016-06-03",179,"Baja",1,0,3,0,0,3,1,0,0,1,0,1,0,1,157300,0,0,1,-79.967675,-2.126707,0.583013382269444,0.233270604050988,0.952318774351694
"313",47353,151,3,50.3333333333333,"2016-06-10",180,"Baja",1,0,1,0,0,3,1,0,0,0,0,1,1,1,398,1,1,3,-79.96689,-2.12126,0,0.583013382269444,0.233270604050988
"314",47402,12,1,12,"2016-06-10",180,"Baja",1,1,3,0,0,3,0,0,0,0,0,1,0,0,151250,1,0,1,-79.96822,-2.12081,0,0.583013382269444,0.233270604050988
"315",2,2,1,2,"2014-03-17",64,"Media",1,3,4,0,0,3,1,1,0,0,0,0,0,1,200,1,0,1,-79.95993,-2.10341,1.60000002384185,0.699999988079071,5.73010326115053
"316",23,13,2,6.5,"2014-03-17",64,"Media",1,3,2,0,0,3,1,1,0,0,0,0,0,1,175,1,0,69,-79.95993,-2.10341,1.60000002384185,0.699999988079071,5.73010326115053
"317",41,3,1,3,"2014-03-17",64,"Media",1,0,1,0,0,3,1,1,0,0,1,0,0,1,200,1,1,68,-79.95993,-2.10341,1.60000002384185,0.699999988079071,5.73010326115053
"318",48095,4,1,4,"2016-08-11",189,"Media",1,0,2,0,0,3,1,0,1,1,0,1,0,0,288,1,1,1,-79.95038,-2.10139,0.152180616640319,0,0.25
"319",48107,31,2,15.5,"2016-08-11",189,"Media",1,2,3,0,0,4,1,0,1,1,0,1,0,1,13375,1,0,2,-79.95106,-2.1163,0.152180616640319,0,0.25
"320",48125,127,1,127,"2016-08-15",190,"Media",1,1,4,0,0,3,1,1,1,0,0,1,1,0,62500,0,0,1,-79.95175,-2.10228,0,0.152180616640319,0
"321",48139,3,1,3,"2016-08-15",190,"Media",1,2,2,0,0,3,1,1,0,1,0,0,0,1,121000,1,0,1,-79.9521,-2.10117,0,0.152180616640319,0
"322",48175,25,1,25,"2016-08-16",190,"Media",1,2,8,1,10,4,0,0,0,1,0,1,0,1,2000,0,1,1,-79.95248,-2.10181,0,0.152180616640319,0
"323",48188,26,1,26,"2016-08-16",190,"Media",1,5,10,0,0,4,1,1,0,1,0,1,0,0,25000,0,0,1,-79.95288,-2.10158,0,0.152180616640319,0
"324",48191,18,1,18,"2016-08-16",190,"Media",1,1,2,1,2,3,1,1,0,0,0,1,0,1,144000,1,0,1,-79.95284,-2.10113,0,0.152180616640319,0
"325",7714,18,1,18,"2014-09-15",90,"Baja",1,0,6,1,6,4,NA,0,0,0,1,1,0,1,40560,1,0,1,-79.95956,-2.09777,8.37120825987696,0,0
"326",14490,32,1,32,"2014-09-18",90,"Baja",0,1,2,1,6,3,1,0,0,0,1,1,0,1,53824,1,0,1,-79.95915,-2.0976,8.37120825987696,0,0
"327",7711,1,1,1,"2014-09-15",90,"Baja",1,0,4,1,6,3,1,0,0,0,1,1,0,1,19494,1,NA,1,-79.95981,-2.09796,8.37120825987696,0,0
"328",7719,4,1,4,"2014-09-15",90,"Baja",1,2,5,0,0,3,1,0,0,0,0,1,0,1,181500,1,0,1,-79.96015,-2.1005,8.37120825987696,0,0
"329",14570,2,1,2,"2014-09-18",90,"Baja",1,1,6,1,12,4,1,0,0,0,1,1,0,1,17920,1,0,1,-79.95933,-2.09812,8.37120825987696,0,0
"330",7801,14,1,14,"2014-09-17",90,"Baja",1,3,2,1,12,3,1,0,1,0,1,1,0,1,201438,1,0,1,-79.95902,-2.09707,8.37120825987696,0,0
"331",14671,13,1,13,"2014-09-19",90,"Baja",NA,3,3,1,6,3,1,0,0,0,0,1,0,1,33640,1,NA,1,-79.95975,-2.10021,8.37120825987696,0,0
"332",14546,9,1,9,"2014-09-18",90,"Baja",0,1,5,1,6,4,1,0,0,0,1,1,0,1,338688,1,0,1,-79.95921,-2.09782,8.37120825987696,0,0
"333",7723,70,1,70,"2014-09-15",90,"Baja",1,0,2,1,12,3,1,0,0,1,1,1,1,0,42250,1,1,1,-79.96015,-2.1005,8.37120825987696,0,0
"334",14554,10,1,10,"2014-09-18",90,"Baja",1,0,2,1,12,3,1,0,0,0,1,1,0,1,222024,1,0,1,-79.95905,-2.09778,8.37120825987696,0,0
"335",14509,7,1,7,"2014-09-18",90,"Baja",1,0,5,1,12,3,1,0,0,0,1,1,0,1,486,0,1,1,-79.95935,-2.09771,8.37120825987696,0,0
"336",14753,2,1,2,"2014-09-19",90,"Baja",1,2,2,0,12,3,1,0,0,0,1,1,0,1,205700,0,0,1,-79.95979,-2.1007,8.37120825987696,0,0
"337",14457,5,1,5,"2014-09-18",90,"Baja",1,0,1,1,12,3,1,0,0,0,1,1,0,1,111012,1,0,1,-79.95911,-2.09743,8.37120825987696,0,0
"338",7737,1,1,1,"2014-09-16",90,"Baja",1,1,2,1,7,3,1,0,0,0,1,1,0,1,1658944,1,1,1,-79.95963,-2.09723,8.37120825987696,0,0
"339",14695,15,1,15,"2014-09-19",90,"Baja",1,3,4,1,12,4,1,0,1,0,1,1,0,1,75088,1,0,1,-79.9599,-2.10041,8.37120825987696,0,0
"340",14763,11,1,11,"2014-09-19",90,"Baja",1,0,2,1,12,3,1,0,0,0,1,1,0,1,144256,1,0,1,-79.95985,-2.1012,8.37120825987696,0,0
"341",7730,36,1,36,"2014-09-16",90,"Baja",1,0,4,1,6,2,0,0,NA,0,1,1,0,1,2700,1,0,1,-79.9541,-2.09776,8.37120825987696,0,0
"342",14749,8,1,8,"2014-09-19",90,"Baja",1,1,3,1,12,3,1,0,0,0,0,1,0,1,242208,0,0,1,-79.95979,-2.1007,8.37120825987696,0,0
"343",7772,94,3,31.3333333333333,"2014-09-17",90,"Baja",1,2,3,1,6,3,1,0,1,0,1,1,0,1,46428,NA,0,3,-79.95917,-2.09543,8.37120825987696,0,0
"344",14717,31,1,31,"2014-09-19",90,"Baja",NA,1,3,1,12,4,1,0,0,0,1,1,0,1,3300,1,1,1,-79.95979,-2.1007,8.37120825987696,0,0
"345",7246,2,1,2,"2013-02-20",8,"Media",1,4,4,0,0,3,1,0,0,0,0,0,0,0,600,1,0,146,-79.92929,-2.0708,26.0500001907348,11.5749998092651,15.625
"346",7160,2,1,2,"2013-02-19",8,"Media",1,0,3,0,0,3,1,1,0,0,0,0,0,0,5000,1,0,119,-79.92929,-2.0708,26.0500001907348,11.5749998092651,15.625
"347",7147,3,1,3,"2013-02-19",8,"Media",1,NA,4,0,0,3,0,0,1,0,0,0,0,0,100,1,0,7,-79.92929,-2.0708,26.0500001907348,11.5749998092651,15.625
"348",7275,1,1,1,"2013-02-20",8,"Media",1,NA,4,0,0,3,1,0,0,0,0,0,0,0,200,1,0,12,-79.92929,-2.0708,26.0500001907348,11.5749998092651,15.625
"349",7194,13,4,3.25,"2013-02-20",8,"Media",1,1,4,0,0,3,0,0,0,0,0,0,0,0,1250,1,0,364,-79.92929,-2.0708,26.0500001907348,11.5749998092651,15.625
"350",347,1,1,1,"2014-03-26",65,"Media",1,NA,4,0,0,3,1,1,0,0,1,0,0,1,100,1,0,106,-79.91406,-2.19817,16.5271577741583,0.296036264482842,1.4366146130431
"351",264,2,1,2,"2014-03-25",65,"Media",1,NA,6,0,0,3,1,1,0,0,0,0,0,0,3,1,1,92,-79.91406,-2.19817,16.5271577741583,0.296036264482842,1.4366146130431
"352",30743,3,1,3,"2013-02-08",6,"Media",1,0,3,0,0,3,1,NA,NA,NA,NA,0,NA,NA,0,0,0,68,-79.91934,-2.19131,9.06192692289411,0,0.200000002980232
"353",30703,1,1,1,"2013-02-07",6,"Media",1,3,3,0,0,3,1,NA,NA,NA,NA,0,NA,NA,0,1,1,13,-79.91934,-2.19131,9.06192692289411,0,0.200000002980232
"354",2177,2,1,2,"2014-02-28",61,"Media",1,0,2,0,0,3,1,1,0,0,1,0,1,1,3,1,0,92,-79.91182,-2.12645,20.7028108886981,0.575034102670684,10.7423152365361
"355",2036,1,1,1,"2014-02-25",61,"Media",1,0,1,0,0,3,1,1,0,0,1,0,0,1,2,1,1,64,-79.91182,-2.12645,20.7028108886981,0.575034102670684,10.7423152365361
"356",2061,1,1,1,"2014-02-26",61,"Media",1,0,1,0,0,3,1,1,0,0,0,0,0,1,0,1,1,1,-79.91182,-2.12645,20.7028108886981,0.575034102670684,10.7423152365361
"357",2146,5,1,5,"2014-02-27",61,"Media",1,0,3,0,0,3,1,1,0,0,1,0,1,0,8,1,1,137,-79.91182,-2.12645,20.7028108886981,0.575034102670684,10.7423152365361
"358",2024,7,1,7,"2014-02-25",61,"Media",1,0,4,0,0,3,1,1,0,0,1,0,0,1,2,1,0,64,-79.91182,-2.12645,20.7028108886981,0.575034102670684,10.7423152365361
"359",2096,17,1,17,"2014-02-26",61,"Media",1,1,3,0,0,3,0,0,0,0,1,0,0,0,4,1,0,104,-79.91182,-2.12645,20.7028108886981,0.575034102670684,10.7423152365361
"360",24940,1,1,1,"2013-10-16",42,"Media",NA,4,4,0,NA,3,1,NA,0,0,1,0,1,NA,0,1,0,1,-79.91096,-2.11659,3.01619484576651,0.200000002980232,0
"361",47399,2,1,2,"2016-05-30",179,"Media",1,1,4,0,0,4,1,1,0,0,0,0,1,1,272250,1,0,1,-79.91151,-2.12007,0.633647172416335,0.213390913005411,0.989106345578593
"362",3165,3,2,1.5,"2014-06-09",76,"Media",1,6,8,0,0,3,1,1,0,0,1,1,0,1,70938,1,0,2,-79.8775,-2.2535,0,0.194617777077279,0
"363",3186,3,1,3,"2014-06-09",76,"Media",1,NA,1,0,0,3,1,1,0,0,1,1,0,1,2160,1,1,1,-79.8753,-2.25325,0,0.194617777077279,0
"364",3319,2,1,2,"2014-06-12",76,"Media",1,NA,2,0,0,3,1,1,0,0,1,1,0,0,332196,1,0,1,-79.87098,-2.25541,0,0.194617777077279,0
"365",3325,3,1,3,"2014-06-12",76,"Media",1,6,7,0,0,3,1,1,0,0,1,1,0,1,191400,0,0,1,-79.87103,-2.25486,0,0.194617777077279,0
"366",3234,2,1,2,"2014-06-10",76,"Media",1,4,6,0,0,3,1,1,0,0,1,1,0,1,10800,1,0,1,-79.87451,-2.25599,0,0.194617777077279,0
"367",3312,10,1,10,"2014-06-12",76,"Media",1,5,2,0,0,3,1,1,0,0,1,1,1,1,3500,1,1,1,-79.87052,-2.25582,0,0.194617777077279,0
"368",3166,2,1,2,"2014-06-09",76,"Media",1,1,6,0,0,3,1,1,0,0,1,1,1,1,13500,1,0,1,-79.8776,-2.2536,0,0.194617777077279,0
"369",3240,7,2,3.5,"2014-06-10",76,"Media",1,1,6,0,0,3,1,1,0,0,1,1,0,1,153966,1,0,2,-79.87359,-2.25567,0,0.194617777077279,0
"370",9019,2,1,2,"2014-11-25",100,"Media",1,0,4,1,8,3,1,1,0,0,0,0,0,1,64980,0,0,1,-79.93264,-2.22826,0,0,0
"371",8890,144,1,144,"2014-11-24",100,"Media",1,2,3,1,24,3,1,1,1,0,1,1,0,1,117740,1,0,1,-79.93365,-2.22814,0,0,0
"372",9570,10,1,10,"2014-12-01",101,"Media",1,2,4,1,12,3,1,1,1,0,1,1,0,1,427128,1,1,1,-79.93612,-2.22749,0,0,0
"373",8791,821,1,821,"2014-11-24",100,"Media",1,2,1,0,6,3,1,0,0,0,1,0,0,1,181656,0,0,1,-79.93314,-2.22913,0,0,0
"374",9503,270,1,270,"2014-12-01",101,"Media",1,0,5,1,12,3,1,1,1,0,1,1,0,1,297000,1,0,1,-79.93516,-2.22851,0,0,0
"375",8770,7,1,7,"2014-11-24",100,"Media",1,2,2,1,12,3,1,1,0,0,1,0,0,1,168200,0,0,1,-79.93314,-2.22913,0,0,0
"376",8846,16,1,16,"2014-11-24",100,"Media",1,0,4,1,24,3,1,1,0,0,1,0,0,1,99405,0,0,1,-79.93333,-2.22308,0,0,0
"377",9092,74,1,74,"2014-11-25",100,"Media",1,0,2,1,12,3,1,1,0,0,0,0,0,1,51984,1,0,1,-79.93308,-2.22778,0,0,0
"378",8997,7,1,7,"2014-11-25",100,"Media",1,2,3,1,8,3,1,1,1,0,0,0,1,1,980,0,0,1,-79.93264,-2.22829,0,0,0
"379",9448,7,1,7,"2014-11-28",100,"Media",1,1,4,1,24,3,0,1,0,0,1,1,0,0,243670,0,0,146,-79.93256,-2.22713,0,0,0
"380",9194,7,1,7,"2014-11-27",100,"Media",1,2,2,1,12,3,1,1,1,0,1,1,0,1,282576,1,0,1,-79.93621,-2.22541,0,0,0
"381",9436,20,1,20,"2014-11-28",100,"Media",1,1,2,1,8,3,1,0,NA,0,0,0,0,1,640,0,0,1,-79.93468,-2.22916,0,0,0
"382",9235,64,1,64,"2014-11-27",100,"Media",1,0,5,1,12,3,1,1,0,0,1,1,0,1,99225,1,0,1,-79.93763,-2.22461,0,0,0
"383",2245,1,1,1,"2014-05-05",71,"Baja",1,NA,3,0,0,3,1,1,0,0,1,1,0,1,200,1,1,68,-79.91574,-2.24302,40.5392356078982,18.3916150567124,13.1224641646427
"384",46451,12,1,12,"2016-03-14",168,"Media",1,3,5,0,0,3,1,1,0,0,0,0,0,0,1012.5,1,1,1,-79.8889,-2.26823,0,2.51184126729227,0.938179418578818
"385",46568,13,1,13,"2016-03-09",167,"Media",1,2,5,0,0,3,1,1,0,1,0,1,0,1,14850,1,0,1,-79.87861,-2.26724,2.51184126729227,0.938179418578818,2.28072195316653
"386",46393,3,1,3,"2016-03-17",168,"Media",1,1,3,0,0,4,NA,1,1,1,1,0,0,1,10000,1,1,1,-79.88303,-2.26746,0,2.51184126729227,0.938179418578818
"387",46470,5,1,5,"2016-03-17",168,"Media",1,1,4,0,0,3,NA,1,0,1,1,0,0,1,75,1,1,1,-79.88044,-2.26676,0,2.51184126729227,0.938179418578818
"388",6828,3,1,3,"2013-01-28",5,"Media",1,2,4,0,0,2,1,0,0,0,0,0,0,0,0,1,0,146,-79.8789,-2.26599,0,1.39999997615814,0
"389",13553,76,1,76,"2014-12-08",102,"Media",1,0,2,0,24,7,0,0,0,0,1,1,0,1,2178,1,1,1,-79.87811,-2.26591,0,0,0
"390",46475,14,1,14,"2016-03-14",168,"Media",1,0,1,0,0,4,NA,1,1,1,1,1,0,1,50000,1,0,1,-79.88721,-2.26822,0,2.51184126729227,0.938179418578818
"391",13597,2,1,2,"2014-12-08",102,"Media",1,0,4,1,7,4,0,1,0,0,1,0,0,1,124800,0,0,1,-79.87976,-2.26622,0,0,0
"392",13692,56,1,56,"2014-12-09",102,"Media",1,0,2,1,24,3,1,1,0,0,1,0,0,1,54925,1,1,1,-79.88586,-2.2671,0,0,0
"393",46494,1,1,1,"2016-03-18",168,"Media",1,2,2,0,0,4,1,1,0,1,1,1,1,1,101250,1,0,1,-79.8795,-2.26675,0,2.51184126729227,0.938179418578818
"394",46498,586,1,586,"2016-03-14",168,"Media",1,3,2,0,0,4,0,1,1,1,0,1,0,1,10,1,1,1,-79.88569,-2.26761,0,2.51184126729227,0.938179418578818
"395",46547,142,1,142,"2016-03-21",169,"Media",1,0,2,0,0,3,1,1,1,1,1,1,0,1,1250,1,1,1,-79.87805,-2.26794,10.8406878644379,0,2.51184126729227
"396",46402,48,3,16,"2016-03-17",168,"Media",1,0,4,0,0,4,NA,1,1,1,1,1,0,1,66799,NA,0,3,-79.88112,-2.26751,0,2.51184126729227,0.938179418578818
"397",13756,21,1,21,"2014-12-09",102,"Media",1,0,1,1,6,4,1,1,1,0,1,1,1,1,255664,1,0,1,-79.88506,-2.26695,0,0,0
"398",46864,47,1,47,"2016-03-09",167,"Media",1,2,7,0,0,4,1,1,1,1,1,0,0,1,6000,1,0,1,-79.88132,-2.26745,2.51184126729227,0.938179418578818,2.28072195316653
"399",46890,37,1,37,"2016-03-10",167,"Media",1,2,3,0,0,3,NA,NA,1,1,1,0,1,0,8000,NA,1,1,-79.88387,-2.26822,2.51184126729227,0.938179418578818,2.28072195316653
"400",46387,3,1,3,"2016-03-17",168,"Media",1,4,5,0,0,4,NA,1,0,1,1,1,1,1,25000,1,1,1,-79.88308,-2.26736,0,2.51184126729227,0.938179418578818
"401",46480,39,1,39,"2016-03-14",168,"Media",1,2,3,0,0,3,NA,1,1,1,1,1,0,1,12000,1,1,1,-79.88721,-2.26798,0,2.51184126729227,0.938179418578818
"402",46350,6,1,6,"2016-03-16",168,"Media",1,2,12,0,0,3,1,NA,0,1,1,0,1,1,80000,1,0,1,-79.88475,-2.26762,0,2.51184126729227,0.938179418578818
"403",46749,3,1,3,"2016-03-09",167,"Media",1,1,3,0,0,3,1,1,1,0,0,1,0,1,3000,1,1,1,-79.8808,-2.26766,2.51184126729227,0.938179418578818,2.28072195316653
"404",46767,6,1,6,"2016-03-09",167,"Media",1,3,4,0,0,4,1,1,0,1,1,1,0,1,3000,1,1,1,-79.88004,-2.26774,2.51184126729227,0.938179418578818,2.28072195316653
"405",13637,1144,1,1144,"2014-12-08",102,"Media",1,0,7,1,4,3,1,1,1,0,1,1,1,1,67280,1,1,1,-79.88123,-2.26621,0,0,0
"406",14186,5,1,5,"2014-12-11",102,"Media",1,1,4,1,12,3,1,1,0,0,1,1,0,1,134560,1,0,1,-79.88567,-2.26922,0,0,0
"407",46465,73,1,73,"2016-03-14",168,"Media",1,0,5,0,0,4,NA,1,1,1,1,1,0,0,1500,1,1,1,-79.88716,-2.26776,0,2.51184126729227,0.938179418578818
"408",6847,1,1,1,"2013-01-29",5,"Media",1,1,3,0,NA,2,1,1,0,1,0,0,0,0,216000,1,0,146,-79.8789,-2.26599,0,1.39999997615814,0
"409",46479,104,1,104,"2016-03-18",168,"Media",1,4,9,0,0,4,1,1,1,1,1,NA,1,1,1012.5,1,1,1,-79.88005,-2.26681,0,2.51184126729227,0.938179418578818
"410",46343,2,1,2,"2016-03-16",168,"Media",1,1,5,0,0,3,0,1,1,1,1,1,0,1,1200,1,1,1,-79.8848,-2.26765,0,2.51184126729227,0.938179418578818
"411",14142,9,1,9,"2014-12-11",102,"Media",1,0,2,1,12,4,1,1,0,0,1,1,0,1,97470,0,0,1,-79.88697,-2.26935,0,0,0
"412",13584,2,1,2,"2014-12-08",102,"Media",1,2,6,0,24,3,1,1,0,0,1,1,0,1,72000,0,0,1,-79.87934,-2.26618,0,0,0
"413",46491,163,1,163,"2016-03-14",168,"Media",1,0,6,0,0,3,1,1,1,1,0,1,0,1,112.5,1,1,1,-79.88656,-2.26766,0,2.51184126729227,0.938179418578818
"414",46492,4,1,4,"2016-03-18",168,"Media",1,1,4,0,0,4,0,1,0,0,0,1,1,1,2500,1,1,1,-79.87993,-2.26678,0,2.51184126729227,0.938179418578818
"415",6870,2,1,2,"2013-01-29",5,"Media",1,1,3,0,NA,2,1,1,0,0,0,0,0,0,288000,1,0,146,-79.8789,-2.26599,0,1.39999997615814,0
"416",6835,1,1,1,"2013-01-28",5,"Media",1,1,2,0,0,2,1,1,0,1,0,0,0,0,0,1,0,116,-79.8789,-2.26599,0,1.39999997615814,0
"417",13954,123,1,123,"2014-12-10",102,"Media",1,1,3,1,12,3,1,1,0,0,1,1,0,1,30375,1,0,1,-79.8879,-2.26861,0,0,0
"418",13980,35,1,35,"2014-12-10",102,"Media",1,0,4,1,12,4,1,1,1,0,1,1,0,1,204687,1,0,1,-79.88726,-2.26845,0,0,0
"419",47014,7,1,7,"2016-03-10",167,"Media",1,1,4,0,0,4,1,1,1,1,1,1,0,1,375,1,1,1,-79.88645,-2.26582,2.51184126729227,0.938179418578818,2.28072195316653
"420",14014,128,1,128,"2014-12-10",102,"Media",1,2,2,1,12,4,1,1,0,0,1,1,0,1,48735,0,0,1,-79.88647,-2.26806,0,0,0
"421",46942,24,1,24,"2016-03-10",167,"Media",1,1,6,0,0,3,1,1,1,0,0,1,0,1,49,1,1,1,-79.88422,-2.26809,2.51184126729227,0.938179418578818,2.28072195316653
"422",46382,1,1,1,"2016-03-16",168,"Media",1,2,5,0,0,3,0,1,0,1,1,0,1,1,1250,1,1,1,-79.88318,-2.26743,0,2.51184126729227,0.938179418578818
"423",14165,2,1,2,"2014-12-11",102,"Media",1,1,5,1,12,3,1,1,0,0,1,0,0,1,810,0,0,1,-79.88673,-2.26936,0,0,0
"424",13999,182,1,182,"2014-12-10",102,"Media",1,2,2,1,12,4,1,1,0,0,1,1,0,1,50460,1,0,1,-79.8867,-2.26799,0,0,0
"425",46283,1,1,1,"2016-03-22",169,"Baja",1,3,4,0,0,3,1,1,1,0,1,1,0,1,1200000,1,0,1,-79.87581,-2.26434,20.7015761699939,1.43693079913687,1.53347362987473
"426",46269,1,1,1,"2016-03-22",169,"Baja",1,0,3,0,0,3,1,1,1,1,1,1,0,1,4800,1,1,1,999999,999999,20.7015761699939,1.43693079913687,1.53347362987473
"427",45408,5,2,2.5,"2016-04-15",172,"Baja",1,2,4,0,0,3,1,1,1,0,0,1,NA,1,96125,0,0,2,-79.87608,-2.27067,0.198422139705372,1.39892233149729,0.387048583310382
"428",46267,42,1,42,"2016-04-21",173,"Baja",1,1,2,0,0,3,1,1,1,1,1,1,0,1,36000,1,1,1,-79.87555,-2.269085,6.39449382376612,0.198422139705372,1.39892233149729
"429",45404,13,2,6.5,"2016-04-15",172,"Baja",1,2,3,0,0,3,1,1,1,0,0,1,0,1,136125,0,0,2,-79.87605,-2.27052,0.198422139705372,1.39892233149729,0.387048583310382
"430",46833,59,3,19.6666666666667,"2016-04-12",172,"Baja",1,1,5,0,0,3,NA,NA,0,0,0,1,1,1,87000,1,0,3,-79.14824,-2.26672,0.198422139705372,1.39892233149729,0.387048583310382
"431",46844,1,1,1,"2016-04-12",172,"Baja",1,6,3,0,0,6,NA,NA,0,0,0,1,0,1,242000,1,1,1,-79.87659,-2.26694,0.198422139705372,1.39892233149729,0.387048583310382
"432",46286,3,1,3,"2016-03-23",169,"Baja",1,1,3,0,0,3,1,1,1,1,1,1,1,1,90000,1,1,1,-79.87644,-2.2648,20.7015761699939,1.43693079913687,1.53347362987473
"433",46220,1,1,1,"2016-03-22",169,"Baja",1,1,5,0,0,3,1,1,1,1,1,1,0,1,45,1,1,1,-79.87659,-2.26386,20.7015761699939,1.43693079913687,1.53347362987473
"434",46779,1,1,1,"2016-04-12",172,"Baja",1,2,3,1,0,3,1,1,0,1,1,1,0,1,2000,1,1,1,-79.14824,-2.26592,0.198422139705372,1.39892233149729,0.387048583310382
"435",46320,52,1,52,"2016-04-21",173,"Baja",1,1,6,0,0,3,1,1,1,0,0,1,0,0,250000,1,0,1,-79.57524,-2.26836,6.39449382376612,0.198422139705372,1.39892233149729
"436",46176,26,2,13,"2016-03-22",169,"Baja",1,1,3,0,0,3,1,1,1,1,1,1,1,1,26000,1,1,24,-79.87652,-2.2621,20.7015761699939,1.43693079913687,1.53347362987473
"437",46728,11,1,11,"2016-04-07",171,"Baja",1,0,2,1,24,7,1,1,1,1,0,1,0,1,400,1,1,1,-79.87714,-2.26216,1.39892233149729,0.387048583310382,20.7015761699939
"438",46313,2,1,2,"2016-04-21",173,"Baja",1,2,3,0,0,3,1,1,0,0,0,1,0,0,200,1,1,1,-79.87493,-2.26833,6.39449382376612,0.198422139705372,1.39892233149729
"439",46348,1,1,1,"2016-03-23",169,"Baja",1,2,5,0,0,3,1,1,1,1,1,0,0,1,500,NA,0,1,-79.87628,-2.26674,20.7015761699939,1.43693079913687,1.53347362987473
