IDP1,PupaeSum,NumCriaderos,PupaeIndex,Illiteracy,Unemployment,Overcrowding,LarvaePresence,NumChildren,NumAdults,InterruptFreq,InterruptDurHrs,TrashCollectPerWk,LargeSolidColl,SewerConn,FumigLWs,AbateLWs,BiolarvLWs,CanopyUse,ProtectMesh,BreedingSites,VolCriadero,OutsideLocation,DirtyWater,WaterVol,week0,week1,week2
2698,1,1,1,2.522907917,7.420226408,2.37355238,1,1.521666667,3,0,0,3,1,1,0,0,1,0,1,1,150,1,0,51,2.667865585,33.83169108,23.05793827
7673,13,1,13,0.551007631,6.698172764,1.760226269,1,2,3,1,24,3,1,1,0,0,0,0,1,1,2160,0,0,1,0,0,1.324413503
7374,19,1,19,0.551007631,6.698172764,1.760226269,1,0,11,0,0,3,1,1,0,0,0,0,1,0,5103,1,0,1,0,0,1.324413503
7599,4,2,2,0.551007631,6.698172764,1.760226269,1,0,3,1,3,4,1,1,1,0,1,0,0,0,51637.5,0.66,0.33,2,0,0,1.324413503
7653,1,1,1,0.551007631,6.698172764,1.760226269,1,1,1,0,0,4,0,1,0,0,1,0,1,0,750,0,1,1,0,0,1.324413503
29846,7,1,7,1.84816742,9.895732203,4.215658465,1,2,5,0,0,3,1,0.784,1,0,0.135,0,0.25,0.18,0,1,0,1,36.09407959,15.78118084,22.89616769
30092,6,2,3,1.84816742,9.895732203,4.215658465,1,1,3,0,0,3,1,0.724,1,0,0.11,0,0.15,0.13,0,1,1,28,36.09407959,15.78118084,22.89616769
30016,8,2,4,1.84816742,9.895732203,4.215658465,1,0,5,0,0,3,1,0.764,1,0,0.13,0,0.16,0.15,0,1,1,71,36.09407959,15.78118084,22.89616769
29854,24,2,12,1.84816742,9.895732203,4.215658465,1,0,1,0,0,3,1,0.760666667,1,0,0.17,0,0.11,0.2,0,1,1,77,36.09407959,15.78118084,22.89616769
9403,9,1,9,1.84816742,9.895732203,4.215658465,1,0,2,1,3,7,1,1,0,0,0,1,0,1,3168,1,1,1,0,0,0
29826,2,1,2,1.84816742,9.895732203,4.215658465,1,2.552333333,4.180452381,0,0.00E+00,3,1,0.7625,1,0.02,0.236666667,0,0.19,0.15,0,1,1,1,36.09407959,15.78118084,22.89616769
29515,16,1,16,1.84816742,9.895732203,4.215658465,1,0,1,0,0,3,1,0.782105263,0.79875,0.06,0.265,0,0.29,0.4,216000,1,0,1,36.09407959,15.78118084,22.89616769
29811,2,1,2,1.84816742,9.895732203,4.215658465,1,2,5,0,0,3,1,0.754,1,0,0.241666667,0,0.14,0.11,0,1,0,117,36.09407959,15.78118084,22.89616769
9169,9,1,9,1.84816742,9.895732203,4.215658465,1,0,4,1,1,7,1,1,0,0,1,1,0,1,323680,1,0,1,0,0,0
30063,30,1,30,1.84816742,9.895732203,4.215658465,1,3,2,0,0,3,1,0.753166667,1,0,0.15,0,0.13,0.11,0,1,1,116,36.09407959,15.78118084,22.89616769
30049,2,1,2,1.84816742,9.895732203,4.215658465,1,3,5,0,0,3,1,0.7465,1,0,0.226666667,0,0.15,0.11,0,1,1,64,36.09407959,15.78118084,22.89616769
29790,27,3,9,1.84816742,9.895732203,4.215658465,1,0,2,0,0,3,1,0.815666667,1,0,0.2,0,0.18,0.12,0,1,1,296,36.09407959,15.78118084,22.89616769
29938,6,1,6,1.84816742,9.895732203,4.215658465,1,2,8,0,0,3,1,0.754,1,0,0.13,0,0.2,0.18,0,1,0.282363636,1,36.09407959,15.78118084,22.89616769
29526,21,1,21,1.84816742,9.895732203,4.215658465,1,0,2,0,0,3,1,0.792730263,0.80875,0.06,0.255,0,0.28,0.37,360000,1,0,1,36.09407959,15.78118084,22.89616769
29921,1,1,1,1.84816742,9.895732203,4.215658465,1,3,5,0,0,3,1,0.724,1,0,0.263333333,0,0.16,0.14,0,1,0,23,36.09407959,15.78118084,22.89616769
29573,2,1,2,1.84816742,9.895732203,4.215658465,1,4,2,0,0,3,1,0.7565,0.92,0.065,0.246666667,0,0.18,0.18,0,1,0.560863636,1,36.09407959,15.78118084,22.89616769
29561,5,1,5,1.84816742,9.895732203,4.215658465,1,6,3,0,0,3,1,0.742730263,0.78,0.085,0.195,0,0.22,0.34,80000,1,0,1,36.09407959,15.78118084,22.89616769
29935,1,1,1,1.84816742,9.895732203,4.215658465,1,3,4,0,0,3,1,0.7165,1,0,0.258333333,0,0.165,0.13,0,1,1,64,36.09407959,15.78118084,22.89616769
30107,25,2,12,1.84816742,9.895732203,4.215658465,1,0,2,0,0,3,1,0.780666667,1,0,0.15,0,0.18,0.17,0,1,0,90,36.09407959,15.78118084,22.89616769
29588,8,1,8,1.84816742,9.895732203,4.215658465,1,0,3,0,0,3,1,0.783166667,0.92,0.02,0.14,0,0.19,0.13,0,1,1,92,36.09407959,15.78118084,22.89616769
29909,7,1,7,1.84816742,9.895732203,4.215658465,1,0,5,0,0,3,1,0.814,1,0,0.145,0,0.25,0.2,0,1,0,1,36.09407959,15.78118084,22.89616769
28226,1,1,1,0.442735508,6.073761039,1.663977222,1,0,3,0,0,3,1,0.73,0,0,0.73,0,0.68,0.5,0,1,1,1,0.100000001,1.85208489,0
40814,4,1,4,4.927084901,7.559109212,3.277827602,0,3,2,1,0,3,0,1,1,0,1,1,0,1,288000,1,0,1,0,0,0
40803,9,1,9,4.927084901,7.559109212,3.277827602,1,1,5,1,3,3,0,1,0,0,0,1,0,1,180000,0,0,1,0,0,0
29085,14,1,14,5.413085568,8.333836644,2.905306466,1,0,4,0,0,3,1,0.751666667,0,1,0.81,0,0.306666667,0.616666667,0,1,0,1,0.218120967,0.168866063,2.105107975
29093,29,1,29,5.413085568,8.333836644,2.905306466,1,2,3,0,0,3,1,0.691666667,0.506,0.573636364,1,0,0.316666667,0.596666667,0,1,1,18,0.218120967,0.168866063,2.105107975
29235,20,1,20,5.413085568,8.333836644,2.905306466,1,1,5,0,0,3,1,0.711666667,1,0.52,1,0,0.275,0.526666667,0,1,1,23,0.218120967,0.168866063,2.105107975
8074,6,1,6,4.192795944,9.278197785,2.926813009,1,2,5,1,12,2,1,1,1,0,1,1,1,0,198476,1,0,1,0,7.791934182,0
7988,1,1,1,4.192795944,9.278197785,2.926813009,1,0,2,1,4,0,0.79,1,0,0,1,1,0,0.59,300,0,0,1,0,7.791934182,0
8100,4,1,4,4.192795944,9.278197785,2.926813009,1,3,6,1,6,3,1,1,1,0,1,1,0,1,163072,1,0,1,0,7.791934182,0
8395,6,2,3,4.192795944,9.278197785,2.926813009,1,1,5,1,12,3,1,1,0,0,1,1,0,1,161646.5,1,0,2,0.100000001,0,7.791934182
7921,1,1,1,4.192795944,9.278197785,2.926813009,1,1,3,1,3,3,1,1,1,0,1,1,0,1,165888,0,1,1,0,7.791934182,0
8188,16,1,16,4.192795944,9.278197785,2.926813009,1,0,4,1,12,3,1,1,0,0,1,1,0,1,11700,0,0,1,0,7.791934182,0
8345,6,2,3,4.192795944,9.278197785,2.926813009,1,0,4,1,12,3,1,1,0,0,1,1,1,1,221500,1,0,2,0,7.791934182,0
8173,2,1,2,4.192795944,9.278197785,2.926813009,1,3,3,1,12,3,1,1,0,0,1,1,0,1,52920,0,0,1,0,7.791934182,0
8267,21,1,21,4.192795944,9.278197785,2.926813009,1,7,8,1,12,3,1,1,0,0,1,1,0,1,518940,1,0,1,0,7.791934182,0
39493,5,1,5,4.348174896,7.594475546,3.311239906,1,0,1,1,3,4,1,1,0,0,0,1,0,1,27000,1,1,1,0,0.983307185,6.607443922
39515,2,1,2,4.348174896,7.594475546,3.311239906,1,0,2,1,3,7,1,1,0,0,0,1,0,1,9000,1,0,1,0,0.983307185,6.607443922
39611,7,1,7,4.348174896,7.594475546,3.311239906,1,1,2,1,3,4,1,1,0,0,1,1,0,1,100920,1,0,1,0,0.983307185,6.607443922
39543,18,1,18,4.348174896,7.594475546,3.311239906,1,0,2,1,2,3,1,1,0,0,0,0,1,1,384000,1,0,1,0,0.983307185,6.607443922
16261,1,1,1,4.348174896,7.594475546,3.311239906,1,2,2,0,0.55,3,0,0.856666667,0,0,1,0,1,0,1500,1,0,1,0.839095221,13.04689171,0.108176972
17165,6,1,6,4.348174896,7.594475546,3.311239906,1,0,6,1,3,3,1,1,0,0,0,1,0,1,2400,1,0,1,0.80415528,0.839095221,13.04689171
25743,4,1,4,3.539498129,8.983813088,3.046505214,1,2,3,0,0.796666667,3,1,0.676,0,0.36,1,1,1,0.55,0,1,0,65,0,0,0
25572,1,1,1,3.539498129,8.983813088,3.046505214,1,0,4,0,1.78,3,1,0.676,0,0.31,1,1,0,0.54,0,0.83,0.18,68,0,0,0
25772,1,1,1,3.539498129,8.983813088,3.046505214,1,0,2,0,1.38,3,1,0.686,0,0.34,1,1,1,0.52,0,0.86,0.21,28,0,0,0
25607,7,1,7,3.539498129,8.983813088,3.046505214,1,0,5,0,1.57,3,1,0.626,0,0.29,1,0,0,0.47,0,0.86,0.193333333,28,0,0,0
7300,8,1,8,3.717713196,9.951058865,3.86702886,1,2,3,0,0.00E+00,3,1,0,0,0,0,0,0,0,0,1,1,64,35.47476846,16.8189946,23.89589664
7323,6,1,6,3.717713196,9.951058865,3.86702886,1,4,4,0,0.00E+00,3,1,0,0,0,0,0,0,0,5,1,1,116,35.47476846,16.8189946,23.89589664
7297,4,1,4,3.717713196,9.951058865,3.86702886,1,4,8,0,0,3,1,0,0,0,0,0,0,0,0,1,0,29,35.47476846,16.8189946,23.89589664
7313,4,1,4,3.717713196,9.951058865,3.86702886,1,3,6,0,0,3,1,0,0,0,0,0,0,0,10,1,1,29,35.47476846,16.8189946,23.89589664
7316,10,2,5,3.717713196,9.951058865,3.86702886,0,1,3,0,0.00E+00,3,1,0,0,0,0,0,0,0,3,1,1,184,35.47476846,16.8189946,23.89589664
7325,56,2,28,3.717713196,9.951058865,3.86702886,1,1,4,0,0,3,1,0,0,0,0,0,0,0,1801.5,1,1,185,35.47476846,16.8189946,23.89589664
7299,9,1,9,3.717713196,9.951058865,3.86702886,1,1,8,0,0,3,1,0,0,0,0,0,0,0,2400,1,1,65,35.47476846,16.8189946,23.89589664
7298,25,2,12,3.717713196,9.951058865,3.86702886,1,4,2,0,0,3,1,0,0,0,0,0,0,0,600,1,0,150,35.47476846,16.8189946,23.89589664
7318,27,1,27,3.717713196,9.951058865,3.86702886,1,0,3,0,0,3,1,1,0,0,0,0,0,0,0,1,1,1,35.47476846,16.8189946,23.89589664
7335,6,1,6,3.717713196,9.951058865,3.86702886,1,4,5,0,0,3,1,0,0,0,0,0,0,0,1,1,1,23,35.47476846,16.8189946,23.89589664
7342,55,2,28,3.717713196,9.951058865,3.86702886,1,2,4,0,0,3,1,0,0,0,0,0,0,0,250.5,1,1,141,35.47476846,16.8189946,23.89589664
9667,1,1,1,1.479734041,5.695023255,1.642086262,1,0,1,0,0,7,1,0,1,0,1,1,0,1,18000,1,0,1,0,0.050000001,0.527621533
8503,3,1,3,1.479734041,5.695023255,1.642086262,1,0,3,1,3,7,1,1,0,0,1,0,1,1,900,1,1,1,0,0.050000001,0.527621533
9651,6,1,6,1.479734041,5.695023255,1.642086262,1,0,4,0,0,7,1,0,1,0,1,1,0,1,268037,0,0,1,0,0.050000001,0.527621533
9754,51,2,26,1.479734041,5.695023255,1.642086262,1,1,4,0,0,7,1,0,1,0,1,1,0,1,162003.5,1,1,2,0,0.050000001,0.527621533
9678,16,1,16,1.479734041,5.695023255,1.642086262,1,2,2,0,0,7,1,0,1,0,1,0,0,1,115200,0,0,1,0,0.050000001,0.527621533
9732,12,1,12,1.479734041,5.695023255,1.642086262,1,3,2,0,0,7,1,0,1,0,1,1,0,1,312852,0,0,1,0,0.050000001,0.527621533
9522,2,1,2,1.479734041,5.695023255,1.642086262,1,2,3,1,3,7,1,1,1,0,1,0,1,0,8820,1,1,1,0,0.050000001,0.527621533
10588,1,1,1,1.479734041,5.695023255,1.642086262,1,2,2,1,3,7,1,1,0,0,1,0,0,1,96768,1,0,1,0,0.050000001,0.527621533
36857,1,1,1,2.439778094,10.30468659,2.869627853,1,1,4,0,0,3,1,1,0,0,1,1,0,0,350,1,1,1,0,0.100000001,0
25444,3,1,3,2.157188558,8.940933198,2.186899624,1,0,4,0,0,3,1,0.94,0,0,1,0,1,0.5,0,1,0,1,0,0,0
16114,3,1,3,3.744929195,11.7108967,3.033398897,1,0,3,1,3,4,1,1,0,0,1,0,0,1,371200,1,0.17,1,0.169591813,6.992085614,0
15513,10,1,10,3.744929195,11.7108967,3.033398897,1,0,6,1,12,4,1,1,0,0,1,1,0,1,41070,1,1,1,0.169591813,6.992085614,0
16152,5,1,5,3.744929195,11.7108967,3.033398897,1,0,4,0,1.62,3.33,0.77,0.99,0.2,0.18,0.88,0,0.36,0.8275,1728,0,1,1,0.169591813,6.992085614,0
15435,8,1,8,3.744929195,11.7108967,3.033398897,1,0,2,1,12,4,0,1,0,0,1,0,1,1,2560,0,0,1,0.169591813,6.992085614,0
15778,17,1,17,3.744929195,11.7108967,3.033398897,1,0,2,1,2,4,0,1,0,0,1,1,1,1,201840,1,0,1,0.169591813,6.992085614,0
15868,12,1,12,3.744929195,11.7108967,3.033398897,1,0,1,1,2,4,1,1,0,0,1,1,1,1,485980,0,0,1,0.169591813,6.992085614,0
15417,3,1,3,3.744929195,11.7108967,3.033398897,1,0,7,1,1,4,0,1,0,0,1,1,0,1,32856,1,0,1,0.169591813,6.992085614,0
30264,21,3,7,1.833700929,10.7776026,2.285484607,1,3,1,0,0,3,1,0.841,0.41,0,0.5,0,0.166666667,0.3,0,1,1,120,38.34469974,2.296983515,37.33416219
29819,7,1,7,1.833700929,10.7776026,2.285484607,1,0,4,0,0,3,1,0.85,0,0,0.51,0,0.29,0.31,0,1,0,92,38.34469974,2.296983515,37.33416219
29940,1,1,1,1.833700929,10.7776026,2.285484607,1,0,4,0,0,3,1,0.78,1,1,0.66,0,0.318333333,0.34,0,1,0,23,38.34469974,2.296983515,37.33416219
30181,2,1,2,1.833700929,10.7776026,2.285484607,1,0,3,0,0,3,1,0.846,0.385,1,0.67,0,0.265,0.33,0,1,1,64,38.34469974,2.296983515,37.33416219
30082,7,1,7,1.833700929,10.7776026,2.285484607,1,0,2,0,0,3,1,0.896,0,1,0.61,0,0.296428571,0.3975,0,0.99,0.638333333,1,38.34469974,2.296983515,37.33416219
30012,2,1,2,1.833700929,10.7776026,2.285484607,1,2,10,0,0,3,1,0.82,0,1,0.67,0,0.331666667,0.21,0,1,0,104,38.34469974,2.296983515,37.33416219
30503,5,1,5,1.833700929,10.7776026,2.285484607,1,0,2,0,0,3,1,0.846,0.435,1,0.66,0,0.255,0.37,0,1,1,64,38.34469974,2.296983515,37.33416219
30103,2,1,2,1.833700929,10.7776026,2.285484607,1,0,2,0,0,3,1,0.846,0.3,0,0.58,0,0.285,0.37,0,1,1,18,38.34469974,2.296983515,37.33416219
29800,17,1,17,1.833700929,10.7776026,2.285484607,1,0,5,0,0,3,1,0.83,0,1,0.57,0,0.295,0.28,0,1,1,104,38.34469974,2.296983515,37.33416219
30528,7,1,7,1.833700929,10.7776026,2.285484607,1,1,3,0,0,3,1,0.846,0.355,1,0.62,0,0.265,0.26,0,1,1,92,38.34469974,2.296983515,37.33416219
30625,131,4,33,1.833700929,10.7776026,2.285484607,1,4,9,0,0,3,1,0.77,1,0,0.57,0,0.26,0.5,192000,1,0,84,38.34469974,2.296983515,37.33416219
30396,9,2,4,1.833700929,10.7776026,2.285484607,1,0,0,0,0,3,1,0.851,0.35,0.551923077,0.57,0,0.215,0.35,0,1,1,128,38.34469974,2.296983515,37.33416219
30569,2,1,2,1.833700929,10.7776026,2.285484607,0,1,5,0,0,3,1,0.85,0.385,1,0.695,0,0.29,0.26,0,1,0,29,38.34469974,2.296983515,37.33416219
29932,12,1,12,1.833700929,10.7776026,2.285484607,1,0,2,0,0,3,1,0.846,1,1,0.61,0,0.298333333,0.383333333,0,1,0,67,38.34469974,2.296983515,37.33416219
29955,1,1,1,1.833700929,10.7776026,2.285484607,1,2,4,0,0,3,1,0.79,0.47,1,1,0,0.256666667,0.32,0,1,0,29,38.34469974,2.296983515,37.33416219
42071,1,1,1,3.243239104,7.522443737,2.504144281,1,2,3,1,24,3,0,1,0,0,1,1,0,1,252000,1,0,23,0,0,1.618052992
42072,4,1,4,3.243239104,7.522443737,2.504144281,1,2,3,1,24,3,0,1,0,0,1,1,0,1,108000,0,0,1,0,0,1.618052992
43531,24,1,24,3.243239104,7.522443737,2.504144281,1,0,1,1,2,3,0,1,1,0,1,0.9,1,1,450000,1,0,1,0,0,1.618052992
42070,1,1,1,3.243239104,7.522443737,2.504144281,1,1,3,1,24,0,0,1,0,0,1,1,0,1,144000,0,0,1,0,0,1.618052992
42560,9,1,9,3.243239104,7.522443737,2.504144281,1,1.318888889,1,1,6,0,0,0,0,0,0,1,0,1,252000,1,0,1,0.050000001,0,0
37021,17,1,17,4.681992286,8.382207434,3.153643068,1,1,7,1,12,3,1,0,0,0,0,1,0,1,269120,1,0,1,39.65772865,18.09914179,12.80085877
37298,24,2,12,4.681992286,8.382207434,3.153643068,1,2,3,1,2,3,1,0,0,0,0,1,0,1,148016,1,0,2,39.65772865,18.09914179,12.80085877
37233,42,1,42,4.681992286,8.382207434,3.153643068,1,0,5,1,3,3,1,0,0,0,0,1,0,1,100920,1,0,1,39.65772865,18.09914179,12.80085877
37221,30,2,15,4.681992286,8.382207434,3.153643068,1,1,7,0,0,3,1,0,0,0,0,1,0,1,9375,1,0,2,39.65772865,18.09914179,12.80085877
37032,16,1,16,4.681992286,8.382207434,3.153643068,1,0,3,1,3,3,1,0,0,0,0,1,0,1,67280,1,0,1,39.65772865,18.09914179,12.80085877
37293,15,1,15,4.681992286,8.382207434,3.153643068,1,1,7,1,2,3,1,0,0,0,0,1,0,1,67280,0,0,1,39.65772865,18.09914179,12.80085877
37288,7,1,7,4.681992286,8.382207434,3.153643068,1,1,5,1,2,3,1,0,0,0,0,1,0,1,8.00E+05,1,0,1,39.65772865,18.09914179,12.80085877
37182,6,1,6,4.681992286,8.382207434,3.153643068,1,1,3,0,0,3,1,0,0,0,0,1,0,1,5.00E+05,1,0,1,39.65772865,18.09914179,12.80085877
37180,15,1,15,4.681992286,8.382207434,3.153643068,1,7,4,0,0,3,1,0,0,0,0,1,0,1,269120,1,0,1,39.65772865,18.09914179,12.80085877
36995,8,1,8,4.681992286,8.382207434,3.153643068,1,0,2,1,3,3,1,0,0,0,0,1,0,1,1500,1,0,1,39.65772865,18.09914179,12.80085877
37286,5,1,5,4.681992286,8.382207434,3.153643068,1,0,4,1,12,3,1,0,0,0,0,1,0,1,67280,1,0,1,39.65772865,18.09914179,12.80085877
37229,9,1,9,4.681992286,8.382207434,3.153643068,1,1,2,1,2,3,1,0,0,0,0,1,0,1,67280,1,0,1,39.65772865,18.09914179,12.80085877
37025,24,1,24,4.681992286,8.382207434,3.153643068,1,2,4,1,12,3,1,0,0,0,0,1,0,1,400,1,0,1,39.65772865,18.09914179,12.80085877
37243,17,1,17,4.681992286,8.382207434,3.153643068,1,2,4,0,0,7,1,0,0,0,0,1,0,1,1125,1,0,1,39.65772865,18.09914179,12.80085877
37058,35,2,18,4.681992286,8.382207434,3.153643068,1,1,4,1,2,3,1,0,0,0,0,1,0,1,9000,1,0,2,39.65772865,18.09914179,12.80085877
38870,17,1,17,6.284872479,6.332676421,3.224200954,1,3,2,1,2,3,1,1,0,0,1,1,0,1,144000,1,0,1,0.080538297,0,0.938923394
38813,9,1,9,6.284872479,6.332676421,3.224200954,1,2,2,1,2,4,1,0,0,0,1,1,0,1,100920,1,0,1,0.080538297,0,0.938923394
41057,6,1,6,6.284872479,6.332676421,3.224200954,1,4,4,1,3,3,0,0,0,0,1,1,1,1,180000,1,0,1,0,0,0
38750,9,1,9,6.284872479,6.332676421,3.224200954,1,0,3,0,0,4,1,1,0,0,0,1,0,1,108000,1,0,1,0.080538297,0,0.938923394
38785,4,1,4,6.284872479,6.332676421,3.224200954,1,1,4,1,2,4,1,0,0,0,1,1,0,1,269120,1,0,146,0.080538297,0,0.938923394
40954,2,1,2,6.284872479,6.332676421,3.224200954,1,1,4,1,3,3,0,0,0,0,1,1,0,1,144000,1,0,1,0,0,0
38793,24,2,12,6.284872479,6.332676421,3.224200954,1,0,5,1,2,4,1,0,0,0,0,1,0,1,151380,1,0,2,0.080538297,0,0.938923394
38869,2,1,2,6.284872479,6.332676421,3.224200954,1,4,2,1,2,3,1,1,0,0,1,1,0,1,108000,1,0,1,0.080538297,0,0.938923394
38694,14,1,14,6.284872479,6.332676421,3.224200954,1,1,4,1,2,4,1,0,0,0,0,1,0,1,300,1,1,1,0.080538297,0,0.938923394
41075,7,1,7,6.284872479,6.332676421,3.224200954,1,3,4,1,3,3,0,0,0,0,1,1,0,1,144000,1,0,1,0,0,0
38911,4,1,4,6.284872479,6.332676421,3.224200954,1,3,2,1,2,3,1,1,0,0,1,1,0,1,3000,1,1,1,0.080538297,0,0.938923394
47465,4,1,4,6.284872479,6.332676421,3.224200954,1,3,4,0,0,3,1,0,1,0,0,1,0,1,151250,1,0,1,0.100000001,0,0
47429,5,1,5,6.284872479,6.332676421,3.224200954,1,1,6,0,0,4,1,0,1,1,1,1,0,1,151250,1,0,1,0.100000001,0,0
38965,16,1,16,6.284872479,6.332676421,3.224200954,1,2,2,1,2,4,1,0,0,0,0,1,0,1,2000,1,1,1,0.080538297,0,0.938923394
38689,6,1,6,6.284872479,6.332676421,3.224200954,1,0,5,1,12,3,1,1,0,0,0,1,0,1,67280,0,0,1,0.080538297,0,0.938923394
47411,5,1,5,6.284872479,6.332676421,3.224200954,1,1,4,0,0,1,1,1,1,0,1,1,0,1,151250,1,0,1,0.100000001,0,0
38898,7,1,7,6.284872479,6.332676421,3.224200954,1,0,2,1,2,3,1,1,0,0,1,1,0,1,32000,1,0,1,0.080538297,0,0.938923394
37335,11,1,11,6.284872479,6.332676421,3.224200954,1,0,3,1,2,3,1,0,0,0,0,1,0,1,125000,1,0,1,40.53923561,18.39161506,13.12246416
38944,6,1,6,6.284872479,6.332676421,3.224200954,1,2,2,0,0,4,1,0,0,0,1,1,0,1,180000,1,0,1,0.080538297,0,0.938923394
41103,6,1,6,6.284872479,6.332676421,3.224200954,1,2,4,1,3,3,0,0,0,0,1,1,0,1,108000,1,0,1,0,0,0
16710,1,1,1,6.284872479,6.332676421,3.224200954,1,0,2,1,8,4,0,0,0,0,1,1,0,1,97470,1,0,1,1.600000024,1.56376811,5.98561066
38933,8,1,8,6.284872479,6.332676421,3.224200954,1,1,3,0,0,4,1,0,0,0,1,1,0,1,180000,1,0,1,0.080538297,0,0.938923394
16631,1,1,1,6.284872479,6.332676421,3.224200954,1,2,2,1,8,4,0,0.38,0,0,1,1,0,1,67280,1,0,1,1.600000024,1.56376811,5.98561066
45904,3,1,3,6.284872479,6.332676421,3.224200954,1,2,4,0,0,3,1,1,0,0,1,1,0,1,151250,1,1,1,0,0,0
4952,44,2,22,5.463824492,8.686086838,3.874313578,1,1.839956349,3,0,0,3,1,0,0,1,0,1,0,0,60,0,0,244,0,16.53396157,0.255685409
2958,16,1,16,5.049169612,8.395393104,3.788495599,1,2,4,0,0,3,1,0,1,0,1,1,0,1,200,0,0,68,1.028341472,4.24428434,41.68733117
2940,3,1,3,5.049169612,8.395393104,3.788495599,1,1,3,0,0,3,1,0,1,0,1,1,0,1,200,1,0,68,1.028341472,4.24428434,41.68733117
2963,6,1,6,5.049169612,8.395393104,3.788495599,1,3,2,0,0,3,1,0,0,0,1,1,0,1,4,1,1,1,1.028341472,4.24428434,41.68733117
2955,3,1,3,5.049169612,8.395393104,3.788495599,1,1,4,0,0,3,1,0,0,0,1,1,0,1,500,1,0,118,1.028341472,4.24428434,41.68733117
2968,3,1,3,5.049169612,8.395393104,3.788495599,0,1,4,0,0,3,1,0,1,0,1,1,0,1,200,1,0,68,1.028341472,4.24428434,41.68733117
2939,7,1,7,5.049169612,8.395393104,3.788495599,1,2.02452381,5,0,0,3,1,0,1,0,1,1,0,1,200,1,0,68,1.028341472,4.24428434,41.68733117
2972,34,1,34,5.049169612,8.395393104,3.788495599,1,1,5,0,0,3,1,0,1,0,1,1,0,1,150,1,1,51,1.028341472,4.24428434,41.68733117
3005,19,1,19,5.049169612,8.395393104,3.788495599,1,1.920404762,3,0,0,3,1,0,0,0,1,1,0,1,20,1,0,67,1.028341472,4.24428434,41.68733117
2953,15,1,15,5.049169612,8.395393104,3.788495599,1,3,5,0,0,3,1,0,1,0,1,1,0,1,1800,1,0,28,1.028341472,4.24428434,41.68733117
3019,6,1,6,5.049169612,8.395393104,3.788495599,1,3,2,0,0,3,1,0,0,0,1,1,0,1,200,1,0,68,1.028341472,4.24428434,41.68733117
2932,13,1,13,5.049169612,8.395393104,3.788495599,1,1,2,0,0,3,1,0,1,0,1,1,0,0,2,1,1,64,1.028341472,4.24428434,41.68733117
3113,1,1,1,5.049169612,8.395393104,3.788495599,1,2,5,0,0,3,1,0,0,0,1,1,0,1,200,1,0,68,1.028341472,4.24428434,41.68733117
3008,26,1,26,5.049169612,8.395393104,3.788495599,1,1,2,0,0,3,1,0,1,0,1,0,1,1,200,1,0,68,1.028341472,4.24428434,41.68733117
2943,12,1,12,5.049169612,8.395393104,3.788495599,1,3,2,0,0,3,1,0,1,0,1,1,0,1,200,1,0,68,1.028341472,4.24428434,41.68733117
3561,2,1,2,1.956753173,7.54968439,2.305021335,1,3,2,0,0,3,1,1,0,0,1,1,0,1,192280,0,0,1,0,0,0.45319997
3504,5,1,5,1.956753173,7.54968439,2.305021335,1,0,2,0,0,3,1,1,0,0,1,1,0,1,396000,1,0,1,0,0,0.45319997
3597,12,2,6,1.956753173,7.54968439,2.305021335,1,0,4,0,0,3,1,1,0,0,1,1,0,1,30000,1,0,2,0,0,0.45319997
3583,7,1,7,1.956753173,7.54968439,2.305021335,1,0,2,0,0,3,1,1,1,0,1,1,1,1,297000,1,0,1,0,0,0.45319997
3534,2,1,2,1.956753173,7.54968439,2.305021335,1,1,9,0,0,3,1,1,0,0,1,1,0,1,141680,1,0,1,0,0,0.45319997
26767,4,1,4,1.670160099,7.840478838,2.009775574,0,0,6,0,0.37,3,1,0.895666667,0,0.11,1,0,0.64,0.446666667,0,1,0,146,0,0,0.167800991
26735,10,1,10,1.670160099,7.840478838,2.009775574,0,0,5,0,0.4,3,1,0.885666667,0,0.13,1,0,0.6,0.396666667,0,1,0,146,0,0,0.167800991
42593,1,1,1,5.544276224,12.32510689,4.584737789,1,2.295833333,2,1,3,3,0,1,0,0,0,1,0,1,252000,1,0,1,0,0,0
877,3,1,3,5.544276224,12.32510689,4.584737789,1,1,3,0,0,3,1,1,0,0,1,0,0,0,1200,0,0,24,2.564157376,10.84068786,0
42575,13,1,13,5.544276224,12.32510689,4.584737789,1,2.165,3,1,3,3,0,1,0,0,0,1,0,1,700,0,0,1,0,0,0
892,2,1,2,5.544276224,12.32510689,4.584737789,1,1,4,0,0,3,1,1,0,0,1,0,0,1,4,1,1,1,2.564157376,10.84068786,0
42584,1,1,1,5.544276224,12.32510689,4.584737789,1,2.061666667,5,1,3,3,0,1,0,0,0,1,0,1,288000,1,0,1,0,0,0
894,2,1,2,5.544276224,12.32510689,4.584737789,1,2,4,0,0,3,1,1,0,0,1,0,0,1,1200,1,1,24,2.564157376,10.84068786,0
41674,30,1,30,3.645835426,11.31815091,3.274999976,1,1.4725,2,1,2,3,0,1,0,0,0,1,0,0,108000,1,0,1,0,0,0.100000001
46460,65,4,16,3.645835426,11.31815091,3.274999976,1,0,6,0,0,3,1,1,1,1,0,1,0,1,34.75,1,1,4,0.949999988,2.375,2.774999976
37866,10,1,10,3.645835426,11.31815091,3.274999976,1,2,3,1,3,3,1,1,0,0,1,1,0,1,216000,1,0,1,3.401069011,36.16502565,20.02157687
42652,2,1,2,3.645835426,11.31815091,3.274999976,1,3,4,1,3,3,0,1,1,0,1,1,0,0,288000,0,0,1,0,0.100000001,0.05748484
46453,2,1,2,3.645835426,11.31815091,3.274999976,1,2,2,0,0,3,1,1,1,1,1,1,0,1,4800,1,0,1,0.949999988,2.375,2.774999976
37853,8,1,8,3.645835426,11.31815091,3.274999976,1,0,3,1,2,3,1,1,0,0,1,1,0,1,288000,1,0,1,3.401069011,36.16502565,20.02157687
42384,10,1,10,3.645835426,11.31815091,3.274999976,1,6,4,1,4,3,0,1,0,0,1,1,0,1,72000,1,0,1,0,0,0
42679,32,1,32,3.645835426,11.31815091,3.274999976,1,1,6,1,24,3,0,1,0,0,1,1,0,1,96000,1,0,1,0,0.100000001,0.05748484
37610,11,1,11,3.645835426,11.31815091,3.274999976,1,0,1,1,3,7,1,1,1,0,0,0.96,0,1,67280,1,0,1,3.401069011,36.16502565,20.02157687
41729,13,1,13,3.645835426,11.31815091,3.274999976,1,1,5,1,2,3,0,1,0,0,0,1,0,1,252000,1,0,1,0,0,0.100000001
42385,13,1,13,3.645835426,11.31815091,3.274999976,1,2,7,1,4,3,0,1,0,0,1,1,0,1,18000,1,0,1,0,0,0
42360,11,1,11,3.645835426,11.31815091,3.274999976,1,2,5,1,4,3,0,1,0,0,1,1,0,1,147,0,1,1,0,0,0
37839,41,1,41,3.645835426,11.31815091,3.274999976,1,1,3,1,3,3,1,1,0,0,1,1,0,1,360000,1,0,1,3.401069011,36.16502565,20.02157687
41709,3,1,3,3.645835426,11.31815091,3.274999976,1,2.204166667,7,1,2,3,0,1,0,0,1,1,0,1,324000,1,0,1,0,0,0.100000001
42506,1,1,1,3.645835426,11.31815091,3.274999976,1,2.014166667,6,1,4,3,0,1,1,0,0,1,0,1,700,1,0,1,0,0,0
42358,39,2,20,3.645835426,11.31815091,3.274999976,1,1,3,1,4,3,0,1,0,0,1,1,0,1,91125,0,0,2,0,0,0
42546,11,1,11,3.645835426,11.31815091,3.274999976,1,2.418666667,3,1,4,3,0,1,0,0,0,1,0,1,216000,1,0,1,0,0,0
45823,1,1,1,3.645835426,11.31815091,3.274999976,1,5,3,0,0,3,0.92,1,0,1,0,1,0,1,20,1,0,1,0.949999988,2.375,2.774999976
42692,80,2,40,3.645835426,11.31815091,3.274999976,1,4,2,1,24,3,0,1,0,0,1,1,0,1,450000,1,0,2,0,0.100000001,0.05748484
45690,25,1,25,3.645835426,11.31815091,3.274999976,1,0,6,0,0,3,1,1,0,0,1,1,0,1,64000,1,0,1,0.949999988,2.375,2.774999976
41498,9,1,9,3.645835426,11.31815091,3.274999976,1,1,2,1,2,3,0,1,0,0,1,1,0,1,343,1,1,1,0,0.100000001,0.05748484
42696,9,1,9,3.645835426,11.31815091,3.274999976,1,2,3,1,24,3,0,1,0,0,1,1,0,1,25000,1,0,1,0,0.100000001,0.05748484
42471,15,1,15,3.645835426,11.31815091,3.274999976,1,2.075984848,5,1,4,3,0,1,0,0,0,1,0,1,180000,1,0,1,0,0,0
46425,3,2,2,3.645835426,11.31815091,3.274999976,1,4,4,0,0,3,1,1,1,1,1,1,0,1,75050,1,0,2,0.949999988,2.375,2.774999976
45708,18,1,18,3.645835426,11.31815091,3.274999976,1,2,4,0,0,3,1,1,1,1,0,1,0,1,11250,1,1,1,0.949999988,2.375,2.774999976
42436,21,1,21,3.645835426,11.31815091,3.274999976,1,2.194318182,2,1,4,3,0,1,0,0,0,1,0,1,48000,0,0,1,0,0,0
42437,41,1,41,3.645835426,11.31815091,3.274999976,1,2.188961039,2,1,4,3,0,1,0,0,0,1,0,1,320000,1,0,1,0,0,0
45842,4,1,4,3.645835426,11.31815091,3.274999976,1,3,1,0,0,3,1,1,1,0,0,0,0,1,4500,1,1,1,0.949999988,2.375,2.774999976
37627,4,1,4,3.645835426,11.31815091,3.274999976,1,2,5,1,3,7,1,1,0,0,1,1,0,1,36000,1,0,1,3.401069011,36.16502565,20.02157687
42495,6,1,6,3.645835426,11.31815091,3.274999976,1,2.219318182,3,1,4,3,0,1,0,0,0,1,0,0,216000,1,0,1,0,0,0
45686,4,1,4,3.645835426,11.31815091,3.274999976,1,0,3,0,0,3,1,1,0,0,1,1,0,1,25,1,1,1,0.949999988,2.375,2.774999976
42391,22,1,22,3.645835426,11.31815091,3.274999976,1,2.22047619,4,1,4,3,0,1,0,0,1,1,0,1,252000,1,1,1,0,0,0
37742,22,1,22,3.645835426,11.31815091,3.274999976,1,1,7,1,2,3,1,1,0,0,1,1,0,1,201840,1,0,1,3.401069011,36.16502565,20.02157687
37628,5,1,5,3.645835426,11.31815091,3.274999976,1,0,4,1,3,7,1,1,0,0,1,1,0,1,288000,0,0,1,3.401069011,36.16502565,20.02157687
37802,18,1,18,3.645835426,11.31815091,3.274999976,1,3,2,1,2,3,1,1,0,0,1,1,0,1,9000,1,1,1,3.401069011,36.16502565,20.02157687
37800,77,3,26,3.645835426,11.31815091,3.274999976,1,2,5,1,2,4,1,1,0,0,1,1,0,1,6.00E+05,1,0,3,3.401069011,36.16502565,20.02157687
41708,18,1,18,3.645835426,11.31815091,3.274999976,1,1.6975,4,1,2,3,0,1,0,0,1,1,0,1,48000,1,0,1,0,0,0.100000001
40495,2,1,2,3.645835426,11.31815091,3.274999976,1,1,7,0,0,3,1,1,0,0,0,1,0,1,288000,1,0,1,0,0.100000001,0
45859,25,1,25,3.645835426,11.31815091,3.274999976,1,1,3,0,0,3,1,1,1,0,1,0,0,1,900,1,1,1,0.949999988,2.375,2.774999976
42693,32,1,32,3.645835426,11.31815091,3.274999976,1,3,3,1,24,3,0,1,0,0,1,1,0,1,216000,0,0,1,0,0.100000001,0.05748484
42388,32,1,32,3.645835426,11.31815091,3.274999976,1,2,4,1,4,3,0,1,0,0,1,1,0,1,144000,0,0,1,0,0,0
41679,41,1,41,3.645835426,11.31815091,3.274999976,1,1.74,2,1,2,3,0,1,0,0,0,1,0,0,72000,1,0,146,0,0,0.100000001
37735,22,1,22,3.645835426,11.31815091,3.274999976,1,1,7,1,2,3,1,1,0,0,1,0.95,0.05,0.98,500,1,0,1,3.401069011,36.16502565,20.02157687
40237,16,1,16,3.645835426,11.31815091,3.274999976,1,4,6,0,0,3,1,1,1,1,1,1,0,1,25000,0,1,1,0,0.100000001,0
41690,20,1,20,3.645835426,11.31815091,3.274999976,1,2.017857143,2,1,2,3,0,1,0,0,1,1,0,1,245,0,0,1,0,0,0.100000001
45689,4,1,4,3.645835426,11.31815091,3.274999976,1,2,3,0,0,3,1,1,1,1,0,1,0,1,1.00E+05,1,0,1,0.949999988,2.375,2.774999976
37670,22,2,11,3.645835426,11.31815091,3.274999976,1,1,2,1,4,3,1,1,0,0,0,1,0,1,86350,1,0,2,3.401069011,36.16502565,20.02157687
37654,18,1,18,3.645835426,11.31815091,3.274999976,1,1,2,1,2,0,0.96,1,0,0,0,1,0,1,9000,1,0,1,3.401069011,36.16502565,20.02157687
40232,3,1,3,3.645835426,11.31815091,3.274999976,1,1,2,0,0,3,1,1,1,1,1,1,0,1,360,0,0,1,0,0.100000001,0
33946,1,1,1,3.213115076,11.87594236,3.394999981,1,1,5,0,0,3,1,1,0,1,0.13,0,0.18,0.285,0,0,0,12,12.2249999,22.04999924,2.399999976
33976,4,1,4,3.213115076,11.87594236,3.394999981,1,4,6,0,0,3,1,1,0,0,0.21,0,0.17,0.64,72000,1,0,1,12.2249999,22.04999924,2.399999976
31674,18,1,18,3.213115076,11.87594236,3.394999981,1,5,5,0,0.00E+00,2.98,1,0.99,1,0,0,0,0.17,0.315,0,1,1,64,12.2249999,22.04999924,2.399999976
30907,4,1,4,3.213115076,11.87594236,3.394999981,1,3,5,0,0,3,1,1,1,0,0,0,0.17,0.335,0,1,0,23,12.2249999,22.04999924,2.399999976
31114,31,1,31,3.213115076,11.87594236,3.394999981,1,0,3,0,0.00E+00,3,1,1,1,0,0,0,0.15,0.375,0,1,0,23,12.2249999,22.04999924,2.399999976
31151,15,3,5,3.213115076,11.87594236,3.394999981,1,2,3,0,0,3,1,1,0,0,0,0,0.19,0.395,0,1,0,3,12.2249999,22.04999924,2.399999976
31670,32,2,16,3.213115076,11.87594236,3.394999981,1,3,5,0,0,2.68,0.95,1,1,0,0,0,0.16,0.255,0,0,0,208,12.2249999,22.04999924,2.399999976
30911,35,2,18,3.213115076,11.87594236,3.394999981,1,0,5,0,0,3,1,1,0,0.193636364,0.05,0,0.18,0.275,0,1,0,180,12.2249999,22.04999924,2.399999976
42651,12,1,12,3.213115076,11.87594236,3.394999981,1,2,2,1,4,3,0,1,1,0,1,1,0,1,288000,1,0,1,0,0,0
33594,10,1,10,3.213115076,11.87594236,3.394999981,1,4,6,0,0,3,1,1,0,0.18,0.31,0,0.18,0.66,108000,1,0,1,12.2249999,22.04999924,2.399999976
33690,20,1,20,3.213115076,11.87594236,3.394999981,1,5,3,0,0,3,1,1,0,0.07,0.15,0,0.17,0.375,0,1,1,5,12.2249999,22.04999924,2.399999976
33623,1,1,1,3.213115076,11.87594236,3.394999981,0,0,4,0,0,3,1,1,1,0.498333333,0.15,0,0.143333333,0.335,0,1,0,50,12.2249999,22.04999924,2.399999976
33748,30,1,30,3.213115076,11.87594236,3.394999981,0,0,2,0,0,3,1,1,0,1,0.14,0,0.163333333,0.335,0,1,0,64,12.2249999,22.04999924,2.399999976
43480,14,1,14,3.213115076,11.87594236,3.394999981,1,1.7925,1,0,0,3,0,1,0,1,1,0,0,1,6000,1,1,1,7.776312525,1.241229172,13.57368777
42613,20,1,20,3.213115076,11.87594236,3.394999981,1,2,7,1,4,3,0,1,0,0,1,1,0,1,48000,1,0,1,0,0,0
31628,15,2,8,3.213115076,11.87594236,3.394999981,1,0,2,0,0,3,1,1,0,0,0,0,0.16,0.455,0,1,0,2,12.2249999,22.04999924,2.399999976
31120,3,1,3,3.213115076,11.87594236,3.394999981,1,0,1,0,0.00E+00,3,1,1,1,1,0.1,0,0.15,0.42,0,1,1,12,12.2249999,22.04999924,2.399999976
33578,3,1,3,3.213115076,11.87594236,3.394999981,1,0,4,0,0,3,1,1,0,0.106666667,0.05,0,0.16,0.285,0,1,0.04,116,12.2249999,22.04999924,2.399999976
30891,13,1,13,3.213115076,11.87594236,3.394999981,1,2,3,0,0,3,1,1,1,0.08,0.01,0,0.21,0.345,0,1,1,92,12.2249999,22.04999924,2.399999976
33163,16,1,16,3.213115076,11.87594236,3.394999981,1,3,2,0,0.00E+00,3,1,1,0.412380952,0.256,0.04,0,0.17,0.345,0,0,0,83,12.2249999,22.04999924,2.399999976
43487,118,5,24,3.213115076,11.87594236,3.394999981,1,2.1425,2,0,0,3,0,1,1,1,1,1,0,1,29160,1,0,5,7.776312525,1.241229172,13.57368777
42645,35,1,35,3.213115076,11.87594236,3.394999981,1,1,3,1,4,3,0,1,1,0,1,1,0,1,288000,1,0.03,1,0,0,0
33569,5,1,5,3.213115076,11.87594236,3.394999981,1,2,1,0,0,3,1,1,0,0.185,0.3,0,0.24,0.745,180000,1,0,1,12.2249999,22.04999924,2.399999976
31014,68,2,34,3.213115076,11.87594236,3.394999981,1,1,5,0,0,3,1,1,1,0,0,0,0.16,0.245,0,0.935,0.2255,147,12.2249999,22.04999924,2.399999976
31069,13,1,13,3.213115076,11.87594236,3.394999981,1,0,5,0,0,3,1,1,0,0,0,0,0.21,0.415,0,1,1,1,12.2249999,22.04999924,2.399999976
42639,25,1,25,3.213115076,11.87594236,3.394999981,1,2,5,1,4,3,0,1,1,0,1,1,0,1,512000,1,0,1,0,0,0
31667,3,1,3,3.213115076,11.87594236,3.394999981,1,3,5,0,0.00E+00,2.7,0.97,1,0.428214286,1,0.12,0,0.14,0.225,0,1,0,116,12.2249999,22.04999924,2.399999976
45752,5,1,5,3.213115076,11.87594236,3.394999981,1,0,5,0,0,3,0.583333333,1,1,1,1,1,0,0,5400,1,1,1,7.776312525,1.241229172,13.57368777
42731,9,1,9,3.213115076,11.87594236,3.394999981,1,1.9525,1,1,4,3,0,1,0,0,1,1,0,0,360000,1,0,1,0,0,0
33206,10,1,10,3.213115076,11.87594236,3.394999981,1,2,2,0,0,3,1,1,0,0,0.00E+00,0,0.18,0.335,0,1,0,64,12.2249999,22.04999924,2.399999976
33064,16,1,16,3.213115076,11.87594236,3.394999981,1,2,4,0,0.24,1,1,1,0,0.188333333,0.05,0,0.21,0.255,0,1,0,83,12.2249999,22.04999924,2.399999976
31558,42,1,42,3.213115076,11.87594236,3.394999981,1,3,4,0,0,3,1,1,0,0,0,0,0.21,0.425,0,1,0,1,12.2249999,22.04999924,2.399999976
31002,5,1,5,3.213115076,11.87594236,3.394999981,1,1,2,0,0,3,1,1,1,0.075,0.01,0,0.22,0.375,0,1,0,68,12.2249999,22.04999924,2.399999976
43031,3,1,3,3.213115076,11.87594236,3.394999981,1,1,4,0,0,3,1,1,0,0,1,1,0,1,6,1,1,1,1.756145772,2.150000095,7.776312525
34588,32,2,16,3.213115076,11.87594236,3.394999981,1,0,5,0,0.00E+00,3,1,1,1,0.25130303,0.04,0,0.14,0.265,0,1,0,208,12.2249999,22.04999924,2.399999976
31610,13,1,13,3.213115076,11.87594236,3.394999981,1,0,6,0,0,3,1,1,0,0,0,0,0.21,0.305,0,1,0,23,12.2249999,22.04999924,2.399999976
43042,5,1,5,3.213115076,11.87594236,3.394999981,1,2,9,0,0,3,1,1,0,0,0,0.79,1,1,2500,1,1,1,1.756145772,2.150000095,7.776312525
33121,6,2,3,3.213115076,11.87594236,3.394999981,1,1,3,0,0.00E+00,3,1,1,0,0.17,0.04,0,0.15,0.285,0,1,0,106,12.2249999,22.04999924,2.399999976
31094,22,1,22,3.213115076,11.87594236,3.394999981,1,0,3,0,0,3,1,1,0.314333333,0,0,0,0.17,0.305,0,1,0,83,12.2249999,22.04999924,2.399999976
43472,3,1,3,3.213115076,11.87594236,3.394999981,1,1,4,0,0,3,0,1,0.355,1,1,1,0,1,8000,1,1,1,7.776312525,1.241229172,13.57368777
31656,10,1,10,3.213115076,11.87594236,3.394999981,1,3,3,0,0,3,1,1,0,0,0,0,0.18,0.365,0,1,1,23,12.2249999,22.04999924,2.399999976
31621,3,1,3,3.213115076,11.87594236,3.394999981,1,1,3,0,0.00E+00,3,1,1,0,0,0,0,0.15,0.345,0,0,0,68,12.2249999,22.04999924,2.399999976
33153,1,1,1,3.213115076,11.87594236,3.394999981,1,3,1,0,0.00E+00,3,1,1,1,0,0.031666667,0,0.15,0.39,0,1,0,44,12.2249999,22.04999924,2.399999976
31676,22,1,22,3.213115076,11.87594236,3.394999981,1,0,1,0,0.00E+00,3,1,1,1,1,0.09,0,0.18,0.35,0,1,0,83,12.2249999,22.04999924,2.399999976
30956,33,2,16,3.213115076,11.87594236,3.394999981,1,3,2,0,0,3,0.97,1,0,1,0.11,0,0.16,0.345,0,0,0,52,12.2249999,22.04999924,2.399999976
31625,55,2,28,3.213115076,11.87594236,3.394999981,1,5,5,0,0,3,1,1,0,0,0,0,0.17,0.305,0,1,1,31,12.2249999,22.04999924,2.399999976
43029,1,1,1,3.213115076,11.87594236,3.394999981,1,2,4,0,0,3,1,1,0,0,0,1,0,1,75,0.790833333,1,1,1.756145772,2.150000095,7.776312525
30992,4,1,4,3.213115076,11.87594236,3.394999981,1,1,4,0,0.00E+00,3,1,1,0,0,0.17,0,0.17,0.445,0,1,0,1,12.2249999,22.04999924,2.399999976
43023,3,1,3,3.213115076,11.87594236,3.394999981,1,1,3,0,0,3,1,1,1,1,1,0.941666667,0,1,8000,1,1,1,1.756145772,2.150000095,7.776312525
34044,9,1,9,3.213115076,11.87594236,3.394999981,1,0,5,0,0,3,1,1,0,0,0.00E+00,0,0.18,0.295,0,1,0,64,12.2249999,22.04999924,2.399999976
42549,40,1,40,3.213115076,11.87594236,3.394999981,1,1,4,1,4,3,0,1,0,0,1,1,0,1,288000,0,0,1,0,0,0
42629,7,1,7,3.213115076,11.87594236,3.394999981,1,1,4,1,4,3,0,1,1,0,1,1,0,1,216000,1,0,1,0,0,0
45733,21,1,21,3.213115076,11.87594236,3.394999981,1,4,4,0,0,3,0.608333333,1,1,0.818,0.630666667,0.706666667,0,0,12000,1,1,1,7.776312525,1.241229172,13.57368777
31585,5,1,5,3.213115076,11.87594236,3.394999981,1,0,3,0,0,3,1,1,0,0,0,0,0.24,0.365,0,1,0,23,12.2249999,22.04999924,2.399999976
43523,29,1,29,3.213115076,11.87594236,3.394999981,1,2,3,0,0,3,1,1,1,1,1,1,0,1,150,1,1,1,7.776312525,1.241229172,13.57368777
30988,2,1,2,3.213115076,11.87594236,3.394999981,1,1,4,0,0,3,1,1,1,0,0.26,0,0.15,0.465,0,0.968333333,0.188666667,1,12.2249999,22.04999924,2.399999976
43482,3,1,3,3.213115076,11.87594236,3.394999981,1,1.774166667,2,0,0,3,0,1,0,1,1,1,0,1,8000,1,0,1,7.776312525,1.241229172,13.57368777
43052,1,1,1,3.213115076,11.87594236,3.394999981,1,2,3,0,0,3,1,1,1,1,0,0.75,0,0,3600,0,0,1,1.756145772,2.150000095,7.776312525
31540,1,1,1,3.213115076,11.87594236,3.394999981,1,0,1,0,0,3,1,1,0,0,0,0,0.17,0.45,0,1,0,1,12.2249999,22.04999924,2.399999976
42564,10,1,10,3.213115076,11.87594236,3.394999981,1,6,10,1,4,3,0,1,0,0,1,1,0,1,288000,1,0,1,0,0,0
34563,62,2,31,3.213115076,11.87594236,3.394999981,1,4,4,0,0.00E+00,3,1,1,0,0.193636364,0.06,0,0.15,0.345,0,1,0,46,12.2249999,22.04999924,2.399999976
43495,15,1,15,3.213115076,11.87594236,3.394999981,1,3,9,0,0,3,0.298333333,1,1,1,1,0,0,0.895,12000,1,0,1,7.776312525,1.241229172,13.57368777
43512,1,1,1,3.213115076,11.87594236,3.394999981,1,2,4,0,0,3,0,1,1,1,0,1,0,1,275000,1,0,1,7.776312525,1.241229172,13.57368777
31548,5,1,5,3.213115076,11.87594236,3.394999981,1,1,5,0,0,3,1,1,0,0,0,0,0.24,0.405,0,1,0,1,12.2249999,22.04999924,2.399999976
34609,6,1,6,3.213115076,11.87594236,3.394999981,1,3,4,0,0.00E+00,3,1,1,0,0.09,0.01,0,0.17,0.345,0,1,0,23,12.2249999,22.04999924,2.399999976
42571,14,1,14,3.213115076,11.87594236,3.394999981,1,1.83,3,1,4,3,0,1,0,0,1,1,0,1,216000,1,0,1,0,0,0
42725,15,1,15,3.213115076,11.87594236,3.394999981,1,1.9425,1,1,4,3,0,1,0,0,1,1,0,1,480000,1,0,1,0,0,0
42694,40,1,40,3.213115076,11.87594236,3.394999981,1,2,4,1,4,3,0,1,1,0,1,1,0,1,324000,1,0,1,0,0,0
34055,13,1,13,3.213115076,11.87594236,3.394999981,1,4,2,0,0,3,1,1,0,0,0.00E+00,0,0.18,0.375,0,1,1,18,12.2249999,22.04999924,2.399999976
43490,14,1,14,3.213115076,11.87594236,3.394999981,1,3,4,0,0,3,0,1,1,0.87,1,1,1,1,1500,1,1,1,7.776312525,1.241229172,13.57368777
31569,3,1,3,3.213115076,11.87594236,3.394999981,1,3,3,0,0,3,1,1,0,0,0,0,0.15,0.325,0,1,0,68,12.2249999,22.04999924,2.399999976
31580,1,1,1,3.213115076,11.87594236,3.394999981,0,5,2,0,0.00E+00,3,1,1,0,0,0,0,0.213333333,0.375,0,1,0,92,12.2249999,22.04999924,2.399999976
43469,1,1,1,2.439121331,11.97252382,2.909999967,1,1.326666667,1,0,0,3,1,1,0,1,0,1,0,0,1800,0,0,1,28.5679016,1.238420515,8.060519722
42982,13,1,13,2.439121331,11.97252382,2.909999967,1,2,6,0,0,3,1,1,1,1,0,1,1,1,75000,1,0,1,0.363582572,9.21781352,0
43463,27,1,27,2.439121331,11.97252382,2.909999967,1,2.576666667,12,0,0,3,0.67,0.98,0,1,1,1,0,0.67,80000,0.83,0,1,28.5679016,1.238420515,8.060519722
42981,1,1,1,2.439121331,11.97252382,2.909999967,1,1.646666667,3,0,0,5,1,1,0,1,0,1,1,1,242000,1,0,1,0.363582572,9.21781352,0
43457,3,1,3,2.439121331,11.97252382,2.909999967,1,0,6,0,0,3,1,1,0,0,0,1,1,1,181500,1,0,1,28.5679016,1.238420515,8.060519722
42975,25,1,25,2.439121331,11.97252382,2.909999967,1,3,5,1,4,5,1,1,1,1,1,1,0,1,272250,1,0,1,0.363582572,9.21781352,0
43460,10,1,10,2.439121331,11.97252382,2.909999967,1,1.966666667,2,0,0,3,0.73,1,0.14,1,1,1,0,0.74,120000,1,0,1,28.5679016,1.238420515,8.060519722
43454,7,1,7,2.439121331,11.97252382,2.909999967,1,2,5,1,6,3,0.68,0.98,0.18,0.61,0.54,1,0,0.75,280000,1,1,1,28.5679016,1.238420515,8.060519722
43458,4,1,4,2.439121331,11.97252382,2.909999967,1,1,3,0,0,3,1,1,0,0,0,0.74,1,0.55,1500,1,1,1,28.5679016,1.238420515,8.060519722
43452,36,1,36,2.439121331,11.97252382,2.909999967,1,2,4,0,0,3,0.67,1,0,0.687142857,0.56,1,1,0.66,5600,1,1,1,28.5679016,1.238420515,8.060519722
42964,12,2,6,2.439121331,11.97252382,2.909999967,1,5,8,1,24,3,1,1,1,1,0,0.91,0,1,19150,0,0,2,0.363582572,9.21781352,0
42962,67,3,22,2.439121331,11.97252382,2.909999967,1,3,2,1,24,3,1,1,0,0,0,1,0,1,18600,0,1,3,0.363582572,9.21781352,0
8676,8,1,8,1.63148323,7.780300925,1.954912032,1,0,4,1,4,3,1,1,1,0,0,0,0,1,24857,1,0,1,0,0,0
21767,51,2,26,3.25324823,8.881113584,2.145366356,1,1,4,0,0,4,1,1,0,0,1,1,0,0,173296,1,0,2,0,0.100000001,0
21759,5,1,5,3.25324823,8.881113584,2.145366356,1,0,0,1,0,3,0,1,0,0,1,0,1,0,151.25,0,1,1,0,0.100000001,0
21757,4,1,4,3.25324823,8.881113584,2.145366356,1,1,4,0,0,3,0,0.98,0,0,1,1,0,0,196625,0,0,1,0,0.100000001,0
21916,1,1,1,3.25324823,8.881113584,2.145366356,0,4,5,1,3,3,1,1,1,0,1,0,1,1,891,1,0,1,0,0.100000001,0
23567,24,1,24,3.25324823,8.881113584,2.145366356,1,0,2,0,0,2,1,1,1,0,1,1,1,0,100920,1,0,1,0,0.100000001,0
21611,17,1,17,3.25324823,8.881113584,2.145366356,1,0,2,0,0,2,0,1,0,0,1,0,1,0,24300,1,0,1,0,0.100000001,0
21714,37,1,37,3.25324823,8.881113584,2.145366356,1,2,2,1,0,3,0,1,0,0,1,0,0,1,68076,1,1,1,0,0.100000001,0
21873,12,1,12,3.25324823,8.881113584,2.145366356,1,3,7,1,3,3,1,1,1,0,1,1,1,0,110450,1,0,1,0,0.100000001,0
21864,18,1,18,3.25324823,8.881113584,2.145366356,1,2,4,1,12,3,1,1,0,1,1,1,1,1,77658,1,0,1,0,0.100000001,0
21889,2,2,1,3.25324823,8.881113584,2.145366356,1,2,4,1,12,3,1,1,1,0,1,1,0,1,654,0,1,2,0,0.100000001,0
21835,1,1,1,3.25324823,8.881113584,2.145366356,1,1,5,0,0,3,0,1,1,0,1,1,0.52,0,15000,1,0,1,0,0.100000001,0
21881,36,2,18,3.25324823,8.881113584,2.145366356,1,2,4,1,12,3,1,1,1,0,1,1,0,1,617,1,1,2,0,0.100000001,0
21877,17,1,17,3.25324823,8.881113584,2.145366356,1,2,2,1,3,2,1,1,0,0,0,0,1,1,78570,1,0,1,0,0.100000001,0
21857,8,1,8,3.25324823,8.881113584,2.145366356,1,1,4,1,8,3,1,1,0,0,1,1,0,0,279212,1,0,1,0,0.100000001,0
28324,15,1,15,4.087221506,8.426729907,1.860643778,1,1,4,0,0,3,1,0.89,0.18,1,0.81,0,0.49,0.506666667,0,1,0,23,0,6.865883081,0.326966952
28312,6,1,6,4.087221506,8.426729907,1.860643778,1,4,2,0,0,3,1,0.866666667,0.12,0,0.9,0,0.456666667,0.576666667,0,1,1,23,0,6.865883081,0.326966952
28732,5,1,5,4.087221506,8.426729907,1.860643778,1,1,4,0,0,3,1,0.94,0,0.22,0.93,0,0.553333333,0.516666667,0,1,0,1,0,6.865883081,0.326966952
15835,13,1,13,0.952244423,6.616762497,1.597882539,1,1,3,1,24,7,0,1,0,0,0,0,1,0,448,1,0,1,0,20.8800183,0.198481583
66,2,1,2,1.882725216,9.918830077,3.019999981,1,0,2,0,0,3,1,0,0,0,1,0,0,1,0,1,0,146,0,2.525000095,1.049999952
63,7,1,7,1.882725216,9.918830077,3.019999981,1,4,1,0,0,3,1,0,0,0,1,0,0,1,200,1,0,68,0,2.525000095,1.049999952
91,2,1,2,1.882725216,9.918830077,3.019999981,1,1,1,1,0,3,1,0,0,0,1,0,0,1,200,1,0,68,0,2.525000095,1.049999952
79,18,1,18,1.882725216,9.918830077,3.019999981,1,2,1,0,0,3,1,0,0,0,1,0,0,1,600,1,1,20,0,2.525000095,1.049999952
58,11,1,11,1.882725216,9.918830077,3.019999981,1,1,5,0,0,3,1,0,0,0,0,0,0,0,0,1,0,68,0,2.525000095,1.049999952
143,6,1,6,1.882725216,9.918830077,3.019999981,1,3.020574707,3,0,0,3,1,0,1,0,1,0,0,1,200,1,0,68,0,2.525000095,1.049999952
147,1,1,1,1.882725216,9.918830077,3.019999981,1,2.478527088,1,0,0,3,1,0,1,0,1,0,0,1,1200,1,0,24,0,2.525000095,1.049999952
149,7,1,7,1.882725216,9.918830077,3.019999981,1,2,2,0,0,3,1,0,1,0,1,0,0,1,1200,1,0,24,0,2.525000095,1.049999952
80,1,1,1,1.882725216,9.918830077,3.019999981,1,1,2,0,0,3,1,0,0,0,1,0,0,1,3000,1,1,92,0,2.525000095,1.049999952
81,6,1,6,1.882725216,9.918830077,3.019999981,1,6,4,0,0,3,1,0,0,0,0,0,0,1,200,1,0,68,0,2.525000095,1.049999952
130,10,2,5,1.882725216,9.918830077,3.019999981,1,1,2,0,0,3,0,0,0,0,0,0,0,0,1200,1,0,25,0,2.525000095,1.049999952
93,2,1,2,1.882725216,9.918830077,3.019999981,1,5,7,0,0,3,1,0,0,0,1,0,0,1,1800,0,0,28,0,2.525000095,1.049999952
94,23,3,8,1.882725216,9.918830077,3.019999981,1,3,3,0,0,3,1,0,0,0,1,0,0,1,1133.333333,1,1,252,0,2.525000095,1.049999952
116,10,1,10,1.882725216,9.918830077,3.019999981,1,2.880527088,2,0,0,3,1,0,0,0,1,0,0,1,200,1,1,68,0,2.525000095,1.049999952
195,1,1,1,1.882725216,9.918830077,3.019999981,1,3,2,0,0,3,1,1,0,0,1,0,0,1,1200,1,0,24,0,2.525000095,1.049999952
131,23,3,8,1.882725216,9.918830077,3.019999981,1,5,2,0,0,3,1,0,0,0,1,0,0,1,3.333333333,1,0,312,0,2.525000095,1.049999952
134,5,1,5,1.882725216,9.918830077,3.019999981,0,4,2,0,0,3,1,0,0,0,1,0,0,1,1,1,1,1,0,2.525000095,1.049999952
135,2,1,2,1.882725216,9.918830077,3.019999981,1,3,2,0,0,3,1,0,0,0,1,0,0,0,1800,1,0,28,0,2.525000095,1.049999952
54,1,1,1,1.882725216,9.918830077,3.019999981,1,4,2,0,0,3,1,0,0,0,1,0,0,1,1800,1,0,28,0,2.525000095,1.049999952
182,1,1,1,1.882725216,9.918830077,3.019999981,1,3,2,0,0.4,3,0,0,0,0,1,0,0,1,3000,1,0,1,0,2.525000095,1.049999952
36397,30,1,30,2.222699421,7.661873585,2.797856599,0.99,0,1,1,3,3,1,1,0,0,1,1,0,1,180000,1,0,1,20.37370971,7.708696385,0
40505,14,1,14,2.222699421,7.661873585,2.797856599,1,1,2,1,3,3,0,1,1,0,1,1,0,1,144000,1,0,1,0.100000001,0,0
4788,1,1,1,2.222699421,7.661873585,2.797856599,1,0,1,0,0,3,1,0,0,1,1,0,0,0,1,1,0,7,21.40323579,0,1.017356456
36123,19,1,19,2.222699421,7.661873585,2.797856599,1,0,2,1,3,3,1,1,0,0,1,1,0,1,3000,1,0,1,7.708696385,0,1.49919831
4866,2,1,2,2.222699421,7.661873585,2.797856599,1,3,2,0,0,3,1,0,0,1,1,1,0,0,150,1,0,51,21.40323579,0,1.017356456
36390,24,1,24,2.222699421,7.661873585,2.797856599,1,0,1,1,4,3,1,1,0,0,1,1,0,1,500,1,1,1,20.37370971,7.708696385,0
36378,13,1,13,2.222699421,7.661873585,2.797856599,1,3,2,1,3,3,1,1,0,0,1,1,0,1,21600,1,0,1,20.37370971,7.708696385,0
35858,1,1,1,2.222699421,7.661873585,2.797856599,1,0,4,1,12,4,0,1,0,0,1,1,0,0,10500,1,1,1,1.49919831,1.339639072,18.60805329
36041,6,1,6,2.222699421,7.661873585,2.797856599,1,0,4,1,12,3,1,1,0,0,1,1,0,1,324900,1,0,1,7.708696385,0,1.49919831
36105,16,2,8,2.222699421,7.661873585,2.797856599,1,0,6,1,3,3,1,1,0,0,1,1,0,1,41000,1,0,2,7.708696385,0,1.49919831
38286,15,2,8,2.222699421,7.661873585,2.797856599,1,0,2,1,2,7,1,1,0,0,0,0,0,1,5250,1,1,2,0.949999988,3.321462503,36.14939815
36179,3,1,3,2.222699421,7.661873585,2.797856599,1,1,3,1,3,3,1,1,0,0,1,1,1,1,500,1,0,1,7.708696385,0,1.49919831
38503,11,1,11,2.222699421,7.661873585,2.797856599,1,0,4,1,4,3,1,1,0,0,0,1,0,1,336400,1,0,1,0.949999988,3.321462503,36.14939815
40456,15,1,15,2.222699421,7.661873585,2.797856599,1,2,2,1,3,3,0,1,1,0,1,1,0,1,500,1,1,1,0.100000001,0,0
4696,12,1,12,2.222699421,7.661873585,2.797856599,1,2,2,0,0,3,1,0,0,1,1,1,0,0,15,1,0,50,21.40323579,0,1.017356456
38321,34,1,34,2.222699421,7.661873585,2.797856599,1,0,3,1,4,3,1,1,0,0,0,1,0,1,33640,1,0,1,0.949999988,3.321462503,36.14939815
40229,8,1,8,2.222699421,7.661873585,2.797856599,1,1,5,1,24,3,0,1,1,0,1,1,0,1,7200,1,0,1,0.100000001,0,0
38276,7,1,7,2.222699421,7.661873585,2.797856599,1,2,5,1,2,7,1,1,0,0,0,0,0,1,24000,1,0,1,0.949999988,3.321462503,36.14939815
38388,13,1,13,2.222699421,7.661873585,2.797856599,1,0,3,1,2,7,1,1,0,0,0,1,0,1,96000,1,0,1,0.949999988,3.321462503,36.14939815
4828,1,1,1,2.222699421,7.661873585,2.797856599,1,0,5,0,0,3,1,1,0,1,1,1,0,0,50,1,0,117,21.40323579,0,1.017356456
36183,15,1,15,2.222699421,7.661873585,2.797856599,1,5,6,1,2,3,1,1,0,0,1,1,0,1,300,1,0,1,7.708696385,0,1.49919831
40197,1,1,1,2.222699421,7.661873585,2.797856599,1,0,12,1,24,3,0,1,1,0,1,1,0,1,216000,0,0,1,0.100000001,0,0
36122,90,3,30,2.222699421,7.661873585,2.797856599,1,0,2,1,3,3,1,1,0,0,0,1,0,1,73646.66667,1,0,3,7.708696385,0,1.49919831
41150,1,1,1,1.818164041,6.665889968,2.955000043,1,2,2,1,3,3,0,1,0,0,1,1,0,1,180000,1,0,1,9.218344565,0,0
4386,10,2,5,3.695287771,6.720733603,2.929999948,1,2,3,0,0,3,1,1,1,0,1,1,0,0,2625,0,1,2,0.349999994,0,0.100000001
43911,2,1,2,0.612919361,4.454749877,1.866438908,1,0,1,1,24,3,0,0,0,0,1,1,0,1,252000,1,0,1,0,0,0.722251248
43884,19,1,19,0.612919361,4.454749877,1.866438908,1,1,4,1,24,3,0,0,0,0,1,1,0,1,288000,1,0,1,0,0,0.722251248
38620,2,1,2,1.067450448,8.391150598,2.629999936,1,3,7,0,0,3,0,1,0,0,1,1,0,1,50,0,0,1,0,0.371867177,0.050029086
39170,21,1,21,1.067450448,8.391150598,2.629999936,1,1,4,0,0,3,0,1,0,0,1,1,1,1,400,1,1,1,0,0.371867177,0.050029086
38939,12,1,12,1.067450448,8.391150598,2.629999936,1,0,2,0,0,3,0,1,0,0,1,1,0,1,800,1,1,1,0,0.371867177,0.050029086
38865,18,1,18,1.067450448,8.391150598,2.629999936,1,1,6,0,0,3,0,1,0,0,1,1,0,1,125,1,1,1,0,0.371867177,0.050029086
39134,18,1,18,1.067450448,8.391150598,2.629999936,1,0,5,0,0,3,0,1,0,0,0,1,0,1,180000,1,0,1,0,0.371867177,0.050029086
39180,40,1,40,1.067450448,8.391150598,2.629999936,1,0,4,0,0,3,0,1,0,0,1,1,0,1,216000,1,0,1,0,0.371867177,0.050029086
39020,1,1,1,1.067450448,8.391150598,2.629999936,1,4,3,0,0,3,0,1,0,0,1,1,1,1,180000,1,0,1,0,0.371867177,0.050029086
39013,29,1,29,1.067450448,8.391150598,2.629999936,1,0,1,0,0,3,0,1,0,0,1,1,0,1,1000,1,1,146,0,0.371867177,0.050029086
45114,10,1,10,1.931661301,8.893950247,2.369338547,1,2,3,0,0,3,1,1,0,0,0,1,0,1,800,0,1,1,0,0,0
45816,19,1,19,1.931661301,8.893950247,2.369338547,1,2,3,0,0,3,1,1,1,1,0,0,0,1,121000,1,0,1,0,0,0.195639428
31061,1,1,1,1.931661301,8.893950247,2.369338547,1,1,4,0,0.00E+00,3,1,0.865,0,0,0.5075,0,0.258333333,0.31,0,1,1,116,0.901035836,13.16273499,37.77133475
31227,4,1,4,1.931661301,8.893950247,2.369338547,1,2,2,0,0.00E+00,3,1,0.836,0,0,0.4975,0,0.255,0.36,0,1,0,92,0.901035836,13.16273499,37.77133475
31342,3,1,3,1.931661301,8.893950247,2.369338547,1,7,5,0,0.00E+00,3,1,0.91,0,0,0.47,0,0.245,0.36,0,1,0,13,0.901035836,13.16273499,37.77133475
45181,11,1,11,1.931661301,8.893950247,2.369338547,1,0,4,0,0.00E+00,3,1,1,1,1,0,1,0,1,3000,0,0,1,0,0,0
31214,5,1,5,1.931661301,8.893950247,2.369338547,1,0,2,0,0.00E+00,3,1,0.856,0,0,0.4475,0,0.238333333,0.36,0,1,1,64,0.901035836,13.16273499,37.77133475
31278,2,1,2,1.931661301,8.893950247,2.369338547,1,1,2,0,0.00E+00,3,1,0.866,0,0,0.4875,0,0.238333333,0.35,0,1,1,23,0.901035836,13.16273499,37.77133475
31206,1,1,1,1.931661301,8.893950247,2.369338547,1,0,4,0,0.00E+00,3,1,0.84,0,0,0.4875,0,0.258333333,0.33,0,1,1,64,0.901035836,13.16273499,37.77133475
31253,4,2,2,1.931661301,8.893950247,2.369338547,1,3,2,0,0.00E+00,3,1,0.866,0,0,0.43,0,0.245,0.4575,0,1,0,2,0.901035836,13.16273499,37.77133475
3808,41,1,41,4.387512399,9.515817162,3.237328728,1,2,3,0,0,3,1,1,1,0,1,1,1,0,14880,1,0,1,0.100000001,0,0
3864,32,1,32,4.387512399,9.515817162,3.237328728,1,3,6,0,0,3,1,1,1,0,1,1,0,0,414540,1,0,1,0.100000001,0,0
3818,9,1,9,4.387512399,9.515817162,3.237328728,1,1.61,1,0,0,3,1,1,0,0,1,1,0,1,127512,1,0,1,0.100000001,0,0
14943,8,1,8,3.669795872,11.1010132,3.902664093,1,3,4,1,6,3,1,1,0,0,1,1,0,1,275968,1,0,1,0.5,7.878995914,0
14858,2,1,2,3.669795872,11.1010132,3.902664093,1,2,4,1,6,7,1,1,0,0,1,0,0,1,64827,0,1,1,0.5,7.878995914,0
14869,3,1,3,3.669795872,11.1010132,3.902664093,1,0,2,1,4,7,1,1,1,0,1,1,0,1,4046,1,1,1,0.5,7.878995914,0
14890,9,1,9,3.669795872,11.1010132,3.902664093,1,1,3,1,9,3,1,1,0,0,1,1,0,1,4608,0,1,1,0.5,7.878995914,0
15052,1,1,1,3.669795872,11.1010132,3.902664093,0,0,2,1,12,3,1,1,0,0,1,0,1,0,980,1,0,1,0.5,7.878995914,0
14922,11,1,11,3.669795872,11.1010132,3.902664093,1,0,2,1,6,3,1,1,0,0,1,1,0,1,254100,1,0,1,0.5,7.878995914,0
14843,16,2,8,3.669795872,11.1010132,3.902664093,1,1,6,1,4,7,1,1,0,0,1,0,0,1,197668.5,1,0,2,0.5,7.878995914,0
15215,2,1,2,3.669795872,11.1010132,3.902664093,0,1,4,1,12,7,1,1,0,0,1,1,0,1,900,1,0,1,0.5,7.878995914,0
15232,35,1,35,3.669795872,11.1010132,3.902664093,1,2,4,1,6,7,1,1,0,0,1,1,0,1,17328,1,0,1,0.5,7.878995914,0
15290,1,1,1,3.669795872,11.1010132,3.902664093,1,2,3,1,12,3,1,1,0,0,1,1,0,1,256608,1,0,1,0.5,7.878995914,0
15013,1,1,1,3.669795872,11.1010132,3.902664093,0,0,1,1,6,3,1,1,0,0,1,1,0,1,201840,0.748214286,1,1,0.5,7.878995914,0
15244,5,2,2,3.669795872,11.1010132,3.902664093,1,0,7,1,12,4,1,1,0,0,1,1,0,1,60250,0,0.4,2,0.5,7.878995914,0
15118,5,1,5,3.669795872,11.1010132,3.902664093,1,0,5,1,12,3,1,1,0,0,1,0,0,1,201840,1,0.266,1,0.5,7.878995914,0
15218,1,1,1,3.669795872,11.1010132,3.902664093,0,3,2,1,12,7,1,1,0,0,1,1,0,1,259920,0,0,1,0.5,7.878995914,0
16899,9,2,4,3.669795872,11.1010132,3.902664093,1,2,2,1,12,3,1,1,0,0,0,1,0,1,167740,1,1,2,0.5,7.878995914,0
47915,5,1,5,0.712380478,9.63657336,2.140928997,1,0,2,0,0,7,1,1,0,0,0,0,1,0,272250,0.81,1,1,0,0,0.349999994
47935,17,1,17,0.712380478,9.63657336,2.140928997,1,0,5,0,0,7,1,1,0,1,0,1,1,0,2240,1,1,1,0,0,0.349999994
47786,13,2,6,0.712380478,9.63657336,2.140928997,1,2,6,0,0,7,1,1,0,0,0,0,1,0,49000,1,0,2,0,0.349999994,0
47813,1,1,1,0.712380478,9.63657336,2.140928997,1,1,3,0,0,7,1,1,0,0,0,0,1,0,1500,1,0,1,0,0.349999994,0
1527,6,1,6,3.67288078,11.05098686,3.114841806,1,1.856333333,4,0,0,3,1,1,0,0,1,0,0,0,2,1,1,1,1.241229172,13.57368777,1.056145843
8283,3,1,3,2.07966078,7.256243536,2.031142849,1,3,2,1,3,3,1,1,0,0,1,1,0,1,36608,1,1,1,0.100000001,0.101416329,11.31283386
8285,39,1,39,2.07966078,7.256243536,2.031142849,1,3,3,1,3,3,1,1,0,0,1,1,0,1,56000,0,0,1,0.100000001,0.101416329,11.31283386
30095,2,1,2,4.659780536,6.792827331,2.791801182,1,2,6,0,0.45,3,1,0.696363636,1,1,1,0,0.235,0.406666667,0,1,1,18,16.89028117,39.91469397,2.095362121
30248,2,1,2,4.659780536,6.792827331,2.791801182,1,2,2,0,0.45,3,1,0.656363636,0,1,1,0,0.226666667,0.43,0,1,0,24,16.89028117,39.91469397,2.095362121
28857,19,1,19,2.11491347,7.659347061,2.234257963,0.99,2,3,0,0,1,1,0.883333333,0,0.22,1,0,0.61,0.44,0,0.69,0.37,1,0,0,6.957340923
28723,3,1,3,2.11491347,7.659347061,2.234257963,1,2,4,0,0,1,1,0.89,0,0.185,1,0,0.51,0.643333333,96000,0,0,1,0,0,6.957340923
46955,1,1,1,2.949295767,7.699254647,3.055000067,1,1,3,0,0,4,1,1,0,0,0,1,0,1,18000,1,0,1,40.19999886,17.32499981,7.049999952
1715,5,1,5,2.949295767,7.699254647,3.055000067,1,3,3,0,0,3,1,1,1,0,1,0,1,1,0,1,0,85,11.82499981,1.800000012,0
1745,3,1,3,2.949295767,7.699254647,3.055000067,1,2,5,0,0,3,1,1,0,0,1,0,0,0,0,1,1,1,11.82499981,1.800000012,0
45919,5,1,5,2.949295767,7.699254647,3.055000067,1,1,4,0,0,4,1,1,0,0,0,1,0,1,1000,1,1,1,4.125,40.19999886,17.32499981
46705,5,1,5,2.949295767,7.699254647,3.055000067,1,1,2,0,0,3,1,1,1,1,1,1,0,0,1500,1,1,1,17.32499981,7.049999952,0
45978,1,1,1,2.949295767,7.699254647,3.055000067,1,3,2,0,0,3,0.69,1,0,1,1,1,0,1,36000,0,1,1,4.125,40.19999886,17.32499981
46897,8,2,4,2.949295767,7.699254647,3.055000067,1,0,2,0,0,4,1,1,1,1,1,1,0,1,5250,1,0,2,40.19999886,17.32499981,7.049999952
46680,1,1,1,2.949295767,7.699254647,3.055000067,1,0,1,0,0,2,1,1,1,1,1,1,1,1,15,1,1,1,17.32499981,7.049999952,0
46891,38,2,19,2.949295767,7.699254647,3.055000067,1,0,6,0,0,4,1,1,0,1,1,1,0,1,7900,1,1,2,40.19999886,17.32499981,7.049999952
46698,3,2,2,2.949295767,7.699254647,3.055000067,1,0,2,0,0,3,1,1,0,0,0,0,1,1,53000,1,0,2,17.32499981,7.049999952,0
42926,22,1,22,4.622436486,7.76453768,5.026666721,1,5,2,1,24,0,0,0,0,0,1,1,0,1,252000,1,0,1,0,0,0.049425352
42895,2,1,2,4.622436486,7.76453768,5.026666721,1,2.017769841,5,1,24,0,0,0,0,0,1,1,0,1,125,0,1,1,0,0,0.049425352
42934,3,1,3,4.622436486,7.76453768,5.026666721,1,2.276603175,4,1,24,0,0,0,0,0,1,1,0,1,180000,1,0,1,0,0,0.049425352
42923,22,1,22,4.622436486,7.76453768,5.026666721,1,1,5,1,24,0,0,0,0,0,1,1,0,1,288000,1,0,1,0,0,0.049425352
42929,32,1,32,4.622436486,7.76453768,5.026666721,1,2,4,1,24,0,0,0,0,0,1,1,0,1,288000,1,0,1,0,0,0.049425352
42953,4,1,4,5.133561229,6.75071622,5.060342377,1,3,3,1,24,0,0,1,0,0,1,1,0,1,252000,1,0,1,0,0,0.050000001
42944,15,1,15,5.133561229,6.75071622,5.060342377,1,1,3,1,24,0,0,1,0,0,1,1,0,1,252000,1,0,1,0,0,0.050000001
3900,7,1,7,4.453221569,6.491912195,4.370000124,1,2.072650104,2,0,0.668571429,3,1,0,0,0,1,1,0,1,21004,1,0,1,0,0,0
3972,2,1,2,4.453221569,6.491912195,4.370000124,1,2.131221532,2,0,0,3,1,0,0,0,1,1,0,1,52510,1,0,1,0,0,0
4020,10,1,10,4.453221569,6.491912195,4.370000124,1,2.098483437,4,0,0,3,1,0,0,0,1,1,0,1,112000,0,0,1,0,0,0
4086,9,1,9,4.453221569,6.491912195,4.370000124,1,2.272650104,2,0,0,3,1,0,0,0,1,1,0,1,124362,1,0,1,0,0,0
3901,8,1,8,4.453221569,6.491912195,4.370000124,1,2.098483437,4,0,1.328571429,3,1,0,0,0,1,1,0,1,17710,1,1,1,0,0,0
13727,1,1,1,2.136061992,7.300826721,1.640846047,1,0,1,0,0,3,1,1,0,0,0,0,0,1,12005,1,1,1,0,0,0
31279,5,1,5,3.180228738,7.372789188,2.794999957,0.92,0,2,0,0,3,1,0,0,1,0.89,0,0.19,0.49,0,1,0,105,9.704701238,8.13914812,12.98564065
42849,21,1,21,3.180228738,7.372789188,2.794999957,1,1,2,1,24,0,0,0,0,0,1,1,0,1,343,0,0,1,0,0,0.050000001
42848,19,1,19,3.180228738,7.372789188,2.794999957,1,1.386666667,5,1,24,0,0,0,0,0,1,1,0,1,180000,1,0,1,0,0,0.050000001
31332,1,1,1,3.180228738,7.372789188,2.794999957,1,3,2,0,0,3,1,0,0,0.58,1,0,0.16,0.49,0,1,0,13,9.576935398,9.361863892,13.58439774
30925,20,2,10,3.180228738,7.372789188,2.794999957,1,0,3,0,0,3,1,0,0,0.64,1,0,0.1,0.52,0,1,0,25,9.938838566,8.785915923,11.88151224
31390,8,2,4,3.180228738,7.372789188,2.794999957,1,5,2,0,0,3,1,0,0,1,0.88,0,0.1,0.58,0,1,0,2,10.85470522,9.483396537,12.42199886
42871,13,1,13,3.180228738,7.372789188,2.794999957,1,1.57,2,1,24,0,0,0,0,0,1,1,0,1,252000,1,0,1,0,0,0.050000001
31322,67,2,34,3.180228738,7.372789188,2.794999957,1,2,2,0,0,3,1,0,0,0.553636364,1,0,0.12,0.43,0,1,0,93,11.09389408,10.32519186,12.03902118
31312,30,1,30,3.180228738,7.372789188,2.794999957,1,0,4,0,0,3,1,0,0,0.683636364,1,0,0.13,0.47,0,1,0,92,9.618670539,8.729938842,13.73501465
31156,6,1,6,3.180228738,7.372789188,2.794999957,1,0,1,0,0,3,1,0,0,0.62,1,0,0.11,0.57,0,1,0,1,10.66136536,9.224920404,13.22403778
42884,13,1,13,3.180228738,7.372789188,2.794999957,0,1,3,1,24,0,0,0,0,0,1,1,0,1,216000,1,0,1,0,0,0.050000001
31009,7,1,7,3.180228738,7.372789188,2.794999957,1,3,2,0,0,3,1,0,0,0.5,1,0,0.1,0.57,0,1,0.12,64,10.71064993,8.962748142,12.35242235
31163,2,1,2,3.180228738,7.372789188,2.794999957,1,3,4,0,0,3,1,0,0.04,0,0,0,0.05,0.52,0,1,0,1,13.48040004,9.805288412,11.720349
31210,5,1,5,3.180228738,7.372789188,2.794999957,1,3,4,0,0,3,0,0,0,0.525,0.8,0,0.15,0.42,0,1,1,102,11.78913113,9.04805463,14.77052075
30984,10,1,10,3.180228738,7.372789188,2.794999957,0,2,2,0,0,3,1,0,0,0.67,1,0,0.14,0.54,0,0,0,1,10.74450732,10.2031352,13.38627119
41576,16,1,16,4.079022201,8.387913195,3.264999986,1,1,4,1,2,3,0,1,0,0,1,1,1,0,1125,1,0,1,0,7.733397624,0
46911,2,1,2,4.725154729,8.016483459,3.760922477,1,0,5,0,0,3,0.806,0,1,0,0,1,0,0.9275,211750,1,0,1,0.583013382,0.233270604,0.952318774
47045,1,1,1,4.725154729,8.016483459,3.760922477,1,7,4,0,0,3,1,0,0,0,0,1,0,1,181500,1,0,1,0,0.583013382,0.233270604
47111,3,2,2,4.725154729,8.016483459,3.760922477,1,0,3,0,0,3,1,0,0,0,0,1,0,1,162500,0.965,0,2,0.583013382,0.233270604,0.952318774
47330,1,1,1,4.725154729,8.016483459,3.760922477,1,1,1,0,0,3,1,0,0,0,1,1,0,1,225000,1,0,1,0,0.583013382,0.233270604
47353,1,1,1,4.725154729,8.016483459,3.760922477,1,0,1,0,0,3,1,0,0,0,0,1,1,1,300,1,1,1,0,0.583013382,0.233270604
47185,8,1,8,4.725154729,8.016483459,3.760922477,1,2,4,0,0,3,0,0,0,0,0,1,0,1,300,1,1,146,0,0.583013382,0.233270604
29648,6,1,6,3.015750027,8.559882042,3.642575314,1,3,6,0,0.00E+00,3,1,0.670166667,0,0,0.2,0,0.15,0.1,0,1,0,137,8.420429913,22.82309063,50.21731339
29745,23,1,23,3.015750027,8.559882042,3.642575314,1,3,5,0,0.00E+00,3,1,0.642666667,1,0,0.17,0,0.18,0.11,0,1,0,117,8.420429913,22.82309063,50.21731339
29510,17,1,17,3.015750027,8.559882042,3.642575314,1,1,5,0,0,3,1,0.691666667,1,0,0,0,0.16,0.16,0,1,1,23,8.420429913,22.82309063,50.21731339
29480,42,2,21,3.015750027,8.559882042,3.642575314,1,1,2,0,0.00E+00,3,1,0.687666667,0.36,0,0.15,0,0.14,0.18,0,1,1,35,8.420429913,22.82309063,50.21731339
29626,5,1,5,3.015750027,8.559882042,3.642575314,1,1,2,0,0.1,3,0,0.704333333,0,1,0.47,0,0.12,0.11,0,0,0,12,8.420429913,22.82309063,50.21731339
29824,5,1,5,3.015750027,8.559882042,3.642575314,1,3,2,0,0,3,1,0.648666667,1,1,0.28,0,0.11,0.18,0,1,0,29,8.420429913,22.82309063,50.21731339
29753,81,2,40,3.015750027,8.559882042,3.642575314,1,0,2,0,0.06,3,1,0.667666667,1,1,0.35,0,0.18,0.16,0,1,0,254,8.420429913,22.82309063,50.21731339
29464,19,1,19,3.015750027,8.559882042,3.642575314,1,3,4,0,0.07,3,0.9575,0.692666667,0,1,0.49,0,0.12,0.17,0,1,0,7,8.420429913,22.82309063,50.21731339
29792,30,1,30,3.015750027,8.559882042,3.642575314,1,1,3,0,0.00E+00,3,1,0.657666667,1,1,0.51,0,0.19,0.18,0,1,0,92,8.420429913,22.82309063,50.21731339
29414,23,1,23,3.015750027,8.559882042,3.642575314,1,2,4,0,0.00E+00,1,0.96,0.666666667,0,0.26,0.33,0,0.2,0.11,0,1,0,104,8.420429913,22.82309063,50.21731339
29849,12,1,12,3.015750027,8.559882042,3.642575314,0.99,3,2,0,0,3,1,0.718666667,0,0,0,0,0.12,0.17,0,0.98,0.510641026,12,8.420429913,22.82309063,50.21731339
29621,3,1,3,3.015750027,8.559882042,3.642575314,1,3,5,0,0.00E+00,2.9,0.9175,0.721,0,0,0.155,0,0.12,0.1,0,1,1,12,8.420429913,22.82309063,50.21731339
29410,39,1,39,3.015750027,8.559882042,3.642575314,1,2,5,0,0.00E+00,2.7,0.99,0.671666667,0,0,0.24,0,0.17,0.14,0,1,0,68,8.420429913,22.82309063,50.21731339
29518,6,1,6,3.015750027,8.559882042,3.642575314,1,2,3,0,0,3,1,0.687666667,0,0,0,0,0,0,0,1,0,23,8.420429913,22.82309063,50.21731339
29629,6,1,6,3.015750027,8.559882042,3.642575314,1,3,2,0,0.00E+00,3,1,0.648666667,0.325,1,0.43,0,0.11,0.15,0,1,0,64,8.420429913,22.82309063,50.21731339
29425,28,1,28,3.015750027,8.559882042,3.642575314,1,1,4,0,0.00E+00,3,1,0.661666667,1,0,0.27,0,0.2,0.17,0,1,0,83,8.420429913,22.82309063,50.21731339
29422,13,2,6,3.015750027,8.559882042,3.642575314,1,0,5,0,0.06,2.79,0.98,0.704166667,0,0,0.17,0,0.13,0.11,0,1,0,135,8.420429913,22.82309063,50.21731339
29403,24,1,24,3.015750027,8.559882042,3.642575314,1,3,1,0,0.06,3,1,0.638666667,1,0,0.16,0,0.17,0.21,0,1,0,92,8.420429913,22.82309063,50.21731339
30208,34,1,34,3.015750027,8.559882042,3.642575314,1,0,4,0,0,3,0.96,0.681666667,0,1,1,0,0.17,0.24,0,1,1,92,8.420429913,22.82309063,50.21731339
29451,36,2,18,3.015750027,8.559882042,3.642575314,1,2,2,0,0.00E+00,3,1,0.687666667,0,0,0.14,0,0.12,0.17,0,1,1,35,8.420429913,22.82309063,50.21731339
29413,7,1,7,3.015750027,8.559882042,3.642575314,1,1,2,0,0.00E+00,2.82,0.98,0.687666667,0,0,0.29,0,0.14,0.12,0,1,0,95,8.420429913,22.82309063,50.21731339
30162,2,1,2,3.015750027,8.559882042,3.642575314,0.97,2,3,0,0,3,1,0.686,0,1,1,0,0.12,0.21,0,0,0,67,8.420429913,22.82309063,50.21731339
30598,9,1,9,3.015750027,8.559882042,3.642575314,1,3,2,0,0.07,3,1,0.708666667,0,1,0.36,0,0.1,0.15,0,1,1,12,8.420429913,22.82309063,50.21731339
29765,16,1,16,3.015750027,8.559882042,3.642575314,1,3,1,0,0.00E+00,3,1,0.648666667,0,1,0.42,0,0.12,0.2,0,1,0,64,8.420429913,22.82309063,50.21731339
29551,20,1,20,3.015750027,8.559882042,3.642575314,1,3,5,0,0.00E+00,3,1,0.652666667,0.42,0.16,0.17,0,0.17,0.13,0,1,0,23,8.420429913,22.82309063,50.21731339
29769,41,1,41,3.015750027,8.559882042,3.642575314,1,0,5,0,0.09,3,0.98,0.701666667,1,0,0.27,0,0.2,0.19,0,1,0,68,8.420429913,22.82309063,50.21731339
30147,38,1,38,3.015750027,8.559882042,3.642575314,1,0,1,0,0,3,1,0.727666667,1,0,0,0,0.14,0.27,0,1,1,23,8.420429913,22.82309063,50.21731339
29774,38,2,19,3.015750027,8.559882042,3.642575314,1,0,1,0,0,3,1,0.685166667,0.77,0,0.08,0,0.2,0.2,0,1,0,220,8.420429913,22.82309063,50.21731339
2,4,1,4,5.437672529,7.312173901,3.149689941,1,3,4,0,0,3,1,1,0,0,0,0,0,1,200,1,0,1,1.600000024,0.699999988,5.730103261
6,22,2,11,5.437672529,7.312173901,3.149689941,1,0,4,0,0,3,1,1,0,0,1,0,0,1,200,1,0,2,1.600000024,0.699999988,5.730103261
13,6,2,3,5.437672529,7.312173901,3.149689941,1,2,4,0,0,3,1,1,0,0,1,0,0,1,175,1,0,52,1.600000024,0.699999988,5.730103261
23,54,2,27,5.437672529,7.312173901,3.149689941,1,3,2,0,0,3,1,1,0,0,0,0,0,1,175,1,0,69,1.600000024,0.699999988,5.730103261
41,2,1,2,5.437672529,7.312173901,3.149689941,1,0,1,0,0,3,1,1,0,0,1,0,0,1,100,1,0,30,1.600000024,0.699999988,5.730103261
48188,4,1,4,5.437672529,7.312173901,3.149689941,1,5,10,0,0,4,1,1,0,1,0,1,0,0,25000,0,0,1,0,0.152180617,0
27220,3,1,3,5.437672529,7.312173901,3.149689941,1,3,2,0,0,1,1,0.63,0,1,1,0,0.11,0.788333333,24000,1,0,1,0,0,1.519896644
28206,8,1,8,5.437672529,7.312173901,3.149689941,1,3,3,0,0,1,1,0.65,0,0.51,1,0,0.17,0.788333333,96000,0,0,1,0,0,1.519896644
48125,14,1,14,5.437672529,7.312173901,3.149689941,1,1,4,0,0,3,1,1,1,0,0,1,1,0,62500,0,0,1,0,0.152180617,0
28244,14,1,14,5.437672529,7.312173901,3.149689941,1,1,4,0,0,1,1,0.47,0,0.56,1,0,0.2,0.555,0,1,1,29,0,0,1.519896644
28004,4,1,4,5.437672529,7.312173901,3.149689941,1,2,4,0,0,1,1,0.55,0,0.6,1,0,0.24,0.595,0,1,0,68,0,0,1.519896644
48107,4,2,2,5.437672529,7.312173901,3.149689941,1,2,3,0,0,4,1,0,1,1,0,1,0,1,13375,1,0,2,0.152180617,0,0.25
48139,2,1,2,5.437672529,7.312173901,3.149689941,1,2,2,0,0,3,1,1,0,1,0,0,0,1,121000,1,0,1,0,0.152180617,0
48095,4,2,2,5.437672529,7.312173901,3.149689941,1,0,2,0,0,3,1,0,1,1,0,1,0,0,288,1,1,2,0.152180617,0,0.25
48175,6,1,6,5.437672529,7.312173901,3.149689941,1,2,8,1,10,4,0,0,0,1,0,1,0,1,2000,0,1,1,0,0.152180617,0
7709,3,1,3,8.013242908,8.228766367,3.975498842,1,0,2,0,4.3,3.295,0.986,0,1,0,1,1,0,1,133100,1,0,1,8.37120826,0,0
7737,1,1,1,8.013242908,8.228766367,3.975498842,1,1,2,1,7,3,1,0,0,0,1,1,0,1,1658944,1,1,1,8.37120826,0,0
14457,9,1,9,8.013242908,8.228766367,3.975498842,1,0,1,1,12,3,1,0,0,0,1,1,0,1,111012,1,0,1,8.37120826,0,0
7707,5,1,5,8.013242908,8.228766367,3.975498842,1,1,4,1,6,4,1,0,1,0,1,1,1,1,840,1,1,1,8.37120826,0,0
7705,4,1,4,8.013242908,8.228766367,3.975498842,1,0,3,1,6,4,1,0,0,0,1,1,0,1,441,1,1,1,8.37120826,0,0
7700,3,1,3,8.013242908,8.228766367,3.975498842,1,0,4,1,12,3,1,0,0,0,1,1,0,1,256,0.606666667,0,1,8.37120826,0,0
7739,1,1,1,8.013242908,8.228766367,3.975498842,1,1,5,1,6,3,1,0,0,0,1,1,0,1,134848,1,0,1,8.37120826,0,0
14749,4,1,4,8.013242908,8.228766367,3.975498842,1,1,3,1,12,3,1,0,0,0,0,1,0,1,242208,0,0,1,8.37120826,0,0
7778,10,2,5,8.013242908,8.228766367,3.975498842,1,0,2,0,12,3,1,0,1,0,1,1,0,1,6781,1,1,2,8.37120826,0,0
14695,8,1,8,8.013242908,8.228766367,3.975498842,1,3,4,1,12,4,1,0,1,0,1,1,0,1,75088,1,0,1,8.37120826,0,0
14717,11,1,11,8.013242908,8.228766367,3.975498842,0.948,1,3,1,12,4,1,0,0,0,1,1,0,1,3300,1,1,1,8.37120826,0,0
7730,24,1,24,8.013242908,8.228766367,3.975498842,1,0,4,1,6,2,0,0,0.225357143,0,1,1,0,1,2700,1,0,1,8.37120826,0,0
7723,29,1,29,8.013242908,8.228766367,3.975498842,1,0,2,1,12,3,1,0,0,1,1,1,1,0,42250,1,1,1,8.37120826,0,0
14671,32,1,32,8.013242908,8.228766367,3.975498842,0.854666667,3,3,1,6,3,1,0,0,0,0,1,0,1,33640,1,0.3525,1,8.37120826,0,0
7719,3,1,3,8.013242908,8.228766367,3.975498842,1,2,5,0,0,3,1,0,0,0,0,1,0,1,181500,1,0,1,8.37120826,0,0
7714,6,1,6,8.013242908,8.228766367,3.975498842,1,0,6,1,6,4,0.99,0,0,0,1,1,0,1,40560,1,0,1,8.37120826,0,0
14490,24,1,24,8.013242908,8.228766367,3.975498842,0,1,2,1,6,3,1,0,0,0,1,1,0,1,53824,1,0,1,8.37120826,0,0
7711,3,1,3,8.013242908,8.228766367,3.975498842,1,0,4,1,6,3,1,0,0,0,1,1,0,1,19494,1,0.253611111,1,8.37120826,0,0
14509,6,1,6,8.013242908,8.228766367,3.975498842,1,0,5,1,12,3,1,0,0,0,1,1,0,1,486,0,1,1,8.37120826,0,0
7716,8,1,8,8.013242908,8.228766367,3.975498842,1,0,3,1,9.47,7,1,0,0,0,1,1,1,1,6050,0,1,1,8.37120826,0,0
14570,16,1,16,8.013242908,8.228766367,3.975498842,1,1,6,1,12,4,1,0,0,0,1,1,0,1,17920,1,0,1,8.37120826,0,0
7155,12,1,12,4.263496101,8.422248637,4.015000105,0,2,3,0,0,3,1,1,0,0,0,0,0,0,0,0,0,146,26.05000019,11.57499981,15.625
7097,1,1,1,4.263496101,8.422248637,4.015000105,1,1,2,0,0,3,0,0,0,0,0,0,0,0,6000,1,0,1,26.05000019,11.57499981,15.625
7261,14,1,14,4.263496101,8.422248637,4.015000105,1,2,2,0,0,3,1,0,0,0,0,0,0,0,7800,1,0,1,26.05000019,11.57499981,15.625
7087,9,1,9,4.263496101,8.422248637,4.015000105,1,1,7,0,0,3,1,0,1,0,0,0,0,0,0,0,0,146,26.05000019,11.57499981,15.625
7082,36,1,36,4.263496101,8.422248637,4.015000105,1,0,4,0,0,3,0,0,0,1,0,0,0,0,3600,1,0,1,26.05000019,11.57499981,15.625
7158,5,1,5,4.263496101,8.422248637,4.015000105,1,8,12,0,0,3,1,0,0,0,0,0,0,0,500,1,0,118,26.05000019,11.57499981,15.625
7264,7,1,7,4.263496101,8.422248637,4.015000105,1,2,2,0,0,3,1,0,0,0,0,0,0,0,300,1,0,14,26.05000019,11.57499981,15.625
7291,28,1,28,4.263496101,8.422248637,4.015000105,1,5,4,0,0,3,1,0,0,0,0,0,0,0,6000,1,1,124,26.05000019,11.57499981,15.625
7160,13,1,13,4.263496101,8.422248637,4.015000105,1,0,3,0,0,3,1,1,0,0,0,0,0,0,5000,1,0,119,26.05000019,11.57499981,15.625
7050,2,1,2,4.263496101,8.422248637,4.015000105,1,2.127416667,5,0,0,3,1,1,0,0,1,0,0,0,0,1,0,96,26.05000019,11.57499981,15.625
7136,3,1,3,4.263496101,8.422248637,4.015000105,1,2.520083333,3,0,0,3,0,1,0,0,0,0,0,0,300,1,0,14,26.05000019,11.57499981,15.625
7122,25,2,12,4.263496101,8.422248637,4.015000105,1,3,2,0,0,3,0,0,0,0,0,0,0,0,5400,1,0,2,26.05000019,11.57499981,15.625
7110,7,1,7,4.263496101,8.422248637,4.015000105,1,1,1,0,0,3,0,0,0,0,0,0,0,0,3600,1,1,1,26.05000019,11.57499981,15.625
7094,23,1,23,4.263496101,8.422248637,4.015000105,1,2,2,0,0,3,1,0,0,0,0,0,0,0,2000,1,0,64,26.05000019,11.57499981,15.625
7238,12,3,4,4.263496101,8.422248637,4.015000105,1,2.57825,4,0,0,3,1,0,0,0,0,0,0,0,2783.333333,1,0,156,26.05000019,11.57499981,15.625
7137,11,1,11,4.263496101,8.422248637,4.015000105,1,3,3,0,0,3,0,1,0,1,0,0,0,0,3000,1,0,1,26.05000019,11.57499981,15.625
7275,64,2,32,4.263496101,8.422248637,4.015000105,1,2.557583333,4,0,0,3,1,0,0,0,0,0,0,0,2600,1,0,128,26.05000019,11.57499981,15.625
7139,6,1,6,4.263496101,8.422248637,4.015000105,1,4,2,0,0,3,0,0,1,0,0,0,0,0,0,0,0,146,26.05000019,11.57499981,15.625
7246,3,1,3,4.263496101,8.422248637,4.015000105,1,4,4,0,0,3,1,0,0,0,0,0,0,0,600,1,0,146,26.05000019,11.57499981,15.625
7223,7,1,7,4.263496101,8.422248637,4.015000105,1,3.205416667,2,0,0,3,1,0,0,0,0,0,0,0,8064000,1,0,146,26.05000019,11.57499981,15.625
7149,11,1,11,4.263496101,8.422248637,4.015000105,1,0,2,0,0,3,0,0,1,0,0,0,0,0,3600,1,0,1,26.05000019,11.57499981,15.625
7172,14,2,7,4.263496101,8.422248637,4.015000105,1,6,9,0,0,3,1,0,0,0,0,0,0,0,350,1,0,130,26.05000019,11.57499981,15.625
7128,13,1,13,4.263496101,8.422248637,4.015000105,1,0,1,0,0,3,1,1,1,0,0,0,0,0,300,1,1,146,26.05000019,11.57499981,15.625
7194,67,8,8,4.263496101,8.422248637,4.015000105,1,1,4,0,0,3,0,0,0,0,0,0,0,0,975,1,0,675,26.05000019,11.57499981,15.625
7147,5,2,2,4.263496101,8.422248637,4.015000105,1,2.452154762,4,0,0,3,0,0,1,0,0,0,0,0,100,1,0,14,26.05000019,11.57499981,15.625
7189,15,1,15,4.263496101,8.422248637,4.015000105,1,1,4,0,0,3,0,0,1,0,1,0,0,0,2000,1,0,64,26.05000019,11.57499981,15.625
7266,10,1,10,4.263496101,8.422248637,4.015000105,1,2.565916667,2,0,0,3,1,0,0,0,0,0,0,0,700,1,0,130,26.05000019,11.57499981,15.625
4550,7,1,7,4.176042988,9.860574103,3.005641699,1,3,10,0,0,3,1,0,0,1,1,1,0,0,200,1,0,68,2.136559693,0,0
41456,4,1,4,2.533354988,8.674750871,2.56435037,1,2,3,0,0,3,0,1,0,0,1,1,0,1,125,0,0,1,0.684661373,7.667626509,0
264,5,2,2,1.695354578,8.565442332,2.153185527,1,1.553333333,6,0,0,3,1,1,0,0,0,0,0,0,3.5,1,1,93,16.52715777,0.296036264,1.436614613
30547,2,1,2,1.978679579,8.018971479,2.13272235,0.94,0,4,0,0,3,1,0.94,0.17,0.265,0.88,0,0.68,0.423333333,0,0.93,0.39,1,9.061926923,0,0.200000003
30295,2,1,2,1.978679579,8.018971479,2.13272235,1,4,12,0,0,3,1,0.888333333,0.32,0.35,0.82,0,0.57,0.435,0,1,0,108,9.061926923,0,0.200000003
30537,12,3,4,1.978679579,8.018971479,2.13272235,1,1,2,0,0,3,1,0.856666667,0.29,0.385,0.86,0,0.55,0.438333333,0,1,1,36,9.061926923,0,0.200000003
30243,9,2,4,1.978679579,8.018971479,2.13272235,1,3,4,0,0,3,1,0.916666667,0.26,0.345,0.86,0,0.53,0.445,0,1,1,13,9.061926923,0,0.200000003
30419,26,3,9,1.978679579,8.018971479,2.13272235,1,3,7,0,0,3,1,0.91,0.27,0.293636364,0.83,0,0.46,0.415,0,0.98,0.73,3,9.061926923,0,0.200000003
30471,31,2,16,1.978679579,8.018971479,2.13272235,1,1,2,0,4.6,0,1,0.82,0.26,0.21,0.67,0,0.47,0.733333333,36000,1,0,2,9.061926923,0,0.200000003
30812,3,1,3,1.978679579,8.018971479,2.13272235,1,2,3,0,0,3,1,0.878333333,0.24,0.29,0.88,0,0.57,0.375,0,1,1,116,9.061926923,0,0.200000003
30783,13,1,13,1.978679579,8.018971479,2.13272235,1,1.221666667,3.970238095,0,0,2.9,0.99,0.92,0.21,0.29,0.88,0,0.598,0.428333333,0,0.96,0.4225,1,9.061926923,0,0.200000003
30502,11,1,11,1.978679579,8.018971479,2.13272235,1,5,11,0,0,3,1,0.858333333,0.25,0.375,0.83,0,0.578,0.425,0,1,1,92,9.061926923,0,0.200000003
30298,30,1,30,1.978679579,8.018971479,2.13272235,1,0,2,0,0,3,1,0.851666667,0.31,0.353636364,0.84,0,0.5,0.47,0,1,1,96,9.061926923,0,0.200000003
30743,26,1,26,1.978679579,8.018971479,2.13272235,1,0,3,0,0,3,1,0.851666667,0.25,0.353636364,0.87,0,0.53,0.473333333,0,0,0,68,9.061926923,0,0.200000003
30261,10,1,10,1.978679579,8.018971479,2.13272235,1,2,4,0,0,3,1,0.916666667,0.15,0.305,0.87,0,0.598,0.465,0,1,0,7,9.061926923,0,0.200000003
30303,4,1,4,1.978679579,8.018971479,2.13272235,1,2,6,0,0,3,1,0.916666667,0.2,0.3,0.89,0,0.57,0.385,0,1,1,7,9.061926923,0,0.200000003
30703,82,4,20,1.978679579,8.018971479,2.13272235,1,3,3,0,0,3,1,0.831666667,0.31,0.353636364,0.78,0,0.44,0.44,0,1,1,143,9.061926923,0,0.200000003
30173,44,2,22,1.978679579,8.018971479,2.13272235,1,4,2,0,0,3,1,0.861666667,0.26,0.333636364,0.79,0,0.43,0.47,0,1,1,128,9.061926923,0,0.200000003
30377,2,1,2,1.978679579,8.018971479,2.13272235,1,3,2,0,0,3,1,0.846666667,0.215,0.375,0.91,0,0.54,0.485,0,1,0,30,9.061926923,0,0.200000003
30415,4,1,4,1.978679579,8.018971479,2.13272235,0,5,2,0,0,3,1,0.846666667,0.23,0.365,0.9,0,0.57,0.535,0,1,0,30,9.061926923,0,0.200000003
30702,2,1,2,1.978679579,8.018971479,2.13272235,1,1,4,0,0,3,1,0.878333333,0.22,0.31,0.88,0,0.58,0.405,0,1,1,104,9.061926923,0,0.200000003
30554,9,3,3,1.978679579,8.018971479,2.13272235,1,1,3,0,0,3,1,0.886666667,0.23,0.355,0.81,0,0.56,0.383333333,0,1,0,26,9.061926923,0,0.200000003
30367,16,1,16,1.978679579,8.018971479,2.13272235,1,0,3,0,0,3,1,0.92,0.16,0.32,0.84,0,0.658,0.433333333,0,1,0,1,9.061926923,0,0.200000003
30650,22,1,22,1.978679579,8.018971479,2.13272235,1,0,4,0,0,3,1,0.88,0.17,0.353636364,0.88,0,0.58,0.473333333,0,1,0,30,9.061926923,0,0.200000003
2134,2,1,2,1.301780895,6.916946719,1.933401554,1,0,4,0,0,3,1,1,0,0,0,0,0,1,200,1,0,68,20.70281089,0.575034103,10.74231524
2036,12,2,6,1.301780895,6.916946719,1.933401554,1,0,1,0,0,3,1,1,0,0,1,0,0,1,3,1,1,65,20.70281089,0.575034103,10.74231524
2177,5,1,5,1.301780895,6.916946719,1.933401554,1,0,2,0,0,3,1,1,0,0,1,0,1,1,3,1,0,92,20.70281089,0.575034103,10.74231524
2061,1,1,1,1.301780895,6.916946719,1.933401554,1,0,1,0,0,3,1,1,0,0,0,0,0,1,0,1,1,1,20.70281089,0.575034103,10.74231524
2024,3,1,3,1.301780895,6.916946719,1.933401554,1,0,4,0,0,3,1,1,0,0,1,0,0,1,2,1,0,64,20.70281089,0.575034103,10.74231524
2007,3,1,3,1.301780895,6.916946719,1.933401554,1,0,2,0,0,3,1,1,0,0,1,0,0,1,2,1,1,64,20.70281089,0.575034103,10.74231524
2183,25,1,25,1.301780895,6.916946719,1.933401554,1,2,2,0,0,3,1,1,0,0,1,0,0,1,2,1,1,64,20.70281089,0.575034103,10.74231524
2096,12,1,12,1.301780895,6.916946719,1.933401554,1,1,3,0,0,3,0,0,0,0,1,0,0,0,4,1,0,104,20.70281089,0.575034103,10.74231524
2008,5,1,5,1.301780895,6.916946719,1.933401554,1,1,3,0,0,3,1,1,0,0,1,0,1,0,250,1,1,1,20.70281089,0.575034103,10.74231524
47039,11,1,11,1.901861985,6.41329116,1.702531732,1,2,4,1,8,3,1,1,0,0,1,1,1,1,2700,1,1,1,0.213390913,0.989106346,4.214370995
25026,1,1,1,1.901861985,6.41329116,1.702531732,0.89,0,1,0,0.89,3,1,0.89,0,0,1,0,1,0.52,0,0.93,0.6,1,3.016194846,0.200000003,0
45861,3,1,3,1.901861985,6.41329116,1.702531732,1,2,9,0,0,3,1,1,1,0,1,1,1,1,72000,1,0,1,0.989106346,4.214370995,41.71034611
25069,9,2,4,1.901861985,6.41329116,1.702531732,0.896666667,1,7,0,1.47,3,1,0.836666667,0,0,1,0,1,0.38,0,0.89,0.41,117,3.016194846,0.200000003,0
24940,15,1,15,1.901861985,6.41329116,1.702531732,0.8575,4,4,0,1.12,3,1,0.88,0,0,1,0,1,0.62,0,1,0,1,3.016194846,0.200000003,0
45783,25,1,25,1.901861985,6.41329116,1.702531732,1,0,5,0,0,4,1,1,0,1,1,1,0,1,45000,1,0,1,0.989106346,4.214370995,41.71034611
45029,1,1,1,1.901861985,6.41329116,1.702531732,1,0,3,1,24,0,0,1,1,1,1,1,0,0,240,1,1,1,0.989106346,4.214370995,41.71034611
24947,1,1,1,1.901861985,6.41329116,1.702531732,1,2,5,0,1.01,3,1,0.896666667,0,0,1,0,1,0.48,0,1,1,20,3.016194846,0.200000003,0
45678,3,1,3,1.901861985,6.41329116,1.702531732,0,5,7,0,0,4,1,1,0,1,1,1,0,1,75000,1,0,1,41.71034611,16.61428815,6.680813527
47399,3,1,3,1.901861985,6.41329116,1.702531732,1,1,4,0,0,4,1,1,0,0,0,0,1,1,272250,1,0,1,0.633647172,0.213390913,0.989106346
45040,29,1,29,1.901861985,6.41329116,1.702531732,1,0,2,1,7,4,1,1,0,1,0,1,0,0,675,1,1,1,0.989106346,4.214370995,41.71034611
3216,5,1,5,2.892360806,11.11010494,2.733661963,1,1.837333333,1,0,0,3,1,1,0,0,1,1,0,1,58560,1,0,1,0,0.194617777,0
3234,32,1,32,2.892360806,11.11010494,2.733661963,1,4,6,0,0,3,1,1,0,0,1,1,0,1,10800,1,0,1,0,0.194617777,0
3240,2,1,2,2.892360806,11.11010494,2.733661963,1,1,6,0,0,3,1,1,0,0,1,1,0,1,24882,1,0,1,0,0.194617777,0
3209,2,1,2,2.892360806,11.11010494,2.733661963,1,1,2,0,0,3,1,1,0,0,1,1,0,1,181202,1,0,1,0,0.194617777,0
3165,14,2,7,2.892360806,11.11010494,2.733661963,1,6,8,0,0,3,1,1,0,0,1,1,0,1,70938,1,0,2,0,0.194617777,0
3325,11,2,6,2.892360806,11.11010494,2.733661963,1,6,7,0,0,3,1,1,0,0,1,1,0,1,157440,0,0,2,0,0.194617777,0
3362,2,1,2,2.892360806,11.11010494,2.733661963,1,8,4,0,0,3,1,1,0,0,1,1,0,1,323204,1,0,1,0,0.194617777,0
3312,10,1,10,2.892360806,11.11010494,2.733661963,1,5,2,0,0,3,1,1,0,0,1,1,1,1,3500,1,1,1,0,0.194617777,0
3186,1,1,1,2.892360806,11.11010494,2.733661963,1,1.529333333,1,0,0,3,1,1,0,0,1,1,0,1,2160,1,1,1,0,0.194617777,0
3166,4,1,4,2.892360806,11.11010494,2.733661963,1,1,6,0,0,3,1,1,0,0,1,1,1,1,13500,1,0,1,0,0.194617777,0
3179,1,1,1,2.892360806,11.11010494,2.733661963,1,1,3,0,0,3,1,0,0,0,1,0,0,1,147490,1,0,1,0,0.194617777,0
35509,21,1,21,1.501572103,8.947165559,2.053419081,1,0,4,0,0.43,3,1,1,0.661666667,0,0,0,0,0,0,1,1,141,36.10740975,8.917488313,8.579796621
35481,1,1,1,1.501572103,8.947165559,2.053419081,0.921666667,4,2,0,0.3,3,1,1,0,0,1,0,0,0,0,1,1,120,36.10740975,8.917488313,8.579796621
35355,1,1,1,1.501572103,8.947165559,2.053419081,1,3,5,0,0.67,3,1,1,1,0,0,0,0,0,0,1,0.526333333,117,36.10740975,8.917488313,8.579796621
35314,1,1,1,1.501572103,8.947165559,2.053419081,1,2,2,0,0.52,3,0.96,0.93,0,0,0,0,0,0,0,1,1,18,36.10740975,8.917488313,8.579796621
35453,3,1,3,1.501572103,8.947165559,2.053419081,1,1,3,0,0.55,3,1,1,1,0,0,0,0,0,0,1,1,5,36.10740975,8.917488313,8.579796621
35304,8,1,8,1.501572103,8.947165559,2.053419081,1,1,2,0,0.59,3,1,1,1,0.225,0,0,0,0,0,1,0,18,36.10740975,8.917488313,8.579796621
35516,10,2,5,1.501572103,8.947165559,2.053419081,0,1,6,0,0.57,3,1,1,1,1,0,0,0,0,0,1,0,52,36.10740975,8.917488313,8.579796621
35353,6,1,6,1.501572103,8.947165559,2.053419081,1,3,5,0,0.59,3,1,1,1,0,0,0,0,0,0,1,0,16,36.10740975,8.917488313,8.579796621
27963,6,1,6,4.434572911,8.680508148,2.195134649,1,4,3,0,0,3,1,0.614,0.11,1,0.79,0,0.46,0.447619048,0,0.904166667,0.18,23,0,0,0
27609,1,1,1,4.434572911,8.680508148,2.195134649,1,1,4,0,0,3,1,0.684,0,1,0.78,0,0.5,0.496666667,0,0.904166667,0.135,1,0,0,0
27905,40,3,13,4.434572911,8.680508148,2.195134649,1,2,6,0,0,3,1,0.624,0.23,0.673636364,0.74,0,0.44,0.443333333,0,1,0,3,0,0,0
8961,5,1,5,3.055765961,9.668662346,3.126133721,1,2,2,1,12,3,1,1,0,0,0,1,0,1,243670,0,0,1,0,0,0
8890,10,1,10,3.055765961,9.668662346,3.126133721,1,2,3,1,24,3,1,1,1,0,1,1,0,1,117740,1,0,1,0,0,0
9570,30,1,30,3.055765961,9.668662346,3.126133721,1,2,4,1,12,3,1,1,1,0,1,1,0,1,427128,1,1,1,0,0,0
9019,9,1,9,3.055765961,9.668662346,3.126133721,1,0,4,1,8,3,1,1,0,0,0,0,0,1,64980,0,0,1,0,0,0
8997,2,1,2,3.055765961,9.668662346,3.126133721,1,2,3,1,8,3,1,1,1,0,0,0,1,1,980,0,0,1,0,0,0
9503,10,1,10,3.055765961,9.668662346,3.126133721,1,0,5,1,12,3,1,1,1,0,1,1,0,1,297000,1,0,1,0,0,0
9235,1,1,1,3.055765961,9.668662346,3.126133721,1,0,5,1,12,3,1,1,0,0,1,1,0,1,99225,1,0,1,0,0,0
8846,12,1,12,3.055765961,9.668662346,3.126133721,1,0,4,1,24,3,1,1,0,0,1,0,0,1,99405,0,0,1,0,0,0
8791,23,1,23,3.055765961,9.668662346,3.126133721,1,2,1,0,6,3,1,0,0,0,1,0,0,1,181656,0,0,1,0,0,0
9448,2,1,2,3.055765961,9.668662346,3.126133721,1,1,4,1,24,3,0,1,0,0,1,1,0,0,243670,0,0,146,0,0,0
9436,2,2,1,3.055765961,9.668662346,3.126133721,1,1,2,1,8,3,1,0,0.265,0,0,0,0,1,50022.5,0,0,2,0,0,0
43109,18,1,18,4.512966733,12.04320283,2.330828128,1,1.4225,1,0,0,3,0,1,1,1,0,1,0,1,162500,1,0,1,1.362500012,0,17.7874999
2363,6,1,6,4.512966733,12.04320283,2.330828128,1,2,5,0,0,3,1,1,0,0,1,1,0,1,150,1,0,51,40.53923561,18.39161506,13.12246416
43110,17,1,17,4.512966733,12.04320283,2.330828128,1,3,4,0,0,3,0,1,1,1,0,1,1,1,800,0,1,1,1.362500012,0,17.7874999
43103,24,1,24,4.512966733,12.04320283,2.330828128,1,1.854761905,4,0,0,3,0,1,1,1,0,0.694,1,0,21,1,1,1,1.362500012,0,17.7874999
43114,3,1,3,4.512966733,12.04320283,2.330828128,1,1,2,0,0,3,0,1,0,1,0,1,1,1,75000,1,0.32,1,1.362500012,0,17.7874999
43111,39,1,39,4.512966733,12.04320283,2.330828128,1,1.52,1,0,0,3,0,1,1,1,0,0,0,1,2500,1,1,1,1.362500012,0,17.7874999
2245,2,1,2,4.512966733,12.04320283,2.330828128,1,1.577333333,3,0,0,3,1,1,0,0,1,1,0,1,200,1,1,68,40.53923561,18.39161506,13.12246416
43003,7,1,7,3.810821811,9.384671517,2.473238732,1,2,3,0,0,3,0,1,0,0,1,1,0,1,176000,0,1,1,12.75555547,0.399999999,9.588888804
42994,7,1,7,3.810821811,9.384671517,2.473238732,1,4,2,0,0,3,0,1,0,0,1,1,0,1,2250,1,1,1,12.75555547,0.399999999,9.588888804
42992,6,1,6,3.810821811,9.384671517,2.473238732,1,2,2,0,0,3,0,1,0,0,0,0,0,1,96000,0,0,1,12.75555547,0.399999999,9.588888804
43430,21,1,21,3.810821811,9.384671517,2.473238732,1,2,5,0,0,3,0,1,1,0,0,1,0,0,4500,0.766666667,1,1,7.32777781,0.59444444,0
43152,12,1,12,3.810821811,9.384671517,2.473238732,1,4,3,1,24,3,0,1,1,1,1,1,0.31,1,1250,0,1,1,12.75555547,0.399999999,9.588888804
43431,7,1,7,3.810821811,9.384671517,2.473238732,1,1.75,3,0,0,3,0.16,1,1,1,1,1,0,0,168000,0,0,1,7.32777781,0.59444444,0
42989,7,1,7,3.810821811,9.384671517,2.473238732,1,1,4,0,0,3,0,1,0,0,0,1,0,1,100,0,1,1,12.75555547,0.399999999,9.588888804
43125,12,1,12,3.810821811,9.384671517,2.473238732,1,1,5,0,0,3,1,0,0,0,1,1,0,1,1.00E+05,1,0,1,0.59444444,0,12.75555547
43009,30,1,30,3.810821811,9.384671517,2.473238732,1,1.888,3,0,0,3,0,1,1,0,1,1,0,1,600,1,0,1,12.75555547,0.399999999,9.588888804
43013,2,1,2,3.810821811,9.384671517,2.473238732,1,1,2,0,0,3,0,1,0,0,1,0.8,0,1,196,1,0.545,1,12.75555547,0.399999999,9.588888804
43094,2,1,2,3.810821811,9.384671517,2.473238732,1,1,2,0,0,3,0,1,1,1,1,1,1,1,0,1,0,1,7.32777781,0.59444444,0
43429,4,1,4,3.810821811,9.384671517,2.473238732,1,2.01,3,0,0,2,0,0,0,0,0,1,0,1,84000,1,1,1,7.32777781,0.59444444,0
43153,8,1,8,3.810821811,9.384671517,2.473238732,1,2.023333333,4,0,0,3,0,1,1,0,0,0,1,0.83,175000,1,0,1,12.75555547,0.399999999,9.588888804
43077,14,1,14,3.810821811,9.384671517,2.473238732,1,1,4,0,0,3,1,1,1,1,1,1,0,1,17500,1,1,1,7.32777781,0.59444444,0
43081,7,1,7,3.810821811,9.384671517,2.473238732,1,2,5,0,0,3,0,1,0,0,1,1,0,1,150000,0.73,0,1,7.32777781,0.59444444,0
43425,1,1,1,3.810821811,9.384671517,2.473238732,1,2.05,3,0,0,2,0,1,0,0,0,1,0,1,84000,1,1,1,7.32777781,0.59444444,0
43144,18,1,18,3.810821811,9.384671517,2.473238732,1,2,3,0,0,3,0,1,0,0,1,1,0,1,31500,1,0,1,0,12.75555547,0.399999999
43016,8,1,8,3.810821811,9.384671517,2.473238732,1,2,5,0,0,3,0,1,0,0,1,1,1,1,202500,1,0,1,12.75555547,0.399999999,9.588888804
43418,2,1,2,3.810821811,9.384671517,2.473238732,1,1.98,2,0,0,3,0,0,0,0,0,1,0,1,12000,0,1,1,7.32777781,0.59444444,0
29088,2,1,2,4.232146473,8.509082338,3.174999952,1,4,3,0,0.45,3,1,0.93,0,0,0.7,0,0.385,0.6,0,1,0,1,7.700000048,0.325000003,0
43686,4,1,4,4.232146473,8.509082338,3.174999952,1,2,3,0,0,3,0,1,0,1,0,1,0,1,2.00E+05,0.9,0,1,6.409153243,0.562754873,0
28866,3,1,3,4.232146473,8.509082338,3.174999952,0.8,0,3,0,1.11,3,1,0.93,1,0.21,0.685,0,0.46,0.46,0,0.94,0.03,146,7.700000048,0.325000003,0
28984,8,1,8,4.232146473,8.509082338,3.174999952,1,7,6,0,0.75,3,1,0.92,1,0.255,0.64,0,0.37,0.52,0,1,0,65,7.700000048,0.325000003,0
43644,21,2,10,4.232146473,8.509082338,3.174999952,1,2,5,0,0,3,0,1,1,1,0,1,0,1,3600,1,1,2,6.409153243,0.562754873,0
43642,1,1,1,4.232146473,8.509082338,3.174999952,1,5,6,0,0,3,0,1,0,1,0,1,0,1,1.00E+05,1,0,1,6.409153243,0.562754873,0
28981,2,1,2,4.232146473,8.509082338,3.174999952,1,1,2,0,0.99,3,1,0.88,1,0.19,0.755,0,0.5,0.57,0,1,0,92,7.700000048,0.325000003,0
43640,41,1,41,4.232146473,8.509082338,3.174999952,1,3,2,1,24,7,1,1,0,1,0,1,0,1,2400,1,1,1,6.409153243,0.562754873,0
43649,17,2,8,4.232146473,8.509082338,3.174999952,1,4,2,0,0,3,0,1,0,1,0,1,0,1,600,1,1,2,6.409153243,0.562754873,0
43440,14,1,14,4.232146473,8.509082338,3.174999952,1,1,3,0,0,3,0,1,0,1,0,1,0,1,175000,1,0,1,6.409153243,0.562754873,0
43441,33,1,33,4.232146473,8.509082338,3.174999952,1,2,4,0,0,3,0,1,0,1,0,1,0,1,0,0,0,1,6.409153243,0.562754873,0
43638,1,1,1,4.232146473,8.509082338,3.174999952,1,1,3,1,24,7,1,1,0,1,0,0,1,0,3025,1,0,1,6.409153243,0.562754873,0
29134,18,1,18,4.232146473,8.509082338,3.174999952,1,1,4,0,1.01,3,1,0.94,0,0,0.675,0,0.4,0.48,0,1,0,93,7.700000048,0.325000003,0
28836,21,2,10,4.232146473,8.509082338,3.174999952,1,1,4,0,1.05,3,1,0.92,0,0.043636364,0.645,0,0.38,0.47,0,1,0,93,7.700000048,0.325000003,0
28575,2,1,2,4.232146473,8.509082338,3.174999952,1,4,4,0,0.87,3,1,0.92,1,0.235,0.74,0,0.405,0.58,0,1,0,28,7.700000048,0.325000003,0
43443,15,1,15,4.232146473,8.509082338,3.174999952,1,1.488333333,1,0,0,3,0.331428571,0.98,0.2565,0.85,0.19,1,1,0.88,20,0,0,1,6.409153243,0.562754873,0
28547,8,1,8,4.232146473,8.509082338,3.174999952,0,0,2,0,0.99,3,1,0.87,1,0.21,0.76,0,0.51,0.536666667,0,1,0,65,7.700000048,0.325000003,0
43448,13,1,13,4.232146473,8.509082338,3.174999952,1,1,2,0,0,3,1,1,0,1,0,1,0,1,5400,1,1,1,6.409153243,0.562754873,0
43786,27,3,9,4.670577678,7.894322621,2.919672452,1,2,1,0,0,3,0,0.87,1,1,1,1,0,0,5200,1,0,3,1.498095123,13.97126423,1.321403382
43777,39,1,39,4.670577678,7.894322621,2.919672452,1,0,1,0,0,3,0,1,0,1,1,1,0,1,24000,1,1,1,1.498095123,13.97126423,1.321403382
43832,7,1,7,4.670577678,7.894322621,2.919672452,1,0,3,0,0,3,0,1,0,1,1,1,0,0,2100,1,1,1,1.498095123,13.97126423,1.321403382
43781,4,1,4,4.670577678,7.894322621,2.919672452,1,8,9,0,0,3,0,1,1,1,1,1,1,1,360000,1,0,1,1.498095123,13.97126423,1.321403382
43775,27,2,14,3.314906235,11.64757216,2.800858527,1,3,11,0,0,3,0,0.88,0,1,1,1,0,1,4000,1,0,147,1.50671374,13.58981238,0.926710063
43764,26,1,26,3.314906235,11.64757216,2.800858527,1,0,3,0,0,3.13,0.24,0.94,0,1,0,1,0,1,6,1,1,1,1.50671374,13.58981238,0.926710063
43769,22,1,22,3.314906235,11.64757216,2.800858527,1,0,6,0,0,3,0,1,0,1,1,0,0,1,75000,1,0,1,1.50671374,13.58981238,0.926710063
43774,12,1,12,3.314906235,11.64757216,2.800858527,1,0,1,0,0,3,0,0.94,0,1,1,1,0,1,175000,1,0,1,1.50671374,13.58981238,0.926710063
6846,14,1,14,3.381943765,9.864383585,3.595194719,1,1,4,0,1.16,2,1,1,0,0,0,0,0,0,0,1,0,130,0,1.399999976,0
6801,7,1,7,3.381943765,9.864383585,3.595194719,1,0,3,0,0,2,1,1,0,0,0,0,0,0,0,1,1,146,2.667865585,33.83169108,23.05793827
6845,26,2,13,3.381943765,9.864383585,3.595194719,1,3,4,0,0.6,2,1,1,0,0,0,0,0,0,55125,1,0,147,2.667865585,33.83169108,23.05793827
6800,9,2,4,3.381943765,9.864383585,3.595194719,1,1,2,0,0,2,1,1,0,0,0,0,0,0,0,0,1,292,2.667865585,33.83169108,23.05793827
6843,6,1,6,3.381943765,9.864383585,3.595194719,1,3,2,0,0.00E+00,2,1,1,0,0,0,0,0,0,0,1,0,7,2.667865585,33.83169108,23.05793827
46767,26,1,26,3.381943765,9.864383585,3.595194719,1,3,4,0,0,4,1,1,0,1,1,1,0,1,3000,1,1,1,2.667865585,33.83169108,23.05793827
6847,6,1,6,3.381943765,9.864383585,3.595194719,1,1,3,0,0.36,2,1,1,0,1,0,0,0,0,216000,1,0,146,2.667865585,33.83169108,23.05793827
7009,2,1,2,3.381943765,9.864383585,3.595194719,1,0,3,0,0.46,2,1,0,0,0,0,0,0,0,6750,1,0,146,2.667865585,33.83169108,23.05793827
6848,38,1,38,3.381943765,9.864383585,3.595194719,1,2,8,0,0.48,2,1,1,0,0,0,0,0,0,36000,1,1,146,2.667865585,33.83169108,23.05793827
46560,19,1,19,3.381943765,9.864383585,3.595194719,1,0,5,0,0,3,1,1,1,1,0,1,0,1,18000,1,1,1,2.667865585,33.83169108,23.05793827
6805,17,1,17,3.381943765,9.864383585,3.595194719,1,1,3,0,0,2,1,0,0,1,0,0,0,0,40,1,0,146,2.667865585,33.83169108,23.05793827
6807,28,1,28,3.381943765,9.864383585,3.595194719,1,1,4,0,0,2,1,1,1,1,0,0,0,0,0,1,0,146,2.667865585,33.83169108,23.05793827
6799,65,3,22,3.381943765,9.864383585,3.595194719,1,0,6,0,0,2,0,1,1,0,1,0,0,0,0,1,0,293,2.667865585,33.83169108,23.05793827
46772,13,1,13,3.381943765,9.864383585,3.595194719,1,3,6,0,0,4,1,1,1,1,1,0,0,1,6000,1,0,1,2.667865585,33.83169108,23.05793827
6841,7,1,7,3.381943765,9.864383585,3.595194719,1,5,6,0,0.48,2,1,1,0,0,0,0,0,0,108000,1,0,146,2.667865585,33.83169108,23.05793827
46451,23,1,23,3.381943765,9.864383585,3.595194719,1,3,5,0,0,3,1,1,0,0,0,0,0,0,1012.5,1,1,1,2.667865585,33.83169108,23.05793827
47046,2,1,2,3.381943765,9.864383585,3.595194719,1,0,3,0,0,4,1,1,1,1,0,1,0,1,6,1,1,1,2.667865585,33.83169108,23.05793827
47014,7,1,7,3.381943765,9.864383585,3.595194719,1,1,4,0,0,4,1,1,1,1,1,1,0,1,375,1,1,1,2.667865585,33.83169108,23.05793827
6849,19,1,19,3.381943765,9.864383585,3.595194719,1,3,4,0,0.00E+00,2,1,1,0,0,0,0,0,0,0,1,0,146,2.667865585,33.83169108,23.05793827
6883,8,1,8,3.381943765,9.864383585,3.595194719,1,3,3,0,0.45,2,1,0,0,0,0,0,0,0,216000,1,0,146,2.667865585,33.83169108,23.05793827
6894,3,1,3,3.381943765,9.864383585,3.595194719,1,3,5,0,0.61,2,1,1,0,0,0,0,0,0,288000,1,0,146,2.667865585,33.83169108,23.05793827
46565,1,1,1,3.381943765,9.864383585,3.595194719,1,2,2,0,0,3,1,1,0,0,0,0.48,0,0,125000,1,0,1,2.667865585,33.83169108,23.05793827
46526,3,1,3,3.381943765,9.864383585,3.595194719,1,7,13,0,0,7,1,1,1,0,0,0,0,1,200,1,1,1,2.667865585,33.83169108,23.05793827
6966,5,1,5,3.381943765,9.864383585,3.595194719,1,4,5,0,0,3,1,1,0,0,0,0,0,0,300,1,0,1,2.667865585,33.83169108,23.05793827
46554,23,1,23,3.381943765,9.864383585,3.595194719,1,5,7,0,0,7,1,0.975,0,1,1,1,0,1,2500,1,1,1,2.667865585,33.83169108,23.05793827
46980,28,1,28,3.381943765,9.864383585,3.595194719,1,2,4,0,0,4,1,1,1,1,1,1,1,0,3000,1,1,1,2.667865585,33.83169108,23.05793827
14186,13,1,13,3.381943765,9.864383585,3.595194719,1,1,4,1,12,3,1,1,0,0,1,1,0,1,134560,1,0,1,2.667865585,33.83169108,23.05793827
46547,12,1,12,3.381943765,9.864383585,3.595194719,1,0,2,0,0,3,1,1,1,1,1,1,0,1,1250,1,1,1,2.667865585,33.83169108,23.05793827
46470,2,1,2,3.381943765,9.864383585,3.595194719,1,1,4,0,0,3,0.798,1,0,1,1,0,0,1,75,1,1,1,2.667865585,33.83169108,23.05793827
14142,4,1,4,3.381943765,9.864383585,3.595194719,1,0,2,1,12,4,1,1,0,0,1,1,0,1,97470,0,0,1,2.667865585,33.83169108,23.05793827
6905,3,1,3,3.381943765,9.864383585,3.595194719,1,0,1,0,1.03,2,1,1,0,0,0,0,0,0,216000,1,0,146,2.667865585,33.83169108,23.05793827
47112,13,1,13,3.381943765,9.864383585,3.595194719,1,3,3,0,0,2,1,1,0,0,1,1,0,1,900,1,1,1,2.667865585,33.83169108,23.05793827
46942,26,2,13,3.381943765,9.864383585,3.595194719,1,1,6,0,0,3,1,1,1,0,0,1,0,1,29,1,1,2,2.667865585,33.83169108,23.05793827
47200,13,1,13,3.381943765,9.864383585,3.595194719,1,1,3,0,0,3,1,1,1,1,0,0,1,1,1200,1,1,1,2.667865585,33.83169108,23.05793827
46523,26,1,26,3.381943765,9.864383585,3.595194719,1,0,3,0,0,4,0,1,1,1,1,1,1,1,9000,0.9,0,1,2.667865585,33.83169108,23.05793827
46763,3,1,3,3.381943765,9.864383585,3.595194719,1,4,5,0,0,3,1,1,0,1,0,1,0,0,4900,1,1,1,2.667865585,33.83169108,23.05793827
13999,34,1,34,3.381943765,9.864383585,3.595194719,1,2,2,1,12,4,1,1,0,0,1,1,0,1,50460,1,0,1,2.667865585,33.83169108,23.05793827
14014,27,1,27,3.381943765,9.864383585,3.595194719,1,2,2,1,12,4,1,1,0,0,1,1,0,1,48735,0,0,1,2.667865585,33.83169108,23.05793827
46592,24,2,12,3.381943765,9.864383585,3.595194719,1,0,3,0,0,3,1,1,1,1,0,1,0,1,1462.5,1,1,2,2.667865585,33.83169108,23.05793827
46479,38,2,19,3.381943765,9.864383585,3.595194719,1,4,9,0,0,4,1,1,1,1,1,0.736,1,1,36506.25,1,0,2,2.667865585,33.83169108,23.05793827
46568,1,1,1,3.381943765,9.864383585,3.595194719,1,2,5,0,0,3,1,1,0,1,0,1,0,1,14850,1,0,1,2.667865585,33.83169108,23.05793827
46573,12,1,12,3.381943765,9.864383585,3.595194719,1,2,5,0,0,4,1,1,1,1,1,1,1,1,12000,1,0,1,2.667865585,33.83169108,23.05793827
6994,2,1,2,3.381943765,9.864383585,3.595194719,1,9,10,0,0.71,2,1,1,0,0,0,0,0,0,324000,1,1,146,2.667865585,33.83169108,23.05793827
46749,14,1,14,3.381943765,9.864383585,3.595194719,1,1,3,0,0,3,1,1,1,0,0,1,0,1,3000,1,1,1,2.667865585,33.83169108,23.05793827
6827,10,2,5,3.381943765,9.864383585,3.595194719,1,2,2,0,0,2,1,1,0,0,0,0,0,0,0,1,0,104,2.667865585,33.83169108,23.05793827
6945,5,1,5,3.381943765,9.864383585,3.595194719,1,1,6,0,0.00E+00,2,1,1,0,0,0,0,0,0,0,1,1,64,2.667865585,33.83169108,23.05793827
46402,17,2,8,3.381943765,9.864383585,3.595194719,1,0,4,0,0,4,0.708,1,1,1,1,1,0,1,100125,0.89,0,2,2.667865585,33.83169108,23.05793827
6817,15,2,8,3.381943765,9.864383585,3.595194719,1,0,5,0,0,0,1,1,0,1,0,0,0,0,0,0,0,292,2.667865585,33.83169108,23.05793827
6836,1,1,1,3.381943765,9.864383585,3.595194719,1,1,3,0,0.43,2.13,0,1,0,0,0,0,0,0,216000,0,0,146,2.667865585,33.83169108,23.05793827
6838,28,2,14,3.381943765,9.864383585,3.595194719,1,4,4,0,0,2,1,1,1,0,0,0,0,0,72000,1,0,292,2.667865585,33.83169108,23.05793827
46465,26,1,26,3.381943765,9.864383585,3.595194719,1,0,5,0,0,4,0.8005,1,1,1,1,1,0,0,1500,1,1,1,2.667865585,33.83169108,23.05793827
46498,15,1,15,3.381943765,9.864383585,3.595194719,1,3,2,0,0,4,0,1,1,1,0,1,0,1,10,1,1,1,2.667865585,33.83169108,23.05793827
46475,9,1,9,3.381943765,9.864383585,3.595194719,1,0,1,0,0,4,0.87,1,1,1,1,1,0,1,50000,1,0,1,2.667865585,33.83169108,23.05793827
46492,5,1,5,3.381943765,9.864383585,3.595194719,1,1,4,0,0,4,0,1,0,0,0,1,1,1,2500,1,1,1,2.667865585,33.83169108,23.05793827
46902,20,1,20,3.381943765,9.864383585,3.595194719,1,0,3,0,0,3,1,1,0,0,0,0,1,1,1875,1,1,1,2.667865585,33.83169108,23.05793827
46541,28,1,28,3.381943765,9.864383585,3.595194719,1,0,3,0,0,7,1,1,0,0,0,1,0,0.82,320,1,1,1,2.667865585,33.83169108,23.05793827
6835,18,1,18,3.381943765,9.864383585,3.595194719,1,1,2,0,0,2,1,1,0,1,0,0,0,0,0,1,0,116,2.667865585,33.83169108,23.05793827
13756,4,1,4,3.381943765,9.864383585,3.595194719,1,0,1,1,6,4,1,1,1,0,1,1,1,1,255664,1,0,1,2.667865585,33.83169108,23.05793827
13980,11,1,11,3.381943765,9.864383585,3.595194719,1,0,4,1,12,4,1,1,1,0,1,1,0,1,204687,1,0,1,2.667865585,33.83169108,23.05793827
46350,2,1,2,3.381943765,9.864383585,3.595194719,1,2,12,0,0,3,1,0.95,0,1,1,0,1,1,80000,1,0,1,2.667865585,33.83169108,23.05793827
6828,70,4,18,3.381943765,9.864383585,3.595194719,1,2,4,0,0,2,1,0,0,0,0,0,0,0,0,1,0,396,2.667865585,33.83169108,23.05793827
6819,4,1,4,3.381943765,9.864383585,3.595194719,1,1,2,0,0,2,1,1,0,0,0,0,0,0,0,1,1,92,2.667865585,33.83169108,23.05793827
6822,3,1,3,3.381943765,9.864383585,3.595194719,1,4,3,0,0,2,1,1,0,0,0,0,0,0,0,0,0,146,2.667865585,33.83169108,23.05793827
46393,4,1,4,3.381943765,9.864383585,3.595194719,1,1,3,0,0,4,0.8405,1,1,1,1,0,0,1,10000,1,1,1,2.667865585,33.83169108,23.05793827
46397,8,1,8,3.381943765,9.864383585,3.595194719,1,1,3,0,0,4,0.749666667,1,0,1,1,1,1,1,800,1,1,1,2.667865585,33.83169108,23.05793827
46363,3,1,3,3.381943765,9.864383585,3.595194719,1,1,3,0,0,3,0,1,1,1,1,1,0,1,75000,0,1,1,2.667865585,33.83169108,23.05793827
46380,41,1,41,3.381943765,9.864383585,3.595194719,1,2,12,0,0,3,0,1,0,0,0,1,1,1,2400,1,1,1,2.667865585,33.83169108,23.05793827
46864,2,1,2,3.381943765,9.864383585,3.595194719,1,2,7,0,0,4,1,1,1,1,1,0,0,1,6000,1,0,1,2.667865585,33.83169108,23.05793827
46494,1,1,1,3.381943765,9.864383585,3.595194719,1,2,2,0,0,4,1,1,0,1,1,1,1,1,101250,1,0,1,2.667865585,33.83169108,23.05793827
13597,1,1,1,3.381943765,9.864383585,3.595194719,1,0,4,1,7,4,0,1,0,0,1,0,0,1,124800,0,0,1,2.667865585,33.83169108,23.05793827
46352,21,1,21,3.381943765,9.864383585,3.595194719,1,3,5,0,0,3,0,0,0,0,0,0,0,1,450,1,1,1,2.667865585,33.83169108,23.05793827
13954,7,1,7,3.381943765,9.864383585,3.595194719,1,1,3,1,12,3,1,1,0,0,1,1,0,1,30375,1,0,1,2.667865585,33.83169108,23.05793827
6826,23,2,12,3.381943765,9.864383585,3.595194719,1,0,2,0,0,2,0,1,0,0,0,0,0,0,0,0,0,151,2.667865585,33.83169108,23.05793827
46885,10,1,10,3.381943765,9.864383585,3.595194719,1,0,5,0,0,4,0.98,1,1,1,1,1,0,1,8000,1,1,1,2.667865585,33.83169108,23.05793827
45408,13,1,13,4.378351141,12.4410307,4.13795263,1,2,4,0,0,3,1,1,1,0,0,1,0.173333333,1,192000,1,0,1,2.667865585,33.83169108,23.05793827
46335,21,1,21,4.378351141,12.4410307,4.13795263,1,0,3,0,0,3,1,1,0,0,0,0,1,1,480,1,1,146,2.667865585,33.83169108,23.05793827
46779,3,1,3,4.378351141,12.4410307,4.13795263,1,2,3,1,0,3,1,1,0,1,1,1,0,1,2000,1,1,1,2.667865585,33.83169108,23.05793827
46317,1,1,1,4.378351141,12.4410307,4.13795263,1,2,3,0,0,3,1,1,1,1,1,0,0,0,1875,1,1,1,2.667865585,33.83169108,23.05793827
45404,81,2,40,4.378351141,12.4410307,4.13795263,1,2,3,0,0,3,1,1,1,0,0,1,0,1,136125,0,0,2,2.667865585,33.83169108,23.05793827
46286,5,1,5,4.378351141,12.4410307,4.13795263,1,1,3,0,0,3,1,1,1,1,1,1,1,1,90000,1,1,1,2.667865585,33.83169108,23.05793827
46844,9,1,9,4.378351141,12.4410307,4.13795263,1,6,3,0,0,6,0.89,0.95,0,0,0,1,0,1,242000,1,1,1,2.667865585,33.83169108,23.05793827
46348,6,1,6,4.378351141,12.4410307,4.13795263,1,2,5,0,0,3,1,1,1,1,1,0,0,1,500,0.975,0,1,2.667865585,33.83169108,23.05793827
46193,36,1,36,4.378351141,12.4410307,4.13795263,1,2,2,0,0,3,1,1,1,1,1,1,0,1,4500,1,1,1,2.667865585,33.83169108,23.05793827
45419,15,1,15,4.378351141,12.4410307,4.13795263,1,1,4,0,0,3,1,1,1,1,1,1,0,1,12000,1,1,1,2.667865585,33.83169108,23.05793827
46728,6,1,6,4.378351141,12.4410307,4.13795263,1,0,2,1,24,7,1,1,1,1,0,1,0,1,400,1,1,1,2.667865585,33.83169108,23.05793827
45406,2,1,2,4.378351141,12.4410307,4.13795263,1,1,4,0,0,3,1,1,0,1,1,1,1,1,675,1,1,1,2.667865585,33.83169108,23.05793827
46269,19,1,19,4.378351141,12.4410307,4.13795263,1,0,3,0,0,3,1,1,1,1,1,1,0,1,4800,1,1,1,2.667865585,33.83169108,23.05793827
46283,8,1,8,4.378351141,12.4410307,4.13795263,1,3,4,0,0,3,1,1,1,0,1,1,0,1,1200000,1,0,1,2.667865585,33.83169108,23.05793827
45416,13,1,13,4.378351141,12.4410307,4.13795263,1,4,2,0,0,3,1,1,1,1,1,1,0,1,1500,1,1,1,2.667865585,33.83169108,23.05793827
46220,52,2,26,4.378351141,12.4410307,4.13795263,1,1,5,0,0,3,1,1,1,1,1,1,0,1,322.5,1,1,2,2.667865585,33.83169108,23.05793827
46353,37,1,37,4.378351141,12.4410307,4.13795263,1,0,2,0,0,3,1,1,1,0,0,1,0,1,1125,1,0,1,2.667865585,33.83169108,23.05793827
46176,10,2,5,4.378351141,12.4410307,4.13795263,1,1,3,0,0,3,1,1,1,1,1,1,1,1,26000,1,1,24,2.667865585,33.83169108,23.05793827
42319,1,1,1,2.954415207,9.356384055,3.412919445,1,1.685,2,1,0,3,0,0,1,0,1,1,0,1,180000,1,0,1,2.667865585,33.83169108,23.05793827
29502,1,1,1,1.331701652,8.398190288,3.458378832,1,0,6,0,0,3,1,0.79,1,0,0.611666667,0,0.38,0.655714286,24000,1,0,1,2.667865585,33.83169108,23.05793827
29397,1,1,1,1.331701652,8.398190288,3.458378832,1,2,1,0,0,1,1,0.8,0,0,0.431666667,0,0.245,0.36,0,1,1,68,2.667865585,33.83169108,23.05793827