"","X","LarvSum","NumCriaderos","LarvaeIndex","Illiteracy","Unemployment","Overcrowding","LarvaePresence","NumChildren","NumAdults","InterruptFreq","InterruptDurHrs","TrashCollectPerWk","LargeSolidColl","SewerConn","FumigLWs","AbateLWs","BiolarvLWs","CanopyUse","ProtectMesh","BreedingSites","VolCriadero","OutsideLocation","DirtyWater","WaterVol","XCoord","YCoord","week0","week1","week2"
"1",1,21,1,21,0.551007630584229,6.69817276356465,1.76022626935534,1,1,1,0,0,4,0,1,0,0,1,0,0,0,750,0,1,1,-79.90555,-2.13106,0,0,1.32441350335757
"2",2,9,2,4,0.551007630584229,6.69817276356465,1.76022626935534,1,0,3,1,3,4,1,1,1,0,1,0,1,0,51637.5,1,0,2,-79.90359,-2.12994,0,0,1.32441350335757
"3",3,11,1,11,0.551007630584229,6.69817276356465,1.76022626935534,1,2,3,0,0,3,1,1,1,0,0,0,1,0,900,1,1,1,-79.90086,-2.13278,0,0,1.32441350335757
"4",4,40,1,40,0.551007630584229,6.69817276356465,1.76022626935534,1,0,12,0,0,3,0,1,0,0,0,0,0,0,13125,1,0,1,-79.90648,-2.13634,0,0,1.32441350335757
"5",5,21,1,21,0.551007630584229,6.69817276356465,1.76022626935534,1,2,3,1,24,3,1,1,0,0,0,0,0,0,2160,0,0,1,-79.90632,-2.13118,0,0,1.32441350335757
"6",6,32,1,32,1.84816741988717,9.89573220329859,4.21565846503659,1,0,4,1,1,7,1,1,0,0,1,1,0,0,323680,1,0,1,-79.91015,-2.21142,0,0,0
"7",7,4,1,4,4.92708490107897,7.55910921184779,3.27782760219513,0,3,2,1,0,3,0,1,1,0,1,1,1,0,288000,1,0,1,-79.92919,-2.08161,0,0,0
"8",8,7,1,7,4.19279594439955,9.27819778488432,2.92681300862343,1,1,5,1,12,3,1,1,1,0,1,1,1,0,147,1,0,1,-79.9339,-2.08481,0,7.79193418176226,0
"9",9,4,1,4,4.19279594439955,9.27819778488432,2.92681300862343,1,1,3,1,3,3,1,1,1,0,1,1,1,0,165888,0,1,1,-79.93573,-2.08559,0,7.79193418176226,0
"10",10,16,1,16,4.19279594439955,9.27819778488432,2.92681300862343,1,1,3,0,0,3,1,1,0,0,1,1,0,0,24300,1,1,1,-79.93367,-2.08327,0,7.79193418176226,0
"11",11,66,1,66,4.19279594439955,9.27819778488432,2.92681300862343,1,0,2,1,4,0,1,1,0,0,1,1,0,0,300,0,0,1,-79.9322,-2.08005,0,7.79193418176226,0
"12",12,62,1,62,4.19279594439955,9.27819778488432,2.92681300862343,1,0,4,1,12,3,1,1,0,0,1,1,0,0,11700,0,0,1,-79.9344,-2.08569,0,7.79193418176226,0
"13",13,55,1,55,4.19279594439955,9.27819778488432,2.92681300862343,1,0,3,1,12,3,1,1,0,0,1,1,0,0,88360,0,0,1,-79.93587,-2.08792,0,7.79193418176226,0
"14",14,81,1,81,4.19279594439955,9.27819778488432,2.92681300862343,1,1,4,1,12,3,1,1,0,0,1,1,0,0,87025,1,1,1,-79.93275,-2.08168,0,7.79193418176226,0
"15",15,49,1,49,4.19279594439955,9.27819778488432,2.92681300862343,1,2,5,1,12,2,1,1,1,0,1,1,1,0,198476,1,0,1,-79.93344,-2.08096,0,7.79193418176226,0
"16",16,59,2,30,4.19279594439955,9.27819778488432,2.92681300862343,1,1,5,1,12,3,1,1,0,0,1,1,0,0,111818,1,0,147,-79.93531,-2.0851,0.100000001490116,0,7.79193418176226
"17",17,22,1,22,4.19279594439955,9.27819778488432,2.92681300862343,1,0,5,1,12,3,0,1,1,0,1,0,1,0,216482,1,0,1,-79.9355,-2.08382,0,7.79193418176226,0
"18",18,9,1,9,4.19279594439955,9.27819778488432,2.92681300862343,1,3,2,1,12,3,1,1,0,0,1,1,0,0,259920,1,0,1,-79.93418,-2.08517,0,7.79193418176226,0
"19",19,6,1,6,4.19279594439955,9.27819778488432,2.92681300862343,1,3,3,1,12,3,1,1,0,0,1,1,0,0,52920,0,0,1,-79.9343,-2.08532,0,7.79193418176226,0
"20",20,31,2,16,4.19279594439955,9.27819778488432,2.92681300862343,1,0,4,1,12,3,1,1,0,0,1,1,0,0,221500,1,0,2,-79.93505,-2.08558,0,7.79193418176226,0
"21",21,12,1,12,4.19279594439955,9.27819778488432,2.92681300862343,1,1,3,1,6,3,1,1,0,0,1,1,0,0,192,0,0,1,-79.93284,-2.081805,0,7.79193418176226,0
"22",22,25,1,25,4.19279594439955,9.27819778488432,2.92681300862343,1,0,2,1,6,3,1,1,0,0,1,1,0,0,114376,1,0,1,-79.93275,-2.0813,0,7.79193418176226,0
"23",23,38,2,19,4.19279594439955,9.27819778488432,2.92681300862343,1,2,3,1,12,3,1,1,1,0,1,1,1,0,42420,0,0,2,-79.93391,-2.08486,0,7.79193418176226,0
"24",24,65,1,65,4.34817489592193,7.59447554556927,3.31123990591832,1,1,3,0,4,3,0,1,0,0,1,0,0,0,2500,1,1,146,-79.92586,-2.08947,0.839095220678833,13.0468917093075,0.108176971595827
"25",25,18,1,18,4.34817489592193,7.59447554556927,3.31123990591832,1,2,2,0,4,3,0,1,0,0,1,0,0,0,1500,1,0,1,-79.92688,-2.09034,0.839095220678833,13.0468917093075,0.108176971595827
"26",26,38,1,38,4.34817489592193,7.59447554556927,3.31123990591832,1,1,2,1,24,3,0,1,0,0,1,1,0,0,6000,1,1,1,-79.92501,-2.09678,0.804155279995967,0.839095220678833,13.0468917093075
"27",27,30,1,30,4.34817489592193,7.59447554556927,3.31123990591832,1,1,4,1,12,7,1,1,0,0,1,1,0,0,18000,1,0,1,-79.92401,-2.09785,0.804155279995967,0.839095220678833,13.0468917093075
"28",28,3,1,3,4.34817489592193,7.59447554556927,3.31123990591832,1,2,3,0,3,5,0,1,0,0,1,0,0,0,2000,0,0,1,-79.92405,-2.09514,0.839095220678833,13.0468917093075,0.108176971595827
"29",29,42,1,42,4.34817489592193,7.59447554556927,3.31123990591832,1,0,3,1,3,7,1,1,1,0,0,1,1,0,2250,1,1,1,-79.9222,-2.09877,0.804155279995967,0.839095220678833,13.0468917093075
"30",30,77,1,77,4.34817489592193,7.59447554556927,3.31123990591832,1,5,2,1,12,7,0,1,0,0,0,1,0,0,448000,1,0,1,-79.92388,-2.09607,0.839095220678833,13.0468917093075,0.108176971595827
"31",31,73,1,73,4.34817489592193,7.59447554556927,3.31123990591832,1,2,4,1,12,7,0,1,0,0,0,1,0,0,320000,0,0,1,-79.92407,-2.09523,0.839095220678833,13.0468917093075,0.108176971595827
"32",32,51,1,51,4.34817489592193,7.59447554556927,3.31123990591832,1,3,2,1,12,7,0,1,0,0,0,1,0,0,8000,0,0,1,-79.9246,-2.096,0.839095220678833,13.0468917093075,0.108176971595827
"33",33,3,1,3,4.34817489592193,7.59447554556927,3.31123990591832,1,4,2,0,2,3,0,1,0,0,1,1,0,0,4800,1,0,1,-79.92491,-2.09113,0.839095220678833,13.0468917093075,0.108176971595827
"34",34,5,1,5,4.34817489592193,7.59447554556927,3.31123990591832,1,1,5,1,12,7,0,1,0,0,1,1,0,0,256000,0,0,1,-79.9251,-2.09526,0.839095220678833,13.0468917093075,0.108176971595827
"35",35,7,1,7,4.34817489592193,7.59447554556927,3.31123990591832,1,1,2,0,4,3,0,1,0,0,1,0,0,0,4800,1,1,1,-79.92483,-2.09109,0.839095220678833,13.0468917093075,0.108176971595827
"36",36,69,1,69,4.34817489592193,7.59447554556927,3.31123990591832,1,1,5,1,24,3,0,1,0,0,0,1,0,0,7200,1,0,1,-79.92308,-2.09899,0.804155279995967,0.839095220678833,13.0468917093075
"37",37,33,1,33,4.34817489592193,7.59447554556927,3.31123990591832,1,2,4,1,12,3,1,1,0,0,0,1,0,0,500,1,1,1,-79.92506,-2.09823,0.804155279995967,0.839095220678833,13.0468917093075
"38",38,3,1,3,1.47973404136788,5.69502325537035,1.64208626196452,1,1,5,1,3,7,1,1,1,0,1,0,1,0,4000,0,0,1,-79.89258,-2.21825,0,0.050000000745058,0.527621533177827
"39",39,2,1,2,1.47973404136788,5.69502325537035,1.64208626196452,1,2,2,1,3,7,1,1,0,0,1,0,0,0,96768,1,0,1,-79.89389,-2.21652,0,0.050000000745058,0.527621533177827
"40",40,121,2,60,1.47973404136788,5.69502325537035,1.64208626196452,1,1,4,0,0,7,1,0,1,0,1,1,1,0,162003.5,1,1,2,-79.887,-2.221163,0,0.050000000745058,0.527621533177827
"41",41,3,1,3,1.47973404136788,5.69502325537035,1.64208626196452,1,0,4,0,0,7,1,0,1,0,1,1,1,0,268037,0,0,1,-79.88643,-2.2218,0,0.050000000745058,0.527621533177827
"42",42,18,1,18,1.47973404136788,5.69502325537035,1.64208626196452,1,2,3,1,3,7,1,1,1,0,1,0,1,0,8820,1,1,1,-79.89667,-2.21641,0,0.050000000745058,0.527621533177827
"43",43,38,1,38,1.47973404136788,5.69502325537035,1.64208626196452,1,0,1,0,0,7,1,0,1,0,1,1,1,0,18000,1,0,1,-79.88657,-2.22181,0,0.050000000745058,0.527621533177827
"44",44,40,1,40,1.47973404136788,5.69502325537035,1.64208626196452,1,3,2,0,0,7,1,0,1,0,1,1,1,0,312852,0,0,1,-79.88683,-2.22163,0,0.050000000745058,0.527621533177827
"45",45,69,1,69,1.47973404136788,5.69502325537035,1.64208626196452,1,0,3,0,0,7,1,0,1,0,1,0,1,0,57660,0,0,1,-79.88684,-2.22157,0,0.050000000745058,0.527621533177827
"46",46,16,1,16,1.47973404136788,5.69502325537035,1.64208626196452,1,2,2,0,0,7,1,0,1,0,1,0,1,0,115200,0,0,1,-79.88661,-2.2217,0,0.050000000745058,0.527621533177827
"47",47,11,1,11,3.74492919543898,11.7108966957394,3.03339889716611,1,0,2,1,2,4,0,1,0,0,1,1,0,0,201840,1,0,1,-79.91007,-2.2199,0.169591813471279,6.9920856139479,0
"48",48,58,1,58,3.74492919543898,11.7108966957394,3.03339889716611,1,0,4,0,2,4,1,1,0,0,1,0,0,0,1728,0,1,1,-79.90823,-2.2212,0.169591813471279,6.9920856139479,0
"49",49,56,1,56,3.74492919543898,11.7108966957394,3.03339889716611,1,0,7,1,1,4,0,1,0,0,1,1,0,0,32856,1,0,1,-79.21341,-2.21908,0.169591813471279,6.9920856139479,0
"50",50,15,1,15,3.74492919543898,11.7108966957394,3.03339889716611,1,0,3,1,3,4,0,1,0,0,1,1,0,0,1200,0,1,1,-79.9113,-2.21945,0.169591813471279,6.9920856139479,0
"51",51,8,1,8,3.74492919543898,11.7108966957394,3.03339889716611,1,0,2,1,3,4,1,1,0,0,1,0,0,0,108,1,1,1,-79.9099,-2.22064,0.169591813471279,6.9920856139479,0
"52",52,55,1,55,3.74492919543898,11.7108966957394,3.03339889716611,1,0,3,1,3,4,1,1,0,0,1,0,0,0,371200,1,0,1,-79.90877,-2.22129,0.169591813471279,6.9920856139479,0
"53",53,16,1,16,3.74492919543898,11.7108966957394,3.03339889716611,1,0,3,1,3,4,0,1,0,0,1,1,0,0,18000,1,1,1,-79.91134,-2.21081,0.169591813471279,6.9920856139479,0
"54",54,20,1,20,3.74492919543898,11.7108966957394,3.03339889716611,1,0,6,1,12,4,1,1,0,0,1,1,0,0,41070,1,1,1,-79.91221,-2.21974,0.169591813471279,6.9920856139479,0
"55",55,77,1,77,3.74492919543898,11.7108966957394,3.03339889716611,1,0,2,1,12,4,0,1,0,0,1,0,0,0,2560,0,0,1,-79.91332,-2.21943,0.169591813471279,6.9920856139479,0
"56",56,20,1,20,3.74492919543898,11.7108966957394,3.03339889716611,1,0,1,1,2,4,1,1,0,0,1,1,0,0,485980,0,0,1,-79.9087,-2.2078,0.169591813471279,6.9920856139479,0
"57",57,21,2,10,4.68199228631547,8.3822074344322,3.15364306760217,1,1,7,0,0,3,1,0,0,0,0,1,0,0,9375,1,0,2,-79.95175,-2.11711,39.6577286507866,18.0991417865617,12.8008587692668
"58",58,1,1,1,4.68199228631547,8.3822074344322,3.15364306760217,1,7,4,0,0,3,1,0,0,0,0,1,0,0,269120,1,0,1,-79.9519,-2.11889,39.6577286507866,18.0991417865617,12.8008587692668
"59",59,15,2,8,4.68199228631547,8.3822074344322,3.15364306760217,1,1,4,1,2,3,1,0,0,0,0,1,0,0,9000,1,0,2,-79.9522,-2.11906,39.6577286507866,18.0991417865617,12.8008587692668
"60",60,2,1,2,4.68199228631547,8.3822074344322,3.15364306760217,1,2,3,1,2,3,1,0,0,0,0,1,0,0,269120,1,0,1,-79.95096,-2.11791,39.6577286507866,18.0991417865617,12.8008587692668
"61",61,4,1,4,4.68199228631547,8.3822074344322,3.15364306760217,1,0,5,1,3,3,1,0,0,0,0,1,0,0,100920,1,0,1,-79.95156,-2.11758,39.6577286507866,18.0991417865617,12.8008587692668
"62",62,11,1,11,4.68199228631547,8.3822074344322,3.15364306760217,1,1,7,1,12,3,1,0,0,0,0,1,0,0,269120,1,0,1,-79.9522,-2.118825,39.6577286507866,18.0991417865617,12.8008587692668
"63",63,4,1,4,4.68199228631547,8.3822074344322,3.15364306760217,1,1,3,0,0,3,1,0,0,0,0,1,0,0,5e+05,1,0,1,-79.95172,-2.1183,39.6577286507866,18.0991417865617,12.8008587692668
"64",64,2,1,2,4.68199228631547,8.3822074344322,3.15364306760217,1,0,2,1,3,3,1,0,0,0,0,1,0,0,1500,1,0,1,-79.95249,-2.117515,39.6577286507866,18.0991417865617,12.8008587692668
"65",65,4,1,4,4.68199228631547,8.3822074344322,3.15364306760217,1,1,7,1,2,3,1,0,0,0,0,1,0,0,67280,0,0,1,-79.951,-2.11776,39.6577286507866,18.0991417865617,12.8008587692668
"66",66,11,1,11,4.68199228631547,8.3822074344322,3.15364306760217,1,1,2,1,2,3,1,0,0,0,0,1,0,0,67280,1,0,1,-79.95139,-2.117536,39.6577286507866,18.0991417865617,12.8008587692668
"67",67,9,1,9,4.68199228631547,8.3822074344322,3.15364306760217,1,0,3,1,3,3,1,0,0,0,0,1,0,0,67280,1,0,1,-79.95265,-2.11845,39.6577286507866,18.0991417865617,12.8008587692668
"68",68,6,1,6,4.68199228631547,8.3822074344322,3.15364306760217,1,1,5,1,2,3,1,0,0,0,0,1,0,0,8e+05,1,0,1,-79.95107,-2.118165,39.6577286507866,18.0991417865617,12.8008587692668
"69",69,2,1,2,4.68199228631547,8.3822074344322,3.15364306760217,1,2,4,0,0,7,1,0,0,0,0,1,0,0,1125,1,0,1,-79.95146,-2.118815,39.6577286507866,18.0991417865617,12.8008587692668
"70",70,1,1,1,4.68199228631547,8.3822074344322,3.15364306760217,1,0,4,1,12,3,1,0,0,0,0,1,0,0,67280,1,0,1,-79.95111,-2.118355,39.6577286507866,18.0991417865617,12.8008587692668
"71",71,4,1,4,6.28487247877996,6.33267642054939,3.22420095424718,1,0,3,1,2,3,1,0,0,0,0,1,0,0,125000,1,0,1,-79.95066,-2.1172,40.5392356078982,18.3916150567124,13.1224641646427
"72",72,8,1,8,6.28487247877996,6.33267642054939,3.22420095424718,1,1,4,0,0,1,1,1,1,0,1,1,1,0,151250,1,0,1,-79.95319,-2.10521,0.100000001490116,0,0
"73",73,16,1,16,6.28487247877996,6.33267642054939,3.22420095424718,1,2,5,0,0,3,1,0,1,1,1,1,1,1,2000,0,1,1,-79.9501,-2.10484,0.100000001490116,0,0
"74",74,76,1,76,6.28487247877996,6.33267642054939,3.22420095424718,1,1,3,1,8,4,1,0,0,0,1,1,0,0,6728,1,0,1,-79.88164,-2.25697,1.60000002384185,1.56376810969689,5.9856106604461
"75",75,6,1,6,6.28487247877996,6.33267642054939,3.22420095424718,1,2,4,1,6,3,1,0,0,0,1,1,0,0,168200,1,0,1,-79.88164,-2.25697,1.60000002384185,1.56376810969689,5.9856106604461
"76",76,14,1,14,6.28487247877996,6.33267642054939,3.22420095424718,1,0,5,1,2,3,1,0,0,0,0,1,0,0,360000,1,0,1,-79.95069,-2.11708,40.5392356078982,18.3916150567124,13.1224641646427
"77",77,4,1,4,6.28487247877996,6.33267642054939,3.22420095424718,1,1,4,1,2,4,1,0,0,0,0,1,0,0,300,1,1,1,-79.95317,-2.11028,0.080538297099149,0,0.938923393640136
"78",78,2,1,2,6.28487247877996,6.33267642054939,3.22420095424718,1,3,5,1,2,3,1,0,0,0,0,1,0,0,168200,1,0,1,-79.9511,-2.11785,40.5392356078982,18.3916150567124,13.1224641646427
"79",79,5,1,5,6.28487247877996,6.33267642054939,3.22420095424718,1,3,2,1,2,3,1,1,0,0,1,1,0,0,144000,1,0,1,-79.9532,-2.10929,0.080538297099149,0,0.938923393640136
"80",80,55,1,55,6.28487247877996,6.33267642054939,3.22420095424718,1,3,4,1,4,3,1,0,0,0,1,1,0,0,149454,1,0,1,-79.95486,-2.09782,1.60000002384185,1.56376810969689,5.9856106604461
"81",81,12,1,12,6.28487247877996,6.33267642054939,3.22420095424718,1,2,2,0,0,4,1,0,0,0,1,1,0,0,180000,1,0,1,-79.94948,-2.11101,0.080538297099149,0,0.938923393640136
"82",82,70,1,70,6.28487247877996,6.33267642054939,3.22420095424718,1,0,5,1,4,3,1,0,0,0,1,1,0,0,33640,1,0,1,-79.9554,-2.098045,1.60000002384185,1.56376810969689,5.9856106604461
"83",83,9,1,9,6.28487247877996,6.33267642054939,3.22420095424718,1,3,4,0,0,3,1,0,1,0,0,1,1,0,151250,1,0,1,-79.95178,-2.10586,0.100000001490116,0,0
"84",84,3,1,3,6.28487247877996,6.33267642054939,3.22420095424718,1,0,3,0,0,4,1,1,0,0,0,1,0,0,108000,1,0,1,-79.95279,-2.11096,0.080538297099149,0,0.938923393640136
"85",85,18,1,18,6.28487247877996,6.33267642054939,3.22420095424718,0,1,6,1,2,3,1,0,0,0,1,1,0,0,0,1,0,1,-79.95252,-2.09792,1.60000002384185,1.56376810969689,5.9856106604461
"86",86,67,1,67,6.28487247877996,6.33267642054939,3.22420095424718,1,1,1,1,2,3,1,0,0,0,1,1,0,0,67280,1,0,1,-79.95409,-2.098115,1.60000002384185,1.56376810969689,5.9856106604461
"87",87,69,2,34,6.28487247877996,6.33267642054939,3.22420095424718,1,0,5,1,2,4,1,0,0,0,0,1,0,0,151380,1,0,2,-79.95315,-2.1092,0.080538297099149,0,0.938923393640136
"88",88,6,1,6,6.28487247877996,6.33267642054939,3.22420095424718,1,4,2,1,2,3,1,1,0,0,1,1,0,0,108000,1,0,1,-79.95328,-2.10934,0.080538297099149,0,0.938923393640136
"89",89,6,1,6,6.28487247877996,6.33267642054939,3.22420095424718,1,1,5,0,0,4,1,1,0,0,1,0,0,0,144000,1,0,1,-79.95255,-2.11049,0.080538297099149,0,0.938923393640136
"90",90,2,1,2,6.28487247877996,6.33267642054939,3.22420095424718,1,0,5,1,12,3,1,1,0,0,0,1,0,0,67280,0,0,1,-79.95322,-2.11083,0.080538297099149,0,0.938923393640136
"91",91,36,1,36,6.28487247877996,6.33267642054939,3.22420095424718,1,1,6,0,0,4,1,0,1,1,1,1,1,1,151250,1,0,1,-79.9528,-2.10544,0.100000001490116,0,0
"92",92,2,1,2,6.28487247877996,6.33267642054939,3.22420095424718,1,3,2,1,8,4,1,0,0,0,1,1,0,0,67280,1,0,1,-79.88164,-2.25697,1.60000002384185,1.56376810969689,5.9856106604461
"93",93,137,2,68,6.28487247877996,6.33267642054939,3.22420095424718,1,3,3,1,8,4,1,0,0,0,1,1,0,0,121600,1,0,2,-79.88164,-2.25697,1.60000002384185,1.56376810969689,5.9856106604461
"94",94,2,1,2,6.28487247877996,6.33267642054939,3.22420095424718,1,1,2,1,8,4,1,0,0,0,1,1,0,0,336400,1,0,1,-79.88164,-2.25697,1.60000002384185,1.56376810969689,5.9856106604461
"95",95,14,2,7,5.46382449155489,8.68608683841376,3.87431357761001,1,2,3,0,0,3,1,0,0,1,0,1,0,1,100,1,0,60,-79.96073,-2.11048,0,16.5339615696005,0.255685408704451
"96",96,12,1,12,5.04916961196096,8.39539310440567,3.78849559896781,1,2,3,0,0,3,1,0,0,0,1,1,0,0,20,1,0,67,-79.96209,-2.11592,1.02834147170985,4.24428434036148,41.6873311692169
"97",97,1,1,1,5.04916961196096,8.39539310440567,3.78849559896781,1,3,5,0,0,3,1,0,1,0,1,1,1,0,1800,1,0,28,-79.96209,-2.11592,1.02834147170985,4.24428434036148,41.6873311692169
"98",98,3,1,3,5.04916961196096,8.39539310440567,3.78849559896781,0,1,4,0,0,3,1,0,1,0,1,1,1,0,200,1,0,68,-79.96209,-2.11592,1.02834147170985,4.24428434036148,41.6873311692169
"99",99,2,1,2,5.04916961196096,8.39539310440567,3.78849559896781,1,3,2,0,0,3,1,0,0,0,1,1,0,0,4,1,1,1,-79.96209,-2.11592,1.02834147170985,4.24428434036148,41.6873311692169
"100",100,1,1,1,5.04916961196096,8.39539310440567,3.78849559896781,1,1,3,0,0,3,1,0,1,0,1,1,1,0,200,1,0,68,-79.96209,-2.11592,1.02834147170985,4.24428434036148,41.6873311692169
"101",101,1,1,1,5.04916961196096,8.39539310440567,3.78849559896781,1,3,2,0,0,3,1,0,0,0,1,1,0,0,200,1,0,68,-79.96209,-2.11592,1.02834147170985,4.24428434036148,41.6873311692169
"102",102,1,1,1,5.04916961196096,8.39539310440567,3.78849559896781,1,3,2,0,0,3,1,0,1,0,1,1,1,0,200,1,0,68,-79.96209,-2.11592,1.02834147170985,4.24428434036148,41.6873311692169
"103",103,3,1,3,5.04916961196096,8.39539310440567,3.78849559896781,1,1,5,0,0,3,1,0,1,0,1,1,1,0,150,1,1,51,-79.96209,-2.11592,1.02834147170985,4.24428434036148,41.6873311692169
"104",104,2,1,2,5.04916961196096,8.39539310440567,3.78849559896781,1,2,4,0,0,3,1,0,1,0,1,1,1,0,200,0,0,68,-79.96209,-2.11592,1.02834147170985,4.24428434036148,41.6873311692169
"105",105,2,1,2,5.04916961196096,8.39539310440567,3.78849559896781,1,1,2,0,0,3,1,0,1,0,1,1,1,0,2,1,1,64,-79.96209,-2.11592,1.02834147170985,4.24428434036148,41.6873311692169
"106",106,2,1,2,5.04916961196096,8.39539310440567,3.78849559896781,1,1,2,0,0,3,1,0,1,0,1,0,1,0,200,1,0,68,-79.96209,-2.11592,1.02834147170985,4.24428434036148,41.6873311692169
"107",107,2,1,2,5.04916961196096,8.39539310440567,3.78849559896781,1,2,5,0,0,3,1,0,1,0,1,1,1,0,200,1,0,68,-79.96209,-2.11592,1.02834147170985,4.24428434036148,41.6873311692169
"108",108,2,1,2,5.04916961196096,8.39539310440567,3.78849559896781,1,1,4,0,0,3,1,0,0,0,1,1,0,0,500,1,0,118,-79.96209,-2.11592,1.02834147170985,4.24428434036148,41.6873311692169
"109",109,2,1,2,1.95675317293175,7.54968438968304,2.30502133528839,1,0,2,0,0,3,1,1,0,0,1,1,0,0,396000,1,0,1,-79.8999,-2.19712,0,0,0.453199970434668
"110",110,1,1,1,1.95675317293175,7.54968438968304,2.30502133528839,1,0,2,0,0,3,1,1,0,0,1,1,0,0,106260,1,0,1,-79.90411,-2.19928,0,0,0.453199970434668
"111",111,5,1,5,1.95675317293175,7.54968438968304,2.30502133528839,1,3,2,0,0,3,1,1,0,0,1,1,0,0,192280,0,0,1,-79.90377,-2.19692,0,0,0.453199970434668
"112",112,2,1,2,1.95675317293175,7.54968438968304,2.30502133528839,1,0,2,0,0,3,1,1,1,0,1,1,1,0,297000,1,0,1,-79.90205,-2.19751,0,0,0.453199970434668
"113",113,2,1,2,1.95675317293175,7.54968438968304,2.30502133528839,1,0,4,0,0,3,1,1,0,0,1,1,0,0,24000,1,0,1,-79.90328,-2.1994,0,0,0.453199970434668
"114",114,4,1,4,1.95675317293175,7.54968438968304,2.30502133528839,1,0,3,0,0,3,1,1,0,0,1,1,0,0,48000,1,0,1,-79.90328,-2.19952,0,0,0.453199970434668
"115",115,6,1,6,5.54427622438589,12.3251068940146,4.584737788921,1,1,4,0,0,3,1,1,0,0,1,0,0,0,4,1,1,1,-79.87638,-2.2805,2.56415737613084,10.8406878644379,0
"116",116,28,2,14,3.64583542633338,11.3181509082553,3.27499997615814,1,1,2,1,4,3,1,1,0,0,0,1,0,0,86350,1,0,2,-79.88138,-2.25848,3.401069011122,36.1650256475139,20.0215768682467
"117",117,2,1,2,3.64583542633338,11.3181509082553,3.27499997615814,1,1,3,0,0,3,1,1,1,0,1,0,1,0,900,1,1,1,-79.883005,-2.276463,0.949999988079071,2.375,2.77499997615814
"118",118,19,1,19,3.64583542633338,11.3181509082553,3.27499997615814,1,1,7,1,2,3,1,1,0,0,1,1,0,0,201840,1,0,1,-79.88319,-2.25635,3.401069011122,36.1650256475139,20.0215768682467
"119",119,22,1,22,3.64583542633338,11.3181509082553,3.27499997615814,1,2,3,1,12,4,1,1,0,0,1,1,0,0,67280,1,0,1,-79.88777,-2.28216,19.0959609821184,0.614884358667575,1.29433587615642
"120",120,72,1,72,3.64583542633338,11.3181509082553,3.27499997615814,1,0,1,1,12,3,1,1,0,0,1,1,0,0,0,1,0,1,-79.8868,-2.2843,0.614884358667575,1.29433587615642,4.57342516780253
"121",121,16,1,16,3.64583542633338,11.3181509082553,3.27499997615814,1,2,7,1,12,4,1,1,0,0,1,1,0,0,63916,1,0,1,-79.88839,-2.283505,19.0959609821184,0.614884358667575,1.29433587615642
"122",122,29,1,29,3.64583542633338,11.3181509082553,3.27499997615814,1,1,1,1,2,3,0,1,0,0,1,1,0,0,144000,0,0,1,-79.88481,-2.28006,0,0.100000001490116,0.057484839951752
"123",123,6,1,6,3.64583542633338,11.3181509082553,3.27499997615814,1,1,7,1,2,3,1,1,0,0,1,1,0,0,500,1,0,1,-79.88308,-2.25635,3.401069011122,36.1650256475139,20.0215768682467
"124",124,21,1,21,3.64583542633338,11.3181509082553,3.27499997615814,1,2,3,1,3,3,0,1,1,0,1,1,1,0,288000,1,0,1,-79.88839,-2.28201,0,0.100000001490116,0.057484839951752
"125",125,25,1,25,3.64583542633338,11.3181509082553,3.27499997615814,1,1,6,1,2,3,1,1,0,0,1,0,0,0,72000,1,0,1,-79.88318,-2.25716,3.401069011122,36.1650256475139,20.0215768682467
"126",126,9,1,9,3.64583542633338,11.3181509082553,3.27499997615814,1,1,5,1,12,4,1,1,0,0,1,1,0,0,5e+05,1,0,1,-79.8869,-2.282305,19.0959609821184,0.614884358667575,1.29433587615642
"127",127,7,1,7,3.64583542633338,11.3181509082553,3.27499997615814,1,0,1,1,3,7,1,1,1,0,0,1,1,0,67280,1,0,1,-79.88179,-2.25329,3.401069011122,36.1650256475139,20.0215768682467
"128",128,9,2,4,3.64583542633338,11.3181509082553,3.27499997615814,1,1,6,1,12,3,1,1,0,0,1,1,0,0,25867.5,1,0,2,-79.88709,-2.28404,0.614884358667575,1.29433587615642,4.57342516780253
"129",129,13,1,13,3.64583542633338,11.3181509082553,3.27499997615814,1,0,3,1,2,3,1,1,0,0,1,1,0,0,288000,1,0,1,-79.88303,-2.25752,3.401069011122,36.1650256475139,20.0215768682467
"130",130,13,1,13,3.64583542633338,11.3181509082553,3.27499997615814,1,4,4,0,0,3,1,1,1,1,1,1,1,1,12000,1,1,146,-79.88654,-2.27419,0.949999988079071,2.375,2.77499997615814
"131",131,3,1,3,3.64583542633338,11.3181509082553,3.27499997615814,1,1,3,1,2,3,0,1,0,0,1,1,0,0,180000,1,0,1,-79.8822,-2.27997,0,0.100000001490116,0.057484839951752
"132",132,1,1,1,3.64583542633338,11.3181509082553,3.27499997615814,1,0,3,1,12,3,1,1,0,0,1,1,0,0,400,0,0,1,-79.8884,-2.28394,0.614884358667575,1.29433587615642,4.57342516780253
"133",133,60,1,60,3.64583542633338,11.3181509082553,3.27499997615814,1,1,1,1,3,3,0,1,1,0,1,1,1,0,36000,0,0,1,-79.88811,-2.28301,0,0.100000001490116,0.057484839951752
"134",134,21,1,21,3.64583542633338,11.3181509082553,3.27499997615814,0,4,3,1,12,3,1,1,0,0,1,1,0,0,100920,1,0,1,-79.88851,-2.28395,0.614884358667575,1.29433587615642,4.57342516780253
"135",135,21,2,10,3.64583542633338,11.3181509082553,3.27499997615814,1,2,5,1,2,4,1,1,0,0,1,1,0,0,5e+05,1,0,2,-79.88354,-2.25708,3.401069011122,36.1650256475139,20.0215768682467
"136",136,16,1,16,3.64583542633338,11.3181509082553,3.27499997615814,1,3,2,1,2,3,1,1,0,0,1,1,0,0,9000,1,1,1,-79.88332,-2.25669,3.401069011122,36.1650256475139,20.0215768682467
"137",137,49,1,49,3.64583542633338,11.3181509082553,3.27499997615814,1,4,6,1,12,3,1,1,0,0,1,1,0,0,9000,1,0,1,-79.88709,-2.28435,0.614884358667575,1.29433587615642,4.57342516780253
"138",138,16,1,16,3.64583542633338,11.3181509082553,3.27499997615814,1,1,4,1,12,3,1,1,0,0,1,1,0,0,100920,1,1,1,-79.8875,-2.28407,0.614884358667575,1.29433587615642,4.57342516780253
"139",139,3,1,3,3.64583542633338,11.3181509082553,3.27499997615814,1,3,5,1,12,4,1,1,0,0,0,1,0,0,33640,1,0,1,-79.88848,-2.28342,19.0959609821184,0.614884358667575,1.29433587615642
"140",140,15,1,15,3.64583542633338,11.3181509082553,3.27499997615814,0,0,3,1,12,4,1,1,0,0,1,1,0,0,2e+05,1,0,1,-79.88777,-2.28216,19.0959609821184,0.614884358667575,1.29433587615642
"141",141,3,1,3,3.64583542633338,11.3181509082553,3.27499997615814,1,2,5,1,3,7,1,1,0,0,1,1,0,0,36000,1,0,1,-79.88187,-2.25378,3.401069011122,36.1650256475139,20.0215768682467
"142",142,21,3,7,3.64583542633338,11.3181509082553,3.27499997615814,1,4,4,0,0,3,1,1,1,1,1,1,1,1,83366.6666666667,1,0,3,-79.88645,-2.27408,0.949999988079071,2.375,2.77499997615814
"143",143,32,1,32,3.64583542633338,11.3181509082553,3.27499997615814,1,0,4,1,12,3,1,1,0,0,1,1,0,0,100920,1,0,1,-79.88805,-2.128438,0.614884358667575,1.29433587615642,4.57342516780253
"144",144,4,1,4,3.64583542633338,11.3181509082553,3.27499997615814,1,1,2,1,2,0,1,1,0,0,0,1,0,0,9000,1,0,1,-79.88216,-2.25543,3.401069011122,36.1650256475139,20.0215768682467
"145",145,34,1,34,3.64583542633338,11.3181509082553,3.27499997615814,1,3,1,1,3,3,0,1,1,0,1,1,1,0,360000,1,0,1,-79.88839,-2.28194,0,0.100000001490116,0.057484839951752
"146",146,8,1,8,3.64583542633338,11.3181509082553,3.27499997615814,1,3,7,1,12,3,1,1,0,0,1,1,0,0,100920,1,0,1,-79.88739,-2.28404,0.614884358667575,1.29433587615642,4.57342516780253
"147",147,11,1,11,3.64583542633338,11.3181509082553,3.27499997615814,1,1,3,1,3,3,1,1,0,0,1,1,0,0,360000,1,0,1,-79.88343,-2.25745,3.401069011122,36.1650256475139,20.0215768682467
"148",148,79,1,79,3.64583542633338,11.3181509082553,3.27499997615814,1,1,2,1,3,3,0,1,1,0,1,1,1,0,49000,1,0,1,-79.88643,-2.27904,0,0.100000001490116,0.057484839951752
"149",149,78,1,78,3.64583542633338,11.3181509082553,3.27499997615814,0,1,7,1,12,3,1,1,0,0,1,1,0,0,2e+05,1,0,1,-79.88812,-2.28464,0.614884358667575,1.29433587615642,4.57342516780253
"150",150,6,1,6,3.64583542633338,11.3181509082553,3.27499997615814,1,2,3,1,3,3,1,1,0,0,1,1,0,0,216000,1,0,1,-79.88286,-2.25716,3.401069011122,36.1650256475139,20.0215768682467
"151",151,10,1,10,3.64583542633338,11.3181509082553,3.27499997615814,0,2,3,1,2,3,0,1,0,0,1,1,0,0,0,1,0,1,-79.88471,-2.27968,0,0.100000001490116,0.057484839951752
"152",152,4,1,4,3.64583542633338,11.3181509082553,3.27499997615814,1,0,4,1,3,7,1,1,0,0,1,1,0,0,288000,0,0,1,-79.88191,-2.25368,3.401069011122,36.1650256475139,20.0215768682467
"153",153,23,1,23,3.64583542633338,11.3181509082553,3.27499997615814,1,4,6,1,12,4,1,1,0,0,1,1,0,0,900,1,0,1,-79.88835,-2.5282875,19.0959609821184,0.614884358667575,1.29433587615642
"154",154,45,1,45,3.64583542633338,11.3181509082553,3.27499997615814,1,1,7,1,3,3,0,1,1,0,1,1,1,0,294000,1,0,1,-79.88539,-2.27741,0,0.100000001490116,0.057484839951752
"155",155,27,1,27,3.64583542633338,11.3181509082553,3.27499997615814,1,2,3,1,3,3,0,1,1,0,1,1,1,0,288000,1,0,1,-79.88776,-2.27926,0,0.100000001490116,0.057484839951752
"156",156,5,1,5,3.21311507608097,11.875942356115,3.39499998092651,1,0,6,0,0,3,1,1,0,0,0,0,0,0,0,1,0,23,-79.89243,-2.27359,12.2249999046325,22.0499992370605,2.39999997615814
"157",157,2,1,2,3.21311507608097,11.875942356115,3.39499998092651,1,0,5,0,0,3,1,1,0,0,0,0,0,0,0,1,0,64,-79.89243,-2.27359,12.2249999046325,22.0499992370605,2.39999997615814
"158",158,2,1,2,3.21311507608097,11.875942356115,3.39499998092651,1,2,2,0,0,3,1,1,0,0,0,0,0,0,0,1,0,64,-79.89243,-2.27359,12.2249999046325,22.0499992370605,2.39999997615814
"159",159,8,1,8,3.21311507608097,11.875942356115,3.39499998092651,1,2,3,0,0,3,1,1,0,0,0,0,0,0,0,1,0,1,-79.89243,-2.27359,12.2249999046325,22.0499992370605,2.39999997615814
"160",160,2,1,2,3.21311507608097,11.875942356115,3.39499998092651,1,0,1,0,0,3,1,1,0,0,0,0,0,0,0,1,1,1,-79.89243,-2.27359,12.2249999046325,22.0499992370605,2.39999997615814
"161",161,50,1,50,1.63148322950579,7.78030092451839,1.95491203166566,1,1,4,1,3,3,1,1,1,0,0,0,1,0,384,0,0,1,-79.8883,-2.11892,0,0,0
"162",162,54,1,54,1.63148322950579,7.78030092451839,1.95491203166566,1,0,4,1,4,3,1,1,1,0,0,0,1,0,24857,1,0,1,-79.88585,-2.12175,0,0,0
"163",163,16,1,16,1.63148322950579,7.78030092451839,1.95491203166566,1,1,3,1,5,7,1,1,0,0,0,0,0,0,24948,1,0,1,-79.8838,-2.11859,0,0,0
"164",164,47,1,47,3.25324823017822,8.88111358403028,2.14536635642218,1,1,4,0,0,4,1,1,0,0,1,1,0,0,255600,1,0,1,-79.91591,-2.12575,0,0.100000001490116,0
"165",165,4,1,4,3.25324823017822,8.88111358403028,2.14536635642218,1,2,2,1,0,3,0,1,0,0,1,0,0,0,68076,1,1,1,-79.91499,-2.12433,0,0.100000001490116,0
"166",166,74,1,74,3.25324823017822,8.88111358403028,2.14536635642218,1,0,2,0,0,2,1,1,1,0,1,1,1,0,100920,1,0,1,-79.91678,-2.12483,0,0.100000001490116,0
"167",167,1,1,1,3.25324823017822,8.88111358403028,2.14536635642218,1,1,3,1,3,3,1,1,1,0,1,1,1,0,637,1,0,1,-79.91565,-2.12226,0,0.100000001490116,0
"168",168,72,1,72,3.25324823017822,8.88111358403028,2.14536635642218,1,0,2,0,0,2,0,1,0,0,1,0,0,0,24300,1,0,1,-79.91423,-2.12539,0,0.100000001490116,0
"169",169,11,1,11,3.25324823017822,8.88111358403028,2.14536635642218,1,3,4,1,0,3,0,1,0,0,1,0,0,0,7200,1,1,1,-79.91492,-2.122231,0,0.100000001490116,0
"170",170,12,1,12,3.25324823017822,8.88111358403028,2.14536635642218,1,1,4,1,8,3,1,1,0,0,1,1,0,0,279212,1,0,1,-79.91667,-2.12516,0,0.100000001490116,0
"171",171,5,1,5,3.25324823017822,8.88111358403028,2.14536635642218,1,3,7,1,3,3,1,1,1,0,1,1,1,0,110450,1,0,1,-79.91628,-2.12456,0,0.100000001490116,0
"172",172,36,1,36,3.25324823017822,8.88111358403028,2.14536635642218,1,2,4,1,12,3,1,1,1,0,1,1,1,0,722,1,1,1,-79.91728,-2.12451,0,0.100000001490116,0
"173",173,5,1,5,0.952244422599025,6.61676249689141,1.59788253898236,1,1,3,1,24,7,0,1,0,0,0,0,0,0,448,1,0,1,-79.894279,-2.1770305,0,20.8800182987089,0.198481583444688
"174",174,4,1,4,1.88272521600353,9.91883007725793,3.01999998092651,1,1,5,0,0,3,1,0,0,0,0,0,0,0,0,1,0,68,-79.9731,-2.08942,0,2.52500009536743,1.04999995231628
"175",175,1,1,1,1.88272521600353,9.91883007725793,3.01999998092651,1,4,1,0,0,3,1,0,0,0,1,0,0,0,200,1,0,68,-79.9731,-2.08942,0,2.52500009536743,1.04999995231628
"176",176,12,2,6,1.88272521600353,9.91883007725793,3.01999998092651,1,2,1,0,0,3,1,0,0,0,1,0,0,0,1200,1,1,48,-79.9731,-2.08942,0,2.52500009536743,1.04999995231628
"177",177,2,1,2,1.88272521600353,9.91883007725793,3.01999998092651,1,2,4,0,0,3,1,0,0,0,0,0,0,0,100,1,0,30,-79.9731,-2.08942,0,2.52500009536743,1.04999995231628
"178",178,4,1,4,1.88272521600353,9.91883007725793,3.01999998092651,1,5,7,0,0,3,1,0,0,0,1,0,0,0,1800,0,0,28,-79.9731,-2.08942,0,2.52500009536743,1.04999995231628
"179",179,10,2,5,1.88272521600353,9.91883007725793,3.01999998092651,1,3,3,0,0,3,1,0,0,0,1,0,0,0,1600,1,1,184,-79.9731,-2.08942,0,2.52500009536743,1.04999995231628
"180",180,2,1,2,1.88272521600353,9.91883007725793,3.01999998092651,1,1,2,0,0,3,1,0,0,0,1,0,0,0,3000,1,1,92,-79.9731,-2.08942,0,2.52500009536743,1.04999995231628
"181",181,11,2,6,1.88272521600353,9.91883007725793,3.01999998092651,1,3,2,0,0,0,1,0,0,0,1,0,0,0,2100,1,1,113,-79.9731,-2.08942,0,2.52500009536743,1.04999995231628
"182",182,2,2,1,1.88272521600353,9.91883007725793,3.01999998092651,1,5,2,0,0,3,1,0,0,0,1,0,0,0,3,1,1,208,-79.9731,-2.08942,0,2.52500009536743,1.04999995231628
"183",183,5,1,5,1.88272521600353,9.91883007725793,3.01999998092651,0,4,2,0,0,3,1,0,0,0,1,0,0,0,1,1,1,1,-79.9731,-2.08942,0,2.52500009536743,1.04999995231628
"184",184,3,1,3,1.88272521600353,9.91883007725793,3.01999998092651,1,3,2,0,0,3,1,0,0,0,1,0,0,0,200,1,1,68,-79.9731,-2.08942,0,2.52500009536743,1.04999995231628
"185",185,5,1,5,2.2226994210717,7.66187358544587,2.79785659938798,1,0,2,1,3,3,1,1,0,0,1,1,0,0,3000,1,0,1,-79.88167,-2.25697,7.70869638500125,0,1.49919831025486
"186",186,11,1,11,2.2226994210717,7.66187358544587,2.79785659938798,1,3,5,1,12,4,1,1,0,0,1,1,0,0,129960,1,0,1,-79.88167,-2.25697,1.49919831025486,1.33963907229663,18.6080532901632
"187",187,10,1,10,2.2226994210717,7.66187358544587,2.79785659938798,1,0,4,1,12,3,1,1,0,0,1,1,0,0,324900,1,0,1,-79.88167,-2.25697,7.70869638500125,0,1.49919831025486
"188",188,45,2,22,2.2226994210717,7.66187358544587,2.79785659938798,1,5,6,1,2,3,1,1,0,0,1,1,0,0,300,1,0,2,-79.88167,-2.25697,7.70869638500125,0,1.49919831025486
"189",189,13,2,6,2.2226994210717,7.66187358544587,2.79785659938798,1,0,6,1,3,3,1,1,0,0,1,1,0,0,41000,1,0,2,-79.88167,-2.25697,7.70869638500125,0,1.49919831025486
"190",190,10,2,5,2.2226994210717,7.66187358544587,2.79785659938798,1,0,2,1,3,3,1,1,0,0,0,1,0,0,13000,1,0,2,-79.88094,-2.25723,7.70869638500125,0,1.49919831025486
"191",191,21,1,21,2.2226994210717,7.66187358544587,2.79785659938798,1,0,4,1,4,3,1,1,0,0,0,1,0,0,336400,1,0,1,-79.88902,-2.24754,0.949999988079071,3.32146250339649,36.14939815158
"192",192,2,1,2,2.2226994210717,7.66187358544587,2.79785659938798,1,2,5,1,2,7,1,1,0,0,0,0,0,0,24000,1,0,1,-79.8895,-2.25069,0.949999988079071,3.32146250339649,36.14939815158
"193",193,2,1,2,2.2226994210717,7.66187358544587,2.79785659938798,1,0,3,0,0,3,1,0,0,1,1,0,0,1,3,1,1,92,-79.88513,-2.25543,21.4032357865754,0,1.01735645642121
"194",194,39,1,39,2.2226994210717,7.66187358544587,2.79785659938798,1,3,2,1,3,3,1,1,0,0,1,1,0,0,21600,1,0,1,-79.88156,-2.25535,20.3737097105773,7.70869638500125,0
"195",195,18,1,18,2.2226994210717,7.66187358544587,2.79785659938798,1,0,1,1,4,3,1,1,0,0,1,1,0,0,500,1,1,1,-79.88173,-2.25516,20.3737097105773,7.70869638500125,0
"196",196,1,1,1,2.2226994210717,7.66187358544587,2.79785659938798,1,1,3,1,3,3,1,1,0,0,1,1,0,0,500,1,0,1,-79.88167,-2.25697,7.70869638500125,0,1.49919831025486
"197",197,5,1,5,2.2226994210717,7.66187358544587,2.79785659938798,1,0,2,1,12,4,1,1,0,0,1,1,0,0,0,1,1,1,-79.88167,-2.25697,1.49919831025486,1.33963907229663,18.6080532901632
"198",198,46,2,23,2.2226994210717,7.66187358544587,2.79785659938798,1,0,2,1,2,7,1,1,0,0,0,0,0,0,5250,1,1,2,-79.8894,-2.25029,0.949999988079071,3.32146250339649,36.14939815158
"199",199,1,1,1,2.2226994210717,7.66187358544587,2.79785659938798,1,0,12,1,24,3,0,1,1,0,1,1,1,0,216000,0,0,1,-79.88126,-2.25722,0.100000001490116,0,0
"200",200,3,1,3,2.2226994210717,7.66187358544587,2.79785659938798,1,1,5,1,24,3,0,1,1,0,1,1,1,0,7200,1,0,1,-79.88106,-2.2557,0.100000001490116,0,0
"201",201,1,1,1,2.2226994210717,7.66187358544587,2.79785659938798,1,0,1,0,0,3,1,0,0,1,1,0,0,1,1,1,0,7,-79.88513,-2.25543,21.4032357865754,0,1.01735645642121
"202",202,4,1,4,2.2226994210717,7.66187358544587,2.79785659938798,1,0,5,1,2,7,1,1,0,0,0,0,0,0,45000,1,0,1,-79.88959,-2.25005,0.949999988079071,3.32146250339649,36.14939815158
"203",203,56,1,56,2.2226994210717,7.66187358544587,2.79785659938798,1,0,4,1,12,4,0,1,0,0,1,1,0,0,10500,1,1,1,-79.88167,-2.25697,1.49919831025486,1.33963907229663,18.6080532901632
"204",204,3,1,3,2.2226994210717,7.66187358544587,2.79785659938798,1,0,1,1,3,3,1,1,0,0,1,1,0,0,180000,1,0,1,-79.88189,-2.25356,20.3737097105773,7.70869638500125,0
"205",205,7,1,7,2.2226994210717,7.66187358544587,2.79785659938798,1,3,2,1,12,2,1,1,0,0,1,0,0,0,168200,1,0,1,-79.8799,-2.254835,1.49919831025486,1.33963907229663,18.6080532901632
"206",206,2,1,2,3.69528777089815,6.72073360329303,2.92999994754791,1,2,3,0,0,3,1,1,1,0,1,1,1,0,4500,0,1,1,-79.9462,-2.13019,0.349999994039536,0,0.100000001490116
"207",207,10,1,10,1.93166130137686,8.89395024679486,2.36933854711851,1,2,7,0,0,3,1,1,0,1,1,1,0,1,4200,1,1,1,-79.89902,-2.25446,0,0,0
"208",208,2,1,2,1.93166130137686,8.89395024679486,2.36933854711851,1,0,4,0,0,3,1,1,0,0,0,0,0,0,3e+05,1,1,1,-79.90147,-2.25214,0,0,0.195639428245873
"209",209,2,1,2,1.93166130137686,8.89395024679486,2.36933854711851,1,1,3,0,0,3,1,1,0,1,1,0,0,1,400,0,0,1,-79.90005,-2.25214,0,0,0.195639428245873
"210",210,4,1,4,1.93166130137686,8.89395024679486,2.36933854711851,1,1,5,0,0,3,1,1,0,1,0,0,0,1,121000,1,0,1,999999,999999,0,0,0.195639428245873
"211",211,4,1,4,1.93166130137686,8.89395024679486,2.36933854711851,1,2,3,0,0,3,1,1,1,1,0,0,1,1,121000,1,0,1,-79.90367,-2.25159,0,0,0.195639428245873
"212",212,5,2,2,1.93166130137686,8.89395024679486,2.36933854711851,1,1,4,0,0,3,1,1,0,1,1,0,0,1,76375,1,0,2,-79.90452,-2.25211,0,0,0.195639428245873
"213",213,2,1,2,4.38751239922737,9.51581716247825,3.23732872796062,1,2,3,0,0,3,1,1,1,0,1,1,1,0,14880,1,0,1,-79.91011,-2.24912,0.100000001490116,0,0
"214",214,5,1,5,4.38751239922737,9.51581716247825,3.23732872796062,1,1,1,0,0,3,1,1,0,0,1,1,0,0,127512,1,0,1,-79.91024,-2.24978,0.100000001490116,0,0
"215",215,4,1,4,4.38751239922737,9.51581716247825,3.23732872796062,1,3,6,0,0,3,1,1,1,0,1,1,1,0,414540,1,0,1,-79.9065,-2.25133,0.100000001490116,0,0
"216",216,28,1,28,3.66979587242797,11.1010132003311,3.90266409300793,1,2,3,1,12,3,1,1,0,0,1,1,0,0,60500,0,0,1,-79.91264,-2.22798,0.5,7.87899591386623,0
"217",217,7,1,7,3.66979587242797,11.1010132003311,3.90266409300793,1,1,5,1,6,3,1,1,0,0,1,1,0,0,126405,1,1,1,-79.91238,-2.22795,0.5,7.87899591386623,0
"218",218,2,1,2,3.66979587242797,11.1010132003311,3.90266409300793,1,2,4,1,6,7,1,1,0,0,1,0,0,0,64827,0,1,1,-79.91292,-2.23036,0.5,7.87899591386623,0
"219",219,29,2,14,3.66979587242797,11.1010132003311,3.90266409300793,1,2,2,1,12,3,1,1,0,0,0,1,0,0,167740,1,1,2,-79.91111,-2.22791,0.5,7.87899591386623,0
"220",220,3,1,3,3.66979587242797,11.1010132003311,3.90266409300793,0,2,3,1,12,3,1,1,0,0,1,1,0,0,226265,0,1,1,-79.91231,-2.22777,0.5,7.87899591386623,0
"221",221,75,1,75,3.66979587242797,11.1010132003311,3.90266409300793,1,0,2,1,6,3,1,1,0,0,1,1,0,0,254100,1,0,1,-79.91306,-2.22958,0.5,7.87899591386623,0
"222",222,1,1,1,3.66979587242797,11.1010132003311,3.90266409300793,1,2,3,1,12,3,1,1,0,0,1,1,0,0,256608,1,0,1,-79.91148,-2.22884,0.5,7.87899591386623,0
"223",223,31,2,16,3.66979587242797,11.1010132003311,3.90266409300793,1,1,6,1,4,7,1,1,0,0,1,0,0,0,197668.5,1,0,2,-79.91297,-2.23046,0.5,7.87899591386623,0
"224",224,9,1,9,3.66979587242797,11.1010132003311,3.90266409300793,1,0,2,1,6,3,1,1,0,0,1,1,0,0,66550,1,0,1,-79.91306,-2.22939,0.5,7.87899591386623,0
"225",225,17,1,17,3.66979587242797,11.1010132003311,3.90266409300793,1,0,2,1,12,4,1,1,0,0,1,1,0,0,113715,1,0,1,-79.91055,-2.22884,0,0.5,7.87899591386623
"226",226,18,1,18,3.66979587242797,11.1010132003311,3.90266409300793,1,3,4,1,6,3,1,1,0,0,1,1,0,0,275968,1,0,1,-79.91309,-2.2293,0.5,7.87899591386623,0
"227",227,8,1,8,3.66979587242797,11.1010132003311,3.90266409300793,0,1,4,1,12,3,1,1,0,0,1,0,0,0,316216,1,0,1,-79.9127,-2.22782,0.5,7.87899591386623,0
"228",228,110,2,55,3.66979587242797,11.1010132003311,3.90266409300793,1,0,5,1,12,3,1,1,0,0,1,0,0,0,104520,1,0,2,-79.91244,-2.2276,0.5,7.87899591386623,0
"229",229,5,1,5,3.66979587242797,11.1010132003311,3.90266409300793,1,3,3,1,12,3,1,1,0,0,1,1,0,0,211185,1,1,1,-79.91146,-2.22793,0.5,7.87899591386623,0
"230",230,1,1,1,3.66979587242797,11.1010132003311,3.90266409300793,0,0,2,1,12,3,1,1,0,0,1,0,0,0,980,1,0,1,-79.91357,-2.22805,0.5,7.87899591386623,0
"231",231,3,1,3,3.66979587242797,11.1010132003311,3.90266409300793,1,0,4,1,12,4,1,1,0,0,1,0,0,0,52215,0,0,1,-79.91009,-2.22827,0,0.5,7.87899591386623
"232",232,39,1,39,3.66979587242797,11.1010132003311,3.90266409300793,1,1,2,1,6,3,1,1,0,0,0,0,0,0,225792,1,0,1,-79.91095,-2.22887,0,0.5,7.87899591386623
"233",233,8,1,8,3.66979587242797,11.1010132003311,3.90266409300793,1,0,2,1,6,4,1,1,0,0,1,0,0,0,0,0,0,1,-79.91148,-2.22847,0.5,7.87899591386623,0
"234",234,5,1,5,3.66979587242797,11.1010132003311,3.90266409300793,0,0,3,1,12,4,1,1,0,0,1,1,0,0,421648,1,0,1,-79.91019,-2.2278,0,0.5,7.87899591386623
"235",235,12,1,12,3.66979587242797,11.1010132003311,3.90266409300793,0,3,2,1,12,7,1,1,0,0,1,1,0,0,259920,0,0,1,-79.91178,-2.22961,0.5,7.87899591386623,0
"236",236,1,1,1,3.66979587242797,11.1010132003311,3.90266409300793,1,1,3,1,9,3,1,1,0,0,1,1,0,0,4608,0,1,1,-79.91308,-2.22992,0.5,7.87899591386623,0
"237",237,29,2,14,3.66979587242797,11.1010132003311,3.90266409300793,1,0,7,1,12,4,1,1,0,0,1,1,0,0,60250,0,0,2,-79.91142,-2.22962,0.5,7.87899591386623,0
"238",238,3,1,3,3.66979587242797,11.1010132003311,3.90266409300793,1,0,2,1,12,3,1,1,0,0,1,1,0,0,399748,1,0,1,-79.91172,-2.22847,0.5,7.87899591386623,0
"239",239,1,1,1,0.71238047777049,9.63657335967839,2.14092899723586,1,0,2,0,0,7,1,1,0,0,0,0,0,0,272250,1,1,1,-79.90456,-2.23266,0,0,0.349999994039536
"240",240,30,1,30,0.71238047777049,9.63657335967839,2.14092899723586,1,0,5,0,0,7,1,1,0,1,0,1,0,1,2240,1,1,1,-79.9054,-2.23371,0,0,0.349999994039536
"241",241,54,1,54,0.71238047777049,9.63657335967839,2.14092899723586,1,2,6,0,0,7,1,1,0,0,0,0,0,0,2000,1,1,1,-79.8398,-2.23581,0,0.349999994039536,0
"242",242,3,1,3,3.67288077999643,11.0509868557631,3.11484180610285,1,2,4,0,0,3,1,1,0,0,1,1,0,0,1200,1,0,24,-79.90971,-2.23138,1.24122917220353,13.5736877726124,1.0561458430369
"243",243,1,1,1,3.67288077999643,11.0509868557631,3.11484180610285,1,2,4,0,0,3,1,1,0,0,1,0,0,0,2,1,1,1,-79.90971,-2.23138,1.24122917220353,13.5736877726124,1.0561458430369
"244",244,5,1,5,2.07966078004187,7.25624353591266,2.03114284898377,1,0,5,1,12,3,1,1,0,0,1,1,0,0,25200,1,0,1,-79.93636,-2.158835,0.100000001490116,0.101416329068849,11.3128338561704
"245",245,25,1,25,2.07966078004187,7.25624353591266,2.03114284898377,1,0,3,1,3,3,1,1,0,0,1,0,0,0,151250,0,0,1,-79.93796,-2.16021,0.100000001490116,0.101416329068849,11.3128338561704
"246",246,25,1,25,2.07966078004187,7.25624353591266,2.03114284898377,1,3,2,1,3,3,1,1,0,0,1,1,0,0,36608,1,1,1,-79.93777,-2.16048,0.100000001490116,0.101416329068849,11.3128338561704
"247",247,39,2,20,2.07966078004187,7.25624353591266,2.03114284898377,1,3,3,1,3,3,1,1,0,0,1,1,0,0,164125,0,0,2,-79.93777,-2.16048,0.100000001490116,0.101416329068849,11.3128338561704
"248",248,1,1,1,2.94929576714431,7.69925464688404,3.0550000667572,1,3,3,0,0,3,1,1,1,0,1,0,1,0,0,1,0,85,-79.92111,-2.14746,11.8249998092651,1.80000001192092,0
"249",249,11,1,11,2.94929576714431,7.69925464688404,3.0550000667572,1,1,4,0,0,3,1,1,1,1,1,0,1,1,45000,1,0,1,-79.91738,-2.105059,17.3249998092651,7.04999995231628,0
"250",250,7,1,7,2.94929576714431,7.69925464688404,3.0550000667572,1,1,4,0,0,4,1,1,0,0,0,1,0,0,1000,1,1,1,-79.91653,-2.15031,4.125,40.1999988555908,17.3249998092651
"251",251,1,1,1,2.94929576714431,7.69925464688404,3.0550000667572,1,2,5,0,0,3,1,1,0,0,1,0,0,0,0,1,1,1,-79.92111,-2.14746,11.8249998092651,1.80000001192092,0
"252",252,35,1,35,2.94929576714431,7.69925464688404,3.0550000667572,1,0,3,0,0,4,1,1,1,1,1,1,1,1,900,1,1,1,-79.91827,-2.15072,40.1999988555908,17.3249998092651,7.04999995231628
"253",253,1,1,1,2.94929576714431,7.69925464688404,3.0550000667572,1,1,3,0,0,4,1,1,0,0,0,1,0,0,18000,1,0,1,-79.92998,-2.45005,40.1999988555908,17.3249998092651,7.04999995231628
"254",254,1,1,1,2.94929576714431,7.69925464688404,3.0550000667572,1,0,3,0,0,3,1,1,1,1,1,1,1,1,84,1,1,1,-79.91752,-2.15066,17.3249998092651,7.04999995231628,0
"255",255,136,3,45,2.94929576714431,7.69925464688404,3.0550000667572,0,0,2,0,0,3,1,1,0,0,0,0,0,0,36666.6666666667,1,0,3,-79.91718,-2.15058,17.3249998092651,7.04999995231628,0
"256",256,66,1,66,2.94929576714431,7.69925464688404,3.0550000667572,1,1,7,0,0,4,1,1,0,1,1,1,0,1,32000,1,0,1,-79.91822,-2.15094,40.1999988555908,17.3249998092651,7.04999995231628
"257",257,30,2,15,2.94929576714431,7.69925464688404,3.0550000667572,1,4,2,0,0,3,1,1,0,1,0,1,0,1,6000,1,1,2,-79.91785,-2.15045,17.3249998092651,7.04999995231628,0
"258",258,1,1,1,2.94929576714431,7.69925464688404,3.0550000667572,1,2,2,1,24,3,1,1,0,0,0,0,0,0,175000,1,0,1,-79.91712,-2.15135,4.125,40.1999988555908,17.3249998092651
"259",259,1,1,1,2.94929576714431,7.69925464688404,3.0550000667572,1,1,6,0,0,2,1,1,1,1,1,1,1,1,125000,0,0,1,-79.91759,-2.15017,17.3249998092651,7.04999995231628,0
"260",260,4,1,4,2.94929576714431,7.69925464688404,3.0550000667572,1,3,2,0,0,3,1,1,0,1,1,1,0,1,36000,0,1,1,-79.91661,-2.1508,4.125,40.1999988555908,17.3249998092651
"261",261,8,1,8,2.94929576714431,7.69925464688404,3.0550000667572,1,0,6,0,0,4,1,1,0,1,1,1,0,1,15000,1,1,1,-79.91929,-2.15069,40.1999988555908,17.3249998092651,7.04999995231628
"262",262,4,1,4,2.94929576714431,7.69925464688404,3.0550000667572,1,0,1,0,0,2,1,1,1,1,1,1,1,1,15,1,1,1,-79.9176,-2.15016,17.3249998092651,7.04999995231628,0
"263",263,52,1,52,2.94929576714431,7.69925464688404,3.0550000667572,1,3,5,0,0,4,1,1,1,1,1,1,1,1,18000,0,0,1,-79.91915,-2.15066,40.1999988555908,17.3249998092651,7.04999995231628
"264",264,1,1,1,4.45322156917363,6.49191219502106,4.37000012397766,1,2,2,0,0,3,1,0,0,0,1,1,0,0,52510,1,0,1,-79.99625,-2.11709,0,0,0
"265",265,4,1,4,4.45322156917363,6.49191219502106,4.37000012397766,1,2,2,0,0,3,1,0,0,0,1,1,0,0,124362,1,0,1,-79.99768,-2.11876,0,0,0
"266",266,4,1,4,4.45322156917363,6.49191219502106,4.37000012397766,1,2,3,0,0,3,1,0,0,0,1,1,0,0,312000,1,0,1,-79.9987,-2.11904,0,0,0
"267",267,6,1,6,4.45322156917363,6.49191219502106,4.37000012397766,1,2,3,0,1,3,1,0,0,0,1,1,0,0,26255,1,0,1,-79.99318,-2.12367,0,0,0
"268",268,3,1,3,4.45322156917363,6.49191219502106,4.37000012397766,1,2,2,0,0,3,1,0,0,0,1,1,0,0,354816,1,0,1,-79.99786,-2.1191,0,0,0
"269",269,2,1,2,4.45322156917363,6.49191219502106,4.37000012397766,1,2,4,0,1,3,1,0,0,0,1,1,0,0,17710,1,1,1,-79.99352,-2.12393,0,0,0
"270",270,10,1,10,0.516949742367456,8.59960047841278,2.5385880989865,1,1,1,1,12,4,1,1,0,0,1,1,0,0,73600,1,0,1,-79.94061,-2.08476,15.5099998474121,0.629999995231628,9.70999984741211
"271",271,4,1,4,2.13606199155971,7.30082672069218,1.64084604682045,1,0,1,0,0,3,1,1,0,0,0,0,0,0,12005,1,1,1,-79.91547,-2.08649,0,0,0
"272",272,47,2,24,4.72515472852933,8.01648345919198,3.76092247671133,1,0,3,0,0,3,1,0,0,0,0,1,0,0,162500,1,0,2,-79.9679,-2.125,0.583013382269444,0.233270604050988,0.952318774351694
"273",273,6,1,6,4.72515472852933,8.01648345919198,3.76092247671133,1,0,3,0,0,3,1,0,1,1,0,1,1,1,90750,1,0,1,-79.967382,-2.124495,0.583013382269444,0.233270604050988,0.952318774351694
"274",274,15,1,15,4.72515472852933,8.01648345919198,3.76092247671133,1,1,2,0,0,3,1,0,0,1,0,1,0,1,10000,1,1,1,-79.9671,-2.12268,0.583013382269444,0.233270604050988,0.952318774351694
"275",275,59,1,59,4.72515472852933,8.01648345919198,3.76092247671133,1,0,6,0,0,3,1,0,0,0,0,1,0,0,9000,1,0,1,-79.967667,-2.126442,0.583013382269444,0.233270604050988,0.952318774351694
"276",276,3,1,3,4.72515472852933,8.01648345919198,3.76092247671133,1,0,3,0,0,3,1,0,0,1,0,1,0,1,157300,0,0,1,-79.967675,-2.126707,0.583013382269444,0.233270604050988,0.952318774351694
"277",277,151,3,50,4.72515472852933,8.01648345919198,3.76092247671133,1,0,1,0,0,3,1,0,0,0,0,1,0,0,398,1,1,3,-79.96689,-2.12126,0,0.583013382269444,0.233270604050988
"278",278,50,1,50,4.72515472852933,8.01648345919198,3.76092247671133,1,0,5,0,0,3,1,0,1,0,0,1,1,0,211750,1,0,1,-79.96852,-2.12098,0.583013382269444,0.233270604050988,0.952318774351694
"279",279,12,1,12,4.72515472852933,8.01648345919198,3.76092247671133,1,1,3,0,0,3,0,0,0,0,0,1,0,0,151250,1,0,1,-79.96822,-2.12081,0,0.583013382269444,0.233270604050988
"280",280,6,1,6,4.72515472852933,8.01648345919198,3.76092247671133,1,2,4,0,0,3,0,0,0,0,0,1,0,0,300,1,1,146,-79.96637,-2.12365,0,0.583013382269444,0.233270604050988
"281",281,2,1,2,5.43767252940815,7.31217390093168,3.14968994096835,1,3,4,0,0,3,1,1,0,0,0,0,0,0,200,1,0,1,-79.95993,-2.10341,1.60000002384185,0.699999988079071,5.73010326115053
"282",282,13,2,6,5.43767252940815,7.31217390093168,3.14968994096835,1,3,2,0,0,3,1,1,0,0,0,0,0,0,175,1,0,69,-79.95993,-2.10341,1.60000002384185,0.699999988079071,5.73010326115053
"283",283,3,1,3,5.43767252940815,7.31217390093168,3.14968994096835,1,0,1,0,0,3,1,1,0,0,1,0,0,0,200,1,1,68,-79.95993,-2.10341,1.60000002384185,0.699999988079071,5.73010326115053
"284",284,18,1,18,5.43767252940815,7.31217390093168,3.14968994096835,1,1,2,1,2,3,1,1,0,0,0,1,0,0,144000,1,0,1,-79.95284,-2.10113,0,0.152180616640319,0
"285",285,31,2,16,5.43767252940815,7.31217390093168,3.14968994096835,1,2,3,0,0,4,1,0,1,1,0,1,1,1,13375,1,0,2,-79.95106,-2.1163,0.152180616640319,0,0.25
"286",286,3,1,3,5.43767252940815,7.31217390093168,3.14968994096835,1,2,2,0,0,3,1,1,0,1,0,0,0,1,121000,1,0,1,-79.9521,-2.10117,0,0.152180616640319,0
"287",287,25,1,25,5.43767252940815,7.31217390093168,3.14968994096835,1,2,8,1,10,4,0,0,0,1,0,1,0,1,2000,0,1,1,-79.95248,-2.10181,0,0.152180616640319,0
"288",288,4,1,4,5.43767252940815,7.31217390093168,3.14968994096835,1,0,2,0,0,3,1,0,1,1,0,1,1,1,288,1,1,1,-79.95038,-2.10139,0.152180616640319,0,0.25
"289",289,26,1,26,5.43767252940815,7.31217390093168,3.14968994096835,1,5,10,0,0,4,1,1,0,1,0,1,0,1,25000,0,0,1,-79.95288,-2.10158,0,0.152180616640319,0
"290",290,70,1,70,8.01324290750779,8.22876636696514,3.97549884249471,1,0,2,1,12,3,1,0,0,1,1,1,0,1,42250,1,1,1,-79.96015,-2.1005,8.37120825987696,0,0
"291",291,31,1,31,8.01324290750779,8.22876636696514,3.97549884249471,1,1,3,1,12,4,1,0,0,0,1,1,0,0,3300,1,1,1,-79.95979,-2.1007,8.37120825987696,0,0
"292",292,8,1,8,8.01324290750779,8.22876636696514,3.97549884249471,1,1,3,1,12,3,1,0,0,0,0,1,0,0,242208,0,0,1,-79.95979,-2.1007,8.37120825987696,0,0
"293",293,32,1,32,8.01324290750779,8.22876636696514,3.97549884249471,0,1,2,1,6,3,1,0,0,0,1,1,0,0,53824,1,0,1,-79.95915,-2.0976,8.37120825987696,0,0
"294",294,4,1,4,8.01324290750779,8.22876636696514,3.97549884249471,1,2,5,0,0,3,1,0,0,0,0,1,0,0,181500,1,0,1,-79.96015,-2.1005,8.37120825987696,0,0
"295",295,13,1,13,8.01324290750779,8.22876636696514,3.97549884249471,1,3,3,1,6,3,1,0,0,0,0,1,0,0,33640,1,0,1,-79.95975,-2.10021,8.37120825987696,0,0
"296",296,5,1,5,8.01324290750779,8.22876636696514,3.97549884249471,1,0,1,1,12,3,1,0,0,0,1,1,0,0,111012,1,0,1,-79.95911,-2.09743,8.37120825987696,0,0
"297",297,1,1,1,8.01324290750779,8.22876636696514,3.97549884249471,1,0,4,1,6,3,1,0,0,0,1,1,0,0,19494,1,0,1,-79.95981,-2.09796,8.37120825987696,0,0
"298",298,18,1,18,8.01324290750779,8.22876636696514,3.97549884249471,1,0,6,1,6,4,1,0,0,0,1,1,0,0,40560,1,0,1,-79.95956,-2.09777,8.37120825987696,0,0
"299",299,2,1,2,8.01324290750779,8.22876636696514,3.97549884249471,1,1,6,1,12,4,1,0,0,0,1,1,0,0,17920,1,0,1,-79.95933,-2.09812,8.37120825987696,0,0
"300",300,7,1,7,8.01324290750779,8.22876636696514,3.97549884249471,1,0,5,1,12,3,1,0,0,0,1,1,0,0,486,0,1,1,-79.95935,-2.09771,8.37120825987696,0,0
"301",301,15,1,15,8.01324290750779,8.22876636696514,3.97549884249471,1,3,4,1,12,4,1,0,1,0,1,1,1,0,75088,1,0,1,-79.9599,-2.10041,8.37120825987696,0,0
"302",302,2,1,2,8.01324290750779,8.22876636696514,3.97549884249471,1,2,2,0,12,3,1,0,0,0,1,1,0,0,205700,0,0,1,-79.95979,-2.1007,8.37120825987696,0,0
"303",303,11,1,11,8.01324290750779,8.22876636696514,3.97549884249471,1,0,2,1,12,3,1,0,0,0,1,1,0,0,144256,1,0,1,-79.95985,-2.1012,8.37120825987696,0,0
"304",304,1,1,1,8.01324290750779,8.22876636696514,3.97549884249471,1,1,2,1,7,3,1,0,0,0,1,1,0,0,1658944,1,1,1,-79.95963,-2.09723,8.37120825987696,0,0
"305",305,94,3,31,8.01324290750779,8.22876636696514,3.97549884249471,1,2,3,1,6,3,1,0,1,0,1,1,1,0,46428,1,0,3,-79.95917,-2.09543,8.37120825987696,0,0
"306",306,14,1,14,8.01324290750779,8.22876636696514,3.97549884249471,1,3,2,1,12,3,1,0,1,0,1,1,1,0,201438,1,0,1,-79.95902,-2.09707,8.37120825987696,0,0
"307",307,10,1,10,8.01324290750779,8.22876636696514,3.97549884249471,1,0,2,1,12,3,1,0,0,0,1,1,0,0,222024,1,0,1,-79.95905,-2.09778,8.37120825987696,0,0
"308",308,9,1,9,8.01324290750779,8.22876636696514,3.97549884249471,0,1,5,1,6,4,1,0,0,0,1,1,0,0,338688,1,0,1,-79.95921,-2.09782,8.37120825987696,0,0
"309",309,36,1,36,8.01324290750779,8.22876636696514,3.97549884249471,1,0,4,1,6,2,0,0,0,0,1,1,0,0,2700,1,0,1,-79.9541,-2.09776,8.37120825987696,0,0
"310",310,3,1,3,4.26349610062846,8.42224863710978,4.01500010490417,1,2,4,0,0,3,0,0,1,0,0,0,1,0,100,1,0,7,-79.92929,-2.0708,26.0500001907348,11.5749998092651,15.625
"311",311,1,1,1,4.26349610062846,8.42224863710978,4.01500010490417,1,2,4,0,0,3,1,0,0,0,0,0,0,0,200,1,0,12,-79.92929,-2.0708,26.0500001907348,11.5749998092651,15.625
"312",312,2,1,2,4.26349610062846,8.42224863710978,4.01500010490417,1,4,4,0,0,3,1,0,0,0,0,0,0,0,600,1,0,146,-79.92929,-2.0708,26.0500001907348,11.5749998092651,15.625
"313",313,2,1,2,4.26349610062846,8.42224863710978,4.01500010490417,1,0,3,0,0,3,1,1,0,0,0,0,0,0,5000,1,0,119,-79.92929,-2.0708,26.0500001907348,11.5749998092651,15.625
"314",314,13,4,3,4.26349610062846,8.42224863710978,4.01500010490417,1,1,4,0,0,3,0,0,0,0,0,0,0,0,1250,1,0,364,-79.92929,-2.0708,26.0500001907348,11.5749998092651,15.625
"315",315,2,1,2,1.69535457832512,8.56544233211112,2.15318552715609,1,1,6,0,0,3,1,1,0,0,0,0,0,0,3,1,1,92,-79.91406,-2.19817,16.5271577741583,0.296036264482842,1.4366146130431
"316",316,1,1,1,1.69535457832512,8.56544233211112,2.15318552715609,1,1,4,0,0,3,1,1,0,0,1,0,0,0,100,1,0,106,-79.91406,-2.19817,16.5271577741583,0.296036264482842,1.4366146130431
"317",317,3,1,3,1.97867957923812,8.01897147889827,2.13272235028847,1,0,3,0,0,3,1,1,0,0,1,0,0,0,0,0,0,68,-79.91934,-2.19131,9.06192692289411,0,0.200000002980232
"318",318,1,1,1,1.97867957923812,8.01897147889827,2.13272235028847,1,3,3,0,0,3,1,1,0,0,1,0,0,0,0,1,1,13,-79.91934,-2.19131,9.06192692289411,0,0.200000002980232
"319",319,1,1,1,1.30178089457795,6.91694671943419,1.93340155367377,1,0,1,0,0,3,1,1,0,0,1,0,0,0,2,1,1,64,-79.91182,-2.12645,20.7028108886981,0.575034102670684,10.7423152365361
"320",320,1,1,1,1.30178089457795,6.91694671943419,1.93340155367377,1,0,1,0,0,3,1,1,0,0,0,0,0,0,0,1,1,1,-79.91182,-2.12645,20.7028108886981,0.575034102670684,10.7423152365361
"321",321,7,1,7,1.30178089457795,6.91694671943419,1.93340155367377,1,0,4,0,0,3,1,1,0,0,1,0,0,0,2,1,0,64,-79.91182,-2.12645,20.7028108886981,0.575034102670684,10.7423152365361
"322",322,5,1,5,1.30178089457795,6.91694671943419,1.93340155367377,1,0,3,0,0,3,1,1,0,0,1,0,0,0,8,1,1,137,-79.91182,-2.12645,20.7028108886981,0.575034102670684,10.7423152365361
"323",323,2,1,2,1.30178089457795,6.91694671943419,1.93340155367377,1,0,2,0,0,3,1,1,0,0,1,0,0,0,3,1,0,92,-79.91182,-2.12645,20.7028108886981,0.575034102670684,10.7423152365361
"324",324,17,1,17,1.30178089457795,6.91694671943419,1.93340155367377,1,1,3,0,0,3,0,0,0,0,1,0,0,0,4,1,0,104,-79.91182,-2.12645,20.7028108886981,0.575034102670684,10.7423152365361
"325",325,1,1,1,1.90186198506436,6.41329115992581,1.70253173164612,1,4,4,0,0,3,1,1,0,0,1,0,0,0,0,1,0,1,-79.91096,-2.11659,3.01619484576651,0.200000002980232,0
"326",326,2,1,2,1.90186198506436,6.41329115992581,1.70253173164612,1,1,4,0,0,4,1,1,0,0,0,0,0,0,272250,1,0,1,-79.91151,-2.12007,0.633647172416335,0.213390913005411,0.989106345578593
"327",327,3,1,3,2.89236080625654,11.1101049440058,2.73366196287756,1,6,7,0,0,3,1,1,0,0,1,1,0,0,191400,0,0,1,-79.87103,-2.25486,0,0.194617777077279,0
"328",328,3,2,2,2.89236080625654,11.1101049440058,2.73366196287756,1,6,8,0,0,3,1,1,0,0,1,1,0,0,70938,1,0,2,-79.8775,-2.2535,0,0.194617777077279,0
"329",329,10,1,10,2.89236080625654,11.1101049440058,2.73366196287756,1,5,2,0,0,3,1,1,0,0,1,1,0,0,3500,1,1,1,-79.87052,-2.25582,0,0.194617777077279,0
"330",330,2,1,2,2.89236080625654,11.1101049440058,2.73366196287756,1,1,6,0,0,3,1,1,0,0,1,1,0,0,13500,1,0,1,-79.8776,-2.2536,0,0.194617777077279,0
"331",331,2,1,2,2.89236080625654,11.1101049440058,2.73366196287756,1,4,6,0,0,3,1,1,0,0,1,1,0,0,10800,1,0,1,-79.87451,-2.25599,0,0.194617777077279,0
"332",332,3,1,3,2.89236080625654,11.1101049440058,2.73366196287756,1,2,1,0,0,3,1,1,0,0,1,1,0,0,2160,1,1,1,-79.8753,-2.25325,0,0.194617777077279,0
"333",333,7,2,4,2.89236080625654,11.1101049440058,2.73366196287756,1,1,6,0,0,3,1,1,0,0,1,1,0,0,153966,1,0,2,-79.87359,-2.25567,0,0.194617777077279,0
"334",334,2,1,2,2.89236080625654,11.1101049440058,2.73366196287756,1,3,2,0,0,3,1,1,0,0,1,1,0,0,332196,1,0,1,-79.87098,-2.25541,0,0.194617777077279,0
"335",335,7,1,7,3.05576596059071,9.66866234585197,3.12613372136461,1,2,2,1,12,3,1,1,1,0,1,1,1,0,282576,1,0,1,-79.93621,-2.22541,0,0,0
"336",336,74,1,74,3.05576596059071,9.66866234585197,3.12613372136461,1,0,2,1,12,3,1,1,0,0,0,0,0,0,51984,1,0,1,-79.93308,-2.22778,0,0,0
"337",337,10,1,10,3.05576596059071,9.66866234585197,3.12613372136461,1,2,4,1,12,3,1,1,1,0,1,1,1,0,427128,1,1,1,-79.93612,-2.22749,0,0,0
"338",338,7,1,7,3.05576596059071,9.66866234585197,3.12613372136461,1,2,2,1,12,3,1,1,0,0,1,0,0,0,168200,0,0,1,-79.93314,-2.22913,0,0,0
"339",339,7,1,7,3.05576596059071,9.66866234585197,3.12613372136461,1,2,3,1,8,3,1,1,1,0,0,0,1,0,980,0,0,1,-79.93264,-2.22829,0,0,0
"340",340,64,1,64,3.05576596059071,9.66866234585197,3.12613372136461,1,0,5,1,12,3,1,1,0,0,1,1,0,0,99225,1,0,1,-79.93763,-2.22461,0,0,0
"341",341,16,1,16,3.05576596059071,9.66866234585197,3.12613372136461,1,0,4,1,24,3,1,1,0,0,1,0,0,0,99405,0,0,1,-79.93333,-2.22308,0,0,0
"342",342,2,1,2,3.05576596059071,9.66866234585197,3.12613372136461,1,0,4,1,8,3,1,1,0,0,0,0,0,0,64980,0,0,1,-79.93264,-2.22826,0,0,0
"343",343,20,1,20,3.05576596059071,9.66866234585197,3.12613372136461,1,1,2,1,8,3,1,0,0,0,0,0,0,0,640,0,0,1,-79.93468,-2.22916,0,0,0
"344",344,7,1,7,3.05576596059071,9.66866234585197,3.12613372136461,1,1,4,1,24,3,0,1,0,0,1,1,0,0,243670,0,0,146,-79.93256,-2.22713,0,0,0
"345",345,1,1,1,4.5129667329803,12.0432028297905,2.33082812769545,1,2,3,0,0,3,1,1,0,0,1,1,0,0,200,1,1,68,-79.91574,-2.24302,40.5392356078982,18.3916150567124,13.1224641646427
"346",346,21,1,21,3.38194376451146,9.86438358496103,3.59519471917341,1,0,1,1,6,4,1,1,1,0,1,1,1,0,255664,1,0,1,-79.88506,-2.26695,0,0,0
"347",347,6,1,6,3.38194376451146,9.86438358496103,3.59519471917341,1,2,12,0,0,3,1,1,0,1,1,0,0,1,80000,1,0,1,-79.88475,-2.26762,0,2.51184126729227,0.938179418578818
"348",348,47,1,47,3.38194376451146,9.86438358496103,3.59519471917341,1,2,7,0,0,4,1,1,1,1,1,0,1,1,6000,1,0,1,-79.88132,-2.26745,2.51184126729227,0.938179418578818,2.28072195316653
"349",349,56,1,56,3.38194376451146,9.86438358496103,3.59519471917341,1,0,2,1,24,3,1,1,0,0,1,0,0,0,54925,1,1,1,-79.88586,-2.2671,0,0,0
"350",350,2,1,2,3.38194376451146,9.86438358496103,3.59519471917341,1,1,3,0,3,2,1,1,0,0,0,0,0,0,288000,1,0,146,-79.8789,-2.26599,0,1.39999997615814,0
"351",351,4,1,4,3.38194376451146,9.86438358496103,3.59519471917341,1,1,4,0,0,4,0,1,0,0,0,1,0,0,2500,1,1,1,-79.87993,-2.26678,0,2.51184126729227,0.938179418578818
"352",352,5,1,5,3.38194376451146,9.86438358496103,3.59519471917341,1,1,4,0,0,3,1,1,0,1,1,0,0,1,75,1,1,1,-79.88044,-2.26676,0,2.51184126729227,0.938179418578818
"353",353,73,1,73,3.38194376451146,9.86438358496103,3.59519471917341,1,0,5,0,0,4,1,1,1,1,1,1,1,1,1500,1,1,1,-79.88716,-2.26776,0,2.51184126729227,0.938179418578818
"354",354,14,1,14,3.38194376451146,9.86438358496103,3.59519471917341,1,0,1,0,0,4,1,1,1,1,1,1,1,1,50000,1,0,1,-79.88721,-2.26822,0,2.51184126729227,0.938179418578818
"355",355,1,1,1,3.38194376451146,9.86438358496103,3.59519471917341,1,2,5,0,0,3,0,1,0,1,1,0,0,1,1250,1,1,1,-79.88318,-2.26743,0,2.51184126729227,0.938179418578818
"356",356,6,1,6,3.38194376451146,9.86438358496103,3.59519471917341,1,3,4,0,0,4,1,1,0,1,1,1,0,1,3000,1,1,1,-79.88004,-2.26774,2.51184126729227,0.938179418578818,2.28072195316653
"357",357,2,1,2,3.38194376451146,9.86438358496103,3.59519471917341,1,1,5,0,0,3,0,1,1,1,1,1,1,1,1200,1,1,1,-79.8848,-2.26765,0,2.51184126729227,0.938179418578818
"358",358,1,1,1,3.38194376451146,9.86438358496103,3.59519471917341,1,2,2,0,0,4,1,1,0,1,1,1,0,1,101250,1,0,1,-79.8795,-2.26675,0,2.51184126729227,0.938179418578818
"359",359,1,1,1,3.38194376451146,9.86438358496103,3.59519471917341,1,1,3,0,2,2,1,1,0,1,0,0,0,1,216000,1,0,146,-79.8789,-2.26599,0,1.39999997615814,0
"360",360,37,1,37,3.38194376451146,9.86438358496103,3.59519471917341,1,2,3,0,0,3,1,1,1,1,1,0,1,1,8000,1,1,1,-79.88387,-2.26822,2.51184126729227,0.938179418578818,2.28072195316653
"361",361,3,1,3,3.38194376451146,9.86438358496103,3.59519471917341,1,1,3,0,0,4,1,1,1,1,1,0,1,1,10000,1,1,1,-79.88303,-2.26746,0,2.51184126729227,0.938179418578818
"362",362,48,3,16,3.38194376451146,9.86438358496103,3.59519471917341,1,0,4,0,0,4,1,1,1,1,1,1,1,1,66799,1,0,3,-79.88112,-2.26751,0,2.51184126729227,0.938179418578818
"363",363,2,1,2,3.38194376451146,9.86438358496103,3.59519471917341,1,1,5,1,12,3,1,1,0,0,1,0,0,0,810,0,0,1,-79.88673,-2.26936,0,0,0
"364",364,39,1,39,3.38194376451146,9.86438358496103,3.59519471917341,1,2,3,0,0,3,1,1,1,1,1,1,1,1,12000,1,1,1,-79.88721,-2.26798,0,2.51184126729227,0.938179418578818
"365",365,12,1,12,3.38194376451146,9.86438358496103,3.59519471917341,1,3,5,0,0,3,1,1,0,0,0,0,0,0,1012.5,1,1,1,-79.8889,-2.26823,0,2.51184126729227,0.938179418578818
"366",366,35,1,35,3.38194376451146,9.86438358496103,3.59519471917341,1,0,4,1,12,4,1,1,1,0,1,1,1,0,204687,1,0,1,-79.88726,-2.26845,0,0,0
"367",367,1,1,1,3.38194376451146,9.86438358496103,3.59519471917341,1,1,2,0,0,2,1,1,0,1,0,0,0,1,0,1,0,116,-79.8789,-2.26599,0,1.39999997615814,0
"368",368,13,1,13,3.38194376451146,9.86438358496103,3.59519471917341,1,2,5,0,0,3,1,1,0,1,0,1,0,1,14850,1,0,1,-79.87861,-2.26724,2.51184126729227,0.938179418578818,2.28072195316653
"369",369,7,1,7,3.38194376451146,9.86438358496103,3.59519471917341,1,1,4,0,0,4,1,1,1,1,1,1,1,1,375,1,1,1,-79.88645,-2.26582,2.51184126729227,0.938179418578818,2.28072195316653
"370",370,3,1,3,3.38194376451146,9.86438358496103,3.59519471917341,1,2,4,0,0,2,1,0,0,0,0,0,0,0,0,1,0,146,-79.8789,-2.26599,0,1.39999997615814,0
"371",371,76,1,76,3.38194376451146,9.86438358496103,3.59519471917341,1,0,2,0,24,7,0,0,0,0,1,1,0,0,2178,1,1,1,-79.87811,-2.26591,0,0,0
"372",372,2,1,2,3.38194376451146,9.86438358496103,3.59519471917341,1,0,4,1,7,4,0,1,0,0,1,0,0,0,124800,0,0,1,-79.87976,-2.26622,0,0,0
"373",373,3,1,3,3.38194376451146,9.86438358496103,3.59519471917341,1,4,5,0,0,4,1,1,0,1,1,1,0,1,25000,1,1,1,-79.88308,-2.26736,0,2.51184126729227,0.938179418578818
"374",374,5,1,5,3.38194376451146,9.86438358496103,3.59519471917341,1,1,4,1,12,3,1,1,0,0,1,1,0,0,134560,1,0,1,-79.88567,-2.26922,0,0,0
"375",375,24,1,24,3.38194376451146,9.86438358496103,3.59519471917341,1,1,6,0,0,3,1,1,1,0,0,1,1,0,49,1,1,1,-79.88422,-2.26809,2.51184126729227,0.938179418578818,2.28072195316653
"376",376,3,1,3,3.38194376451146,9.86438358496103,3.59519471917341,1,1,3,0,0,3,1,1,1,0,0,1,1,0,3000,1,1,1,-79.8808,-2.26766,2.51184126729227,0.938179418578818,2.28072195316653
"377",377,2,1,2,3.38194376451146,9.86438358496103,3.59519471917341,1,2,6,0,24,3,1,1,0,0,1,1,0,0,72000,0,0,1,-79.87934,-2.26618,0,0,0
"378",378,9,1,9,3.38194376451146,9.86438358496103,3.59519471917341,1,0,2,1,12,4,1,1,0,0,1,1,0,0,97470,0,0,1,-79.88697,-2.26935,0,0,0
"379",379,1,1,1,4.37835114123469,12.4410306988476,4.13795262983151,1,2,5,0,0,3,1,1,1,1,1,0,1,1,500,1,0,1,-79.87628,-2.26674,20.7015761699939,1.43693079913687,1.53347362987473
"380",380,13,2,6,4.37835114123469,12.4410306988476,4.13795262983151,1,2,3,0,0,3,1,1,1,0,0,1,1,0,136125,0,0,2,-79.87605,-2.27052,0.198422139705372,1.39892233149729,0.387048583310382
"381",381,5,2,2,4.37835114123469,12.4410306988476,4.13795262983151,1,2,4,0,0,3,1,1,1,0,0,1,1,0,96125,0,0,2,-79.87608,-2.27067,0.198422139705372,1.39892233149729,0.387048583310382
"382",382,52,1,52,4.37835114123469,12.4410306988476,4.13795262983151,1,1,6,0,0,3,1,1,1,0,0,1,1,0,250000,1,0,1,-79.57524,-2.26836,6.39449382376612,0.198422139705372,1.39892233149729
"383",383,11,1,11,4.37835114123469,12.4410306988476,4.13795262983151,1,0,2,1,24,7,1,1,1,1,0,1,1,1,400,1,1,1,-79.87714,-2.26216,1.39892233149729,0.387048583310382,20.7015761699939
"384",384,1,1,1,4.37835114123469,12.4410306988476,4.13795262983151,1,6,3,0,0,6,1,1,0,0,0,1,0,0,242000,1,1,1,-79.87659,-2.26694,0.198422139705372,1.39892233149729,0.387048583310382
"385",385,1,1,1,4.37835114123469,12.4410306988476,4.13795262983151,1,2,3,1,0,3,1,1,0,1,1,1,0,1,2000,1,1,1,-79.14824,-2.26592,0.198422139705372,1.39892233149729,0.387048583310382
"386",386,26,2,13,4.37835114123469,12.4410306988476,4.13795262983151,1,1,3,0,0,3,1,1,1,1,1,1,1,1,26000,1,1,24,-79.87652,-2.2621,20.7015761699939,1.43693079913687,1.53347362987473
"387",387,59,3,20,4.37835114123469,12.4410306988476,4.13795262983151,1,1,5,0,0,3,1,1,0,0,0,1,0,0,87000,1,0,3,-79.14824,-2.26672,0.198422139705372,1.39892233149729,0.387048583310382
"388",388,2,1,2,4.37835114123469,12.4410306988476,4.13795262983151,1,2,3,0,0,3,1,1,0,0,0,1,0,0,200,1,1,1,-79.87493,-2.26833,6.39449382376612,0.198422139705372,1.39892233149729
"389",389,1,1,1,4.37835114123469,12.4410306988476,4.13795262983151,1,0,3,0,0,3,1,1,1,1,1,1,1,1,4800,1,1,1,999999,999999,20.7015761699939,1.43693079913687,1.53347362987473
"390",390,1,1,1,4.37835114123469,12.4410306988476,4.13795262983151,1,3,4,0,0,3,1,1,1,0,1,1,1,0,1200000,1,0,1,-79.87581,-2.26434,20.7015761699939,1.43693079913687,1.53347362987473
"391",391,42,1,42,4.37835114123469,12.4410306988476,4.13795262983151,1,1,2,0,0,3,1,1,1,1,1,1,1,1,36000,1,1,1,-79.87555,-2.269085,6.39449382376612,0.198422139705372,1.39892233149729
"392",392,1,1,1,4.37835114123469,12.4410306988476,4.13795262983151,1,1,5,0,0,3,1,1,1,1,1,1,1,1,45,1,1,1,-79.87659,-2.26386,20.7015761699939,1.43693079913687,1.53347362987473
"393",393,3,1,3,4.37835114123469,12.4410306988476,4.13795262983151,1,1,3,0,0,3,1,1,1,1,1,1,1,1,90000,1,1,1,-79.87644,-2.2648,20.7015761699939,1.43693079913687,1.53347362987473
